ticket_id,created_at,resolved_at,status,channel,customer_id,order_id,resolved_order_id,order_match_status,product_sku,category,priority,assigned_team,agent_id,transfers,csat_score,refund_amount_raw,refund_amount_inr_normalized,refund_reason_code,replacement_issued,source_system,canonical_source,is_duplicate,reconciliation_status,reconciliation_reason
TK-240003,2025-01-01 19:04,2025-01-04 02:53,resolved,email,C102158,VR886967,VR886967,quoted_valid,VA-HP-ST2,Warranty & Repair,High,Escalations & Warranty,A3040,0,4.0,900.0,900.0,GW-OTHER,N,helpdesk,helpdesk,True,reconciled_migration_pair,rule1_verified_migration_duplicate_helpdesk_selected
TK-240009,2025-01-01 20:48,2025-01-01 21:10,resolved,chat,C100956,,VR896352,fallback_single,VA-EB-PL1,Other,Normal,Chat Frontline,A3009,0,5.0,2124.0,2124.0,CANCEL,N,helpdesk,helpdesk,True,reconciled_migration_pair,rule1_verified_migration_duplicate_helpdesk_selected
TK-240015,2025-01-02 12:35,2025-01-04 13:49,resolved,email,C104773,VR895522,VR895522,quoted_valid,VA-EB-AIR,Returns & Refunds,Low,Returns Desk,A3037,0,3.0,170900.0,1709.0,GW-OTHER,N,legacy_fd,legacy_fd,False,unique_record,rule2_single_source_record
TK-240016,2025-01-02 13:41,2025-01-02 14:45,resolved,email,C103696,VR897275,VR897275,quoted_valid,VA-EB-AIR,Connectivity,Normal,Email Frontline,A3018,0,,34200.0,342.0,WTY-BUYBACK,N,legacy_fd,legacy_fd,False,unique_record,rule2_single_source_record
TK-240023,2025-01-02 21:37,2025-01-04 02:47,resolved,voice,C106269,VR892299,VR892299,quoted_valid,VA-EB-AIR,Warranty & Repair,Low,Escalations & Warranty,A3039,0,,28800.0,288.0,GW-OTHER,N,legacy_fd,legacy_fd,False,unique_record,rule2_single_source_record
TK-240026,2025-01-03 10:39,2025-01-03 10:58,closed,chat,C103080,VR904622,VR904622,quoted_valid,VA-SW-NX1,Billing & Payments,High,Billing,A3032,0,,399900.0,3999.0,GW-OTHER,N,legacy_fd,legacy_fd,False,unique_record,rule2_single_source_record
TK-240028,2025-01-03 11:42,2025-01-03 13:19,closed,voice,C100455,VR888855,VR888855,quoted_valid,VA-EB-PL1,Returns & Refunds,High,Returns Desk,A3037,0,4.0,249900.0,2499.0,GW-OTHER,N,legacy_fd,legacy_fd,False,unique_record,rule2_single_source_record
TK-240031,2025-01-03 11:55,2025-01-03 14:08,resolved,email,C100322,,VR908646,fallback_single,VA-HP-ST3,Billing & Payments,High,Billing,A3033,0,4.0,699900.0,6999.0,DUP-PAYMENT,N,legacy_fd,legacy_fd,False,unique_record,rule2_single_source_record
TK-240046,2025-01-04 12:58,2025-01-04 21:48,resolved,email,C106933,,VR902705,fallback_single,VA-EB-PL1,Charging & Battery,Low,Email Frontline,A3018,0,3.0,20000.0,200.0,GW-OTHER,N,legacy_fd,legacy_fd,False,unique_record,rule2_single_source_record
TK-240050,2025-01-04 23:36,2025-01-06 00:23,resolved,chat,C102579,VR890106,VR890106,quoted_valid,VA-EB-AIR,Returns & Refunds,Normal,Returns Desk,A3031,1,3.0,179900.0,1799.0,DOA-REPL,Y,legacy_fd,legacy_fd,False,unique_record,rule2_single_source_record
TK-240060,2025-01-05 21:07,2025-01-05 23:12,resolved,email,C101467,VR902363,VR902363,quoted_valid,VA-SP-ORB,Billing & Payments,High,Billing,A3020,1,4.0,539900.0,5399.0,DUP-PAYMENT,N,legacy_fd,legacy_fd,False,unique_record,rule2_single_source_record
TK-240061,2025-01-05 22:07,2025-01-07 02:17,resolved,social,C107566,VR884038,VR884038,quoted_valid,VA-EB-AIR,Returns & Refunds,Normal,Returns Desk,A3037,0,2.0,85400.0,854.0,RETURN-QC-OK,N,legacy_fd,legacy_fd,False,unique_record,rule2_single_source_record
TK-240069,2025-01-06 16:49,2025-01-06 17:55,resolved,social,C102093,VR903797,VR903797,quoted_valid,VA-EB-AIR,Billing & Payments,High,Billing,A3035,0,5.0,179900.0,1799.0,DUP-PAYMENT,N,legacy_fd,legacy_fd,False,unique_record,rule2_single_source_record
TK-240089,2025-01-08 00:44,2025-01-08 01:04,resolved,chat,C103912,VR881495,VR881495,quoted_valid,VA-EB-PL1,Delivery & Shipping,Normal,Logistics,A3029,0,5.0,249900.0,2499.0,GW-OTHER,N,legacy_fd,legacy_fd,False,unique_record,rule2_single_source_record
TK-240091,2025-01-08 08:11,2025-01-08 10:09,closed,email,C107204,,VR908190,fallback_single,VA-SP-ORB,Billing & Payments,High,Billing,A3034,0,3.0,600.0,600.0,DUP-PAYMENT,N,helpdesk,helpdesk,True,reconciled_migration_pair,rule1_verified_migration_duplicate_helpdesk_selected
TK-240100,2025-01-08 17:32,2025-01-10 02:07,closed,email,C108017,,VR895170,fallback_single,VA-EB-AIR,Billing & Payments,High,Billing,A3032,0,,161900.0,1619.0,RETURN-QC-OK,N,legacy_fd,legacy_fd,False,unique_record,rule2_single_source_record
TK-240102,2025-01-08 19:39,2025-01-08 20:08,resolved,chat,C103196,VR889118,VR889118,quoted_valid,VA-EB-PL1,Returns & Refunds,Normal,Returns Desk,A3036,0,3.0,31900.0,319.0,RETURN-QC-OK,N,legacy_fd,legacy_fd,False,unique_record,rule2_single_source_record
TK-240106,2025-01-08 21:19,2025-01-08 22:55,resolved,email,C100543,,VR907895,fallback_single,VA-SW-FIT,Billing & Payments,High,Billing,A3032,0,,100000.0,1000.0,DUP-PAYMENT,N,legacy_fd,legacy_fd,False,unique_record,rule2_single_source_record
TK-240109,2025-01-09 08:30,2025-01-12 09:00,closed,chat,C104018,VR904257,VR904257,quoted_valid,VA-SW-FIT,Delivery & Shipping,Normal,Logistics,A3028,0,,159900.0,1599.0,RETURN-QC-OK,N,legacy_fd,legacy_fd,False,unique_record,rule2_single_source_record
TK-240111,2025-01-09 11:23,2025-01-09 17:04,resolved,email,C105840,VR886372,VR886372,quoted_valid,VA-NB-ARC,Audio Quality,High,Email Frontline,A3018,0,5.0,129900.0,1299.0,DOA-REPL,N,legacy_fd,legacy_fd,False,unique_record,rule2_single_source_record
TK-240117,2025-01-09 17:53,2025-01-12 20:55,resolved,voice,C108964,,VR909167,fallback_single,VA-HP-ST3,Returns & Refunds,Normal,Returns Desk,A3036,0,3.0,140000.0,1400.0,GW-OTHER,N,legacy_fd,legacy_fd,False,unique_record,rule2_single_source_record
TK-240120,2025-01-09 18:33,2025-01-10 19:21,resolved,social,C101770,,VR908355,fallback_single,VA-HP-ST3,Returns & Refunds,Normal,Returns Desk,A3036,0,,1329800.0,13298.0,GW-OTHER,N,legacy_fd,legacy_fd,False,unique_record,rule2_single_source_record
TK-240121,2025-01-09 19:09,2025-01-09 19:22,resolved,chat,C104793,VR882961,VR882961,quoted_valid,VA-SW-FIT,Delivery & Shipping,High,Logistics,A3010,1,,1999.0,1999.0,CANCEL,N,helpdesk,helpdesk,True,reconciled_migration_pair,rule1_verified_migration_duplicate_helpdesk_selected
TK-240134,2025-01-10 21:01,2025-01-13 18:43,resolved,email,C108635,VR889219,VR889219,quoted_valid,VA-EB-PL1,Returns & Refunds,Normal,Returns Desk,A3036,0,2.0,1999.0,1999.0,RETURN-QC-OK,N,helpdesk,helpdesk,True,reconciled_migration_pair,rule1_verified_migration_duplicate_helpdesk_selected
TK-240135,2025-01-10 22:50,2025-01-11 00:49,resolved,email,C105526,,VR907353,fallback_single,VA-EB-AIR,Returns & Refunds,Normal,Returns Desk,A3037,0,,179900.0,1799.0,RETURN-QC-OK,N,legacy_fd,legacy_fd,False,unique_record,rule2_single_source_record
TK-240138,2025-01-11 01:01,2025-01-11 01:17,closed,chat,C102761,,VR892256,fallback_single,VA-EB-PL1,Delivery & Shipping,Normal,Logistics,A3031,0,4.0,199900.0,1999.0,GW-OTHER,N,legacy_fd,legacy_fd,False,unique_record,rule2_single_source_record
TK-240146,2025-01-11 21:18,2025-01-14 00:09,resolved,email,C107653,VR880913,VR880913,quoted_valid,VA-HP-ST3,Returns & Refunds,Normal,Returns Desk,A3037,0,4.0,699900.0,6999.0,GW-OTHER,N,legacy_fd,legacy_fd,False,unique_record,rule2_single_source_record
TK-240148,2025-01-12 12:55,2025-01-20 14:40,resolved,social,C106341,,VR885255,fallback_single,VA-EB-PL1,Warranty & Repair,Normal,Escalations & Warranty,A3039,0,,2499.0,2499.0,GW-OTHER,N,helpdesk,helpdesk,True,reconciled_migration_pair,rule1_verified_migration_duplicate_helpdesk_selected
TK-240154,2025-01-12 20:15,,open,chat,C106035,VR896565,VR896565,quoted_valid,VA-SW-FIT,Other,Normal,Chat Frontline,A3005,0,,24000.0,240.0,CANCEL,N,legacy_fd,legacy_fd,False,unique_record,rule2_single_source_record
TK-240157,2025-01-12 23:21,2025-01-12 23:40,resolved,chat,C103306,VR898288,VR898288,quoted_valid,VA-EB-PL1,Audio Quality,Normal,Chat Frontline,A3003,0,4.0,249900.0,2499.0,WTY-BUYBACK,N,legacy_fd,legacy_fd,False,unique_record,rule2_single_source_record
TK-240163,2025-01-13 10:25,2025-01-13 12:38,resolved,email,C101851,VR888718,VR888718,quoted_valid,VA-EB-AIR,Delivery & Shipping,Normal,Logistics,A3031,0,,179900.0,1799.0,CANCEL,N,legacy_fd,legacy_fd,False,unique_record,rule2_single_source_record
TK-240177,2025-01-14 08:33,2025-01-14 09:00,resolved,chat,C100972,,VR891987,fallback_single,VA-EB-PL1,Billing & Payments,High,Billing,A3032,0,,25000.0,250.0,DUP-PAYMENT,N,legacy_fd,legacy_fd,False,unique_record,rule2_single_source_record
TK-240194,2025-01-15 17:30,2025-01-15 17:50,resolved,chat,C108831,VR885140,VR885140,quoted_valid,VA-EB-PL1,Other,Normal,Chat Frontline,A3005,0,,125000.0,1250.0,DUP-PAYMENT,N,legacy_fd,legacy_fd,False,unique_record,rule2_single_source_record
TK-240201,2025-01-16 07:47,2025-01-17 08:13,resolved,chat,C101635,VR898527,VR898527,quoted_valid,VA-HP-ST3,Billing & Payments,High,Billing,A3034,0,,70000.0,700.0,RETURN-QC-OK,N,legacy_fd,legacy_fd,False,unique_record,rule2_single_source_record
TK-240216,2025-01-16 21:23,2025-01-17 08:27,resolved,email,C104593,VR906849,VR906849,quoted_valid,VA-EB-PL1,Billing & Payments,High,Billing,A3034,0,3.0,499800.0,4998.0,DUP-PAYMENT,N,legacy_fd,legacy_fd,False,unique_record,rule2_single_source_record
TK-240226,2025-01-17 11:55,2025-01-19 12:11,resolved,chat,C101853,VR880521,VR880521,quoted_valid,VA-HP-ST2,Returns & Refunds,Normal,Returns Desk,A3038,0,4.0,4999.0,4999.0,GW-OTHER,N,helpdesk,helpdesk,True,reconciled_migration_pair,rule1_verified_migration_duplicate_helpdesk_selected
TK-240242,2025-01-18 13:14,2025-01-18 13:52,resolved,chat,C103306,,VR898288,fallback_single,VA-EB-PL1,Other,Normal,Chat Frontline,A3007,0,,249900.0,2499.0,GW-OTHER,N,legacy_fd,legacy_fd,False,unique_record,rule2_single_source_record
TK-240246,2025-01-18 21:22,2025-01-19 04:10,resolved,email,C107516,VR891404,VR891404,quoted_valid,VA-AC-CBL,Billing & Payments,Normal,Billing,A3034,0,,80.0,80.0,GW-OTHER,N,helpdesk,helpdesk,True,reconciled_migration_pair,rule1_verified_migration_duplicate_helpdesk_selected
TK-240247,2025-01-18 21:54,2025-01-21 00:37,resolved,email,C103582,VR904442,VR904442,quoted_valid,VA-AC-CH65,Billing & Payments,Normal,Billing,A3032,0,,67400.0,674.0,GW-OTHER,N,legacy_fd,legacy_fd,False,unique_record,rule2_single_source_record
TK-240256,2025-01-19 22:18,2025-01-19 22:54,resolved,chat,C105671,VR881590,VR881590,quoted_valid,VA-HP-ST3,Billing & Payments,Normal,Billing,A3032,0,,66500.0,665.0,DUP-PAYMENT,N,legacy_fd,legacy_fd,False,unique_record,rule2_single_source_record
TK-240258,2025-01-20 07:22,2025-01-20 08:12,resolved,chat,C101969,,VR908452,fallback_single,VA-HP-ST2,Audio Quality,Normal,Chat Frontline,A3006,0,,424900.0,4249.0,DOA-REPL,Y,legacy_fd,legacy_fd,False,unique_record,rule2_single_source_record
TK-240262,2025-01-20 19:47,2025-01-25 20:27,resolved,chat,C108107,VR890611,VR890611,quoted_valid,VA-HP-ST2,Delivery & Shipping,Normal,Logistics,A3030,0,5.0,399900.0,3999.0,GW-OTHER,N,legacy_fd,legacy_fd,False,unique_record,rule2_single_source_record
TK-240263,2025-01-21 04:06,2025-01-22 04:32,resolved,chat,C105736,,VR898229,fallback_single,VA-AC-CBL,Delivery & Shipping,Normal,Logistics,A3029,0,,71800.0,718.0,GW-OTHER,N,legacy_fd,legacy_fd,False,unique_record,rule2_single_source_record
TK-240272,2025-01-21 21:44,2025-01-24 03:22,resolved,email,C100543,VR907895,VR907895,quoted_valid,VA-SW-FIT,Returns & Refunds,Normal,Returns Desk,A3037,0,5.0,20000.0,200.0,RETURN-QC-OK,N,legacy_fd,legacy_fd,False,unique_record,rule2_single_source_record
TK-240279,2025-01-22 12:18,2025-01-22 13:36,resolved,email,C106216,,,ambiguous,VA-EB-AIR,Other,Low,Email Frontline,A3022,0,,179900.0,1799.0,GW-OTHER,N,legacy_fd,legacy_fd,False,unique_record,rule2_single_source_record
TK-240285,2025-01-23 06:59,2025-01-23 09:01,resolved,email,C104277,,VR907947,fallback_single,VA-SP-ORB,Billing & Payments,Normal,Billing,A3032,0,3.0,479900.0,4799.0,DUP-PAYMENT,N,legacy_fd,legacy_fd,False,unique_record,rule2_single_source_record
TK-240307,2025-01-25 11:19,2025-01-25 12:13,resolved,voice,C104340,,VR889775,fallback_single,VA-HP-ST2,Other,Normal,Voice Frontline,A3023,0,,899800.0,8998.0,GW-OTHER,N,legacy_fd,legacy_fd,False,unique_record,rule2_single_source_record
TK-240311,2025-01-25 14:55,2025-01-25 15:18,resolved,chat,C106374,VR899062,VR899062,quoted_valid,VA-EB-AIR,Other,Normal,Chat Frontline,A3015,0,,28800.0,288.0,GW-OTHER,N,legacy_fd,legacy_fd,False,unique_record,rule2_single_source_record
TK-240320,2025-01-26 18:44,2025-01-26 23:16,resolved,email,C103944,VR881385,VR881385,quoted_valid,VA-EB-AIR,Audio Quality,Normal,Email Frontline,A3002,0,3.0,179900.0,1799.0,GW-OTHER,N,legacy_fd,legacy_fd,False,unique_record,rule2_single_source_record
TK-240328,2025-01-27 15:54,2025-01-28 16:55,resolved,email,C104018,VR904257,VR904257,quoted_valid,VA-SW-FIT,Returns & Refunds,Normal,Returns Desk,A3022,2,,1599.0,1599.0,GW-OTHER,N,helpdesk,helpdesk,True,reconciled_migration_pair,rule1_verified_migration_duplicate_helpdesk_selected
TK-240338,2025-01-28 14:50,2025-01-29 00:06,closed,email,C105498,VR897379,VR897379,quoted_valid,VA-AC-CBL,Returns & Refunds,Normal,Returns Desk,A3037,0,,17000.0,170.0,GW-OTHER,N,legacy_fd,legacy_fd,False,unique_record,rule2_single_source_record
TK-240353,2025-01-29 12:16,2025-01-29 12:33,resolved,chat,C101145,VR901128,VR901128,quoted_valid,VA-SW-NX2,Other,Normal,Chat Frontline,A3010,0,4.0,617400.0,6174.0,CANCEL,N,legacy_fd,legacy_fd,False,unique_record,rule2_single_source_record
TK-240354,2025-01-29 12:31,2025-01-29 13:03,resolved,email,C103656,VR896770,VR896770,quoted_valid,VA-EB-PL1,Other,Normal,Email Frontline,A3019,0,4.0,4248.0,4248.0,GW-OTHER,N,helpdesk,helpdesk,True,reconciled_migration_pair,rule1_verified_migration_duplicate_helpdesk_selected
TK-240357,2025-01-29 14:20,2025-01-31 15:12,resolved,voice,C107743,,VR898834,fallback_single,VA-EB-PL1,Returns & Refunds,Normal,Returns Desk,A3036,0,4.0,199900.0,1999.0,RETURN-QC-OK,N,legacy_fd,legacy_fd,False,unique_record,rule2_single_source_record
TK-240359,2025-01-29 15:08,2025-01-29 15:42,resolved,chat,C108446,VR887497,VR887497,quoted_valid,VA-AC-CH65,Returns & Refunds,High,Returns Desk,A3036,0,3.0,22500.0,225.0,RETURN-QC-OK,N,legacy_fd,legacy_fd,False,unique_record,rule2_single_source_record
TK-240360,2025-01-29 19:43,2025-01-29 20:41,resolved,social,C106975,VR885685,VR885685,quoted_valid,VA-HP-ST3,Other,Normal,Chat Frontline,A3008,0,,664900.0,6649.0,CANCEL,N,legacy_fd,legacy_fd,False,unique_record,rule2_single_source_record
TK-240368,2025-01-30 10:44,2025-01-30 13:02,resolved,social,C103991,VR903164,VR903164,quoted_valid,VA-AC-CH65,Other,Normal,Chat Frontline,A3013,0,3.0,27000.0,270.0,CANCEL,N,legacy_fd,legacy_fd,False,unique_record,rule2_single_source_record
TK-240381,2025-01-31 18:10,2025-01-31 18:26,resolved,chat,C106563,VR906319,VR906319,quoted_valid,VA-EB-PL1,Billing & Payments,High,Billing,A3035,0,5.0,237400.0,2374.0,GW-OTHER,N,legacy_fd,legacy_fd,False,unique_record,rule2_single_source_record
TK-240384,2025-02-01 10:35,2025-02-01 11:20,resolved,voice,C108534,,VR889694,fallback_single,VA-SW-FIT,Other,High,Voice Frontline,A3023,0,2.0,90000.0,900.0,DUP-PAYMENT,N,legacy_fd,legacy_fd,False,unique_record,rule2_single_source_record
TK-240399,2025-02-02 05:57,2025-02-02 06:38,resolved,chat,C106269,VR892299,VR892299,quoted_valid,VA-EB-AIR,Billing & Payments,High,Billing,A3032,0,,143900.0,1439.0,DUP-PAYMENT,N,legacy_fd,legacy_fd,False,unique_record,rule2_single_source_record
TK-240409,2025-02-02 22:54,2025-02-02 23:10,closed,chat,C108211,VR886555,VR886555,quoted_valid,VA-EB-AIR,Other,Normal,Chat Frontline,A3016,0,5.0,170900.0,1709.0,CANCEL,N,legacy_fd,legacy_fd,False,unique_record,rule2_single_source_record
TK-240415,2025-02-03 10:10,2025-02-03 11:50,closed,social,C107923,VR889404,VR889404,quoted_valid,VA-EB-PL1,Product Enquiry,Normal,Chat Frontline,A3010,0,,199900.0,1999.0,PRICE-ADJ,N,legacy_fd,legacy_fd,False,unique_record,rule2_single_source_record
TK-240416,2025-02-03 10:40,2025-02-03 11:27,resolved,voice,C102107,VR894073,VR894073,quoted_valid,VA-HP-ST3,Billing & Payments,High,Billing,A3034,0,,266000.0,2660.0,GW-OTHER,N,legacy_fd,legacy_fd,False,unique_record,rule2_single_source_record
TK-240429,2025-02-04 12:28,2025-02-04 12:44,resolved,chat,C102027,VR884192,VR884192,quoted_valid,VA-EB-PL1,Delivery & Shipping,Normal,Logistics,A3029,0,,2124.0,2124.0,GW-OTHER,Y,helpdesk,helpdesk,True,reconciled_migration_pair,rule1_verified_migration_duplicate_helpdesk_selected
TK-240444,2025-02-05 09:15,2025-02-05 16:25,resolved,email,C108886,,,ambiguous,VA-SP-ORB,Connectivity,Normal,Email Frontline,A3018,0,,599900.0,5999.0,WTY-BUYBACK,Y,legacy_fd,legacy_fd,False,unique_record,rule2_single_source_record
TK-240448,2025-02-05 10:22,2025-02-05 11:20,resolved,chat,C105431,,VR886307,fallback_single,VA-SW-FIT,Other,Normal,Chat Frontline,A3007,0,,1999.0,1999.0,CANCEL,N,helpdesk,helpdesk,True,reconciled_migration_pair,rule1_verified_migration_duplicate_helpdesk_selected
TK-240454,2025-02-05 19:52,2025-02-05 21:00,resolved,voice,C109094,VR903320,VR903320,quoted_valid,VA-EB-PL1,Billing & Payments,High,Billing,A3035,0,4.0,249900.0,2499.0,DUP-PAYMENT,N,legacy_fd,legacy_fd,False,unique_record,rule2_single_source_record
TK-240460,2025-02-06 14:12,2025-02-06 14:46,resolved,chat,C105729,VR909045,VR909045,quoted_valid,VA-HP-ST2,Delivery & Shipping,High,Logistics,A3030,0,,42500.0,425.0,RETURN-QC-OK,N,legacy_fd,legacy_fd,False,unique_record,rule2_single_source_record
TK-240466,2025-02-06 22:39,,open,chat,C107485,VR888340,VR888340,quoted_valid,VA-AC-CH65,Billing & Payments,High,Billing,A3032,0,3.0,149900.0,1499.0,DUP-PAYMENT,N,legacy_fd,legacy_fd,False,unique_record,rule2_single_source_record
TK-240477,2025-02-07 18:07,2025-02-09 18:57,resolved,social,C107232,,VR886031,fallback_single,VA-HP-ST3,Delivery & Shipping,Low,Logistics,A3030,0,,1399800.0,13998.0,LOST-TRANSIT,N,legacy_fd,legacy_fd,False,unique_record,rule2_single_source_record
TK-240479,2025-02-07 21:12,2025-02-08 21:28,resolved,chat,C103873,,VR903240,fallback_single,VA-EB-PL2,Delivery & Shipping,High,Logistics,A3030,0,,33200.0,332.0,GW-OTHER,N,legacy_fd,legacy_fd,False,unique_record,rule2_single_source_record
TK-240483,2025-02-08 09:19,2025-02-08 11:22,resolved,voice,C105878,VR906638,VR906638,quoted_valid,VA-HP-ST3,Charging & Battery,Normal,Voice Frontline,A3025,0,,559900.0,5599.0,GW-OTHER,Y,legacy_fd,legacy_fd,False,unique_record,rule2_single_source_record
TK-240484,2025-02-08 12:25,2025-02-08 12:43,resolved,chat,C103279,VR884415,VR884415,quoted_valid,VA-EB-AIR,Other,High,Chat Frontline,A3006,0,,1439.0,1439.0,CANCEL,N,helpdesk,helpdesk,True,reconciled_migration_pair,rule1_verified_migration_duplicate_helpdesk_selected
TK-240492,2025-02-08 22:49,2025-02-08 23:11,resolved,chat,C104760,,,ambiguous,VA-SW-NX1,Other,High,Chat Frontline,A3017,0,,4749.0,4749.0,GW-OTHER,N,helpdesk,helpdesk,True,reconciled_migration_pair,rule1_verified_migration_duplicate_helpdesk_selected
TK-240495,2025-02-09 10:31,2025-02-10 11:11,resolved,voice,C102706,VR905704,VR905704,quoted_valid,VA-EB-AIR,Delivery & Shipping,Low,Logistics,A3028,0,5.0,72000.0,720.0,RETURN-QC-OK,N,legacy_fd,legacy_fd,False,unique_record,rule2_single_source_record
TK-240496,2025-02-09 11:36,2025-02-09 14:23,resolved,email,C105932,VR881631,VR881631,quoted_valid,VA-EB-AIR,Billing & Payments,Normal,Billing,A3032,0,2.0,36000.0,360.0,GW-OTHER,N,legacy_fd,legacy_fd,False,unique_record,rule2_single_source_record
TK-240505,2025-02-09 19:22,2025-02-09 23:17,resolved,email,C100787,,VR884543,fallback_single,VA-EB-PL1,Delivery & Shipping,Low,Logistics,A3029,0,3.0,224900.0,2249.0,GW-OTHER,N,legacy_fd,legacy_fd,False,unique_record,rule2_single_source_record
TK-240515,2025-02-10 11:30,2025-02-10 14:24,closed,social,C102032,,VR896663,fallback_single,VA-EB-AIR,Billing & Payments,High,Billing,A3034,0,,179900.0,1799.0,DUP-PAYMENT,N,legacy_fd,legacy_fd,False,unique_record,rule2_single_source_record
TK-240523,2025-02-10 17:40,2025-02-12 18:07,resolved,chat,C109008,,VR883546,fallback_single,VA-EB-PL1,Returns & Refunds,Low,Returns Desk,A3036,0,,212400.0,2124.0,RETURN-QC-OK,N,legacy_fd,legacy_fd,False,unique_record,rule2_single_source_record
TK-240524,2025-02-10 20:30,2025-02-10 21:03,resolved,chat,C104996,,VR904614,fallback_single,VA-HP-ST3,Billing & Payments,High,Billing,A3035,0,3.0,699900.0,6999.0,DUP-PAYMENT,N,legacy_fd,legacy_fd,False,unique_record,rule2_single_source_record
TK-240529,2025-02-11 08:47,2025-02-15 02:13,resolved,email,C101228,VR882857,VR882857,quoted_valid,VA-AC-CH65,Returns & Refunds,Normal,Returns Desk,A3038,0,3.0,15000.0,150.0,RETURN-QC-OK,N,legacy_fd,legacy_fd,False,unique_record,rule2_single_source_record
TK-240530,2025-02-11 09:30,2025-02-12 09:48,resolved,chat,C106848,,,ambiguous,VA-EB-AIR,Returns & Refunds,Normal,Returns Desk,A3038,0,,36000.0,360.0,GW-OTHER,N,legacy_fd,legacy_fd,False,unique_record,rule2_single_source_record
TK-240531,2025-02-11 09:58,2025-02-11 13:26,resolved,email,C102777,VR891100,VR891100,quoted_valid,VA-EB-PL1,Other,Normal,Email Frontline,A3019,0,,23700.0,237.0,CANCEL,N,legacy_fd,legacy_fd,False,unique_record,rule2_single_source_record
TK-240545,2025-02-12 20:04,2025-02-12 21:58,resolved,voice,C106854,VR881791,VR881791,quoted_valid,VA-HP-ST3,Delivery & Shipping,Normal,Logistics,A3030,0,,629900.0,6299.0,GW-OTHER,Y,legacy_fd,legacy_fd,False,unique_record,rule2_single_source_record
TK-240554,2025-02-13 12:50,2025-02-13 16:15,resolved,voice,C106562,VR883209,VR883209,quoted_valid,VA-SW-NX2,Billing & Payments,High,Billing,A3035,0,,5199.0,5199.0,GW-OTHER,N,helpdesk,helpdesk,True,reconciled_migration_pair,rule1_verified_migration_duplicate_helpdesk_selected
TK-240556,2025-02-13 17:18,2025-02-18 17:56,closed,social,C107440,VR887187,VR887187,quoted_valid,VA-EB-AIR,Delivery & Shipping,High,Logistics,A3030,0,3.0,27000.0,270.0,DOA-REPL,N,legacy_fd,legacy_fd,False,unique_record,rule2_single_source_record
TK-240557,2025-02-13 19:38,2025-02-15 20:14,resolved,voice,C102501,VR905967,VR905967,quoted_valid,VA-SW-NX2,Returns & Refunds,Normal,Returns Desk,A3002,1,4.0,5849.0,5849.0,RETURN-QC-OK,N,helpdesk,helpdesk,True,reconciled_migration_pair,rule1_verified_migration_duplicate_helpdesk_selected
TK-240559,2025-02-14 05:50,2025-02-14 06:11,resolved,chat,C101254,VR894461,VR894461,quoted_valid,VA-SP-ORB,Delivery & Shipping,Normal,Logistics,A3029,0,5.0,60000.0,600.0,CANCEL,N,legacy_fd,legacy_fd,False,unique_record,rule2_single_source_record
TK-240564,2025-02-14 11:17,2025-02-14 12:29,resolved,email,C108796,VR894083,VR894083,quoted_valid,VA-NB-ARC,Audio Quality,Normal,Email Frontline,A3022,0,4.0,129900.0,1299.0,GW-OTHER,N,legacy_fd,legacy_fd,False,unique_record,rule2_single_source_record
TK-240568,2025-02-14 14:49,2025-03-02 16:40,resolved,chat,C103627,VR897241,VR897241,quoted_valid,VA-EB-AIR,Charging & Battery,Normal,Chat Frontline,A3042,1,,161900.0,1619.0,GW-OTHER,N,legacy_fd,legacy_fd,False,unique_record,rule2_single_source_record
TK-240569,2025-02-14 19:27,2025-02-14 23:10,resolved,email,C100307,,VR909537,fallback_single,VA-EB-PL1,Other,Normal,Email Frontline,A3003,0,,4248.0,4248.0,CANCEL,N,helpdesk,helpdesk,True,reconciled_migration_pair,rule1_verified_migration_duplicate_helpdesk_selected
TK-240571,2025-02-14 21:41,2025-02-15 03:42,resolved,email,C107490,VR898077,VR898077,quoted_valid,VA-HP-ST3,Billing & Payments,High,Billing,A3032,0,,699900.0,6999.0,DUP-PAYMENT,N,legacy_fd,legacy_fd,False,unique_record,rule2_single_source_record
TK-240580,2025-02-16 01:56,2025-02-16 02:09,resolved,chat,C107635,VR885168,VR885168,quoted_valid,VA-SW-FIT,Returns & Refunds,Normal,Returns Desk,A3038,0,,199900.0,1999.0,RETURN-QC-OK,N,legacy_fd,legacy_fd,False,unique_record,rule2_single_source_record
TK-240588,2025-02-16 12:47,2025-02-18 13:04,resolved,chat,C107527,VR908181,VR908181,quoted_valid,VA-EB-PL1,Delivery & Shipping,Normal,Logistics,A3027,0,3.0,249900.0,2499.0,GW-OTHER,Y,legacy_fd,legacy_fd,False,unique_record,rule2_single_source_record
TK-240600,2025-02-17 12:38,2025-02-17 14:06,resolved,social,C108852,,VR896131,fallback_single,VA-SW-FIT,Billing & Payments,High,Billing,A3034,0,,179900.0,1799.0,CANCEL,N,legacy_fd,legacy_fd,False,unique_record,rule2_single_source_record
TK-240604,2025-02-17 16:25,2025-02-20 17:29,resolved,email,C106250,VR887051,VR887051,quoted_valid,VA-SW-NX2,Returns & Refunds,Normal,Returns Desk,A3036,0,,92600.0,926.0,RETURN-QC-OK,N,legacy_fd,legacy_fd,False,unique_record,rule2_single_source_record
TK-240618,2025-02-18 17:44,2025-02-18 18:03,resolved,chat,C108620,VR887410,VR887410,quoted_valid,VA-SW-FIT,Returns & Refunds,Normal,Returns Desk,A3036,0,2.0,179900.0,1799.0,GW-OTHER,N,legacy_fd,legacy_fd,False,unique_record,rule2_single_source_record
TK-240619,2025-02-18 19:50,2025-02-21 20:45,resolved,chat,C105438,,VR900928,fallback_single,VA-AC-CBL,Returns & Refunds,Normal,Returns Desk,A3036,0,2.0,7200.0,72.0,RETURN-QC-OK,N,legacy_fd,legacy_fd,False,unique_record,rule2_single_source_record
TK-240629,2025-02-19 12:01,2025-02-19 12:31,resolved,chat,C104045,,VR881167,fallback_single,VA-SP-ORB,Billing & Payments,High,Billing,A3033,0,,102000.0,1020.0,DUP-PAYMENT,N,legacy_fd,legacy_fd,False,unique_record,rule2_single_source_record
TK-240630,2025-02-19 13:33,2025-02-19 16:37,resolved,voice,C104927,VR889833,VR889833,quoted_valid,VA-HP-ST3,Other,Normal,Voice Frontline,A3026,0,,252000.0,2520.0,CANCEL,N,legacy_fd,legacy_fd,False,unique_record,rule2_single_source_record
TK-240641,2025-02-20 08:11,2025-02-20 10:05,resolved,email,C108764,VR905415,VR905415,quoted_valid,VA-SW-FIT,Billing & Payments,High,Billing,A3034,0,4.0,38000.0,380.0,GW-OTHER,N,legacy_fd,legacy_fd,False,unique_record,rule2_single_source_record
TK-240642,2025-02-20 09:53,2025-02-22 12:25,resolved,email,C107418,VR880623,VR880623,quoted_valid,VA-HP-ST3,Returns & Refunds,Normal,Returns Desk,A3038,0,,664900.0,6649.0,RETURN-QC-OK,N,legacy_fd,legacy_fd,False,unique_record,rule2_single_source_record
TK-240649,2025-02-20 13:32,2025-02-22 01:17,resolved,email,C100132,,VR897553,fallback_single,VA-HP-ST2,Returns & Refunds,Normal,Returns Desk,A3038,0,5.0,475.0,475.0,GW-OTHER,N,helpdesk,helpdesk,True,reconciled_migration_pair,rule1_verified_migration_duplicate_helpdesk_selected
TK-240650,2025-02-20 13:35,2025-02-20 14:12,resolved,chat,C104927,VR889833,VR889833,quoted_valid,VA-HP-ST3,Billing & Payments,High,Billing,A3033,0,4.0,629900.0,6299.0,GW-OTHER,N,legacy_fd,legacy_fd,False,unique_record,rule2_single_source_record
TK-240652,2025-02-20 16:18,2025-02-21 23:32,resolved,social,C102436,VR892641,VR892641,quoted_valid,VA-HP-ST3,Returns & Refunds,Normal,Returns Desk,A3037,0,,140000.0,1400.0,RETURN-QC-OK,N,legacy_fd,legacy_fd,False,unique_record,rule2_single_source_record
TK-240672,2025-02-21 20:10,2025-02-24 01:15,closed,email,C102912,VR880618,VR880618,quoted_valid,VA-HP-ST2,Returns & Refunds,Normal,Returns Desk,A3037,0,,200000.0,2000.0,RETURN-QC-OK,N,legacy_fd,legacy_fd,False,unique_record,rule2_single_source_record
TK-240682,2025-02-22 14:37,2025-02-22 15:49,resolved,social,C100148,VR883621,VR883621,quoted_valid,VA-HP-ST3,Other,Normal,Chat Frontline,A3012,0,5.0,699900.0,6999.0,GW-OTHER,N,legacy_fd,legacy_fd,False,unique_record,rule2_single_source_record
TK-240686,2025-02-23 00:43,2025-02-28 07:10,resolved,chat,C108918,VR896865,VR896865,quoted_valid,VA-SW-FIT,Warranty & Repair,Normal,Escalations & Warranty,A3039,0,,189900.0,1899.0,WTY-BUYBACK,N,legacy_fd,legacy_fd,False,unique_record,rule2_single_source_record
TK-240688,2025-02-23 09:26,2025-02-23 11:16,resolved,email,C107014,VR886793,VR886793,quoted_valid,VA-SP-ORB,Returns & Refunds,Normal,Returns Desk,A3037,0,,108000.0,1080.0,RETURN-QC-OK,N,legacy_fd,legacy_fd,False,unique_record,rule2_single_source_record
TK-240691,2025-02-23 11:15,2025-02-24 19:11,resolved,email,C101447,VR881383,VR881383,quoted_valid,VA-AC-CH65,Returns & Refunds,Normal,Returns Desk,A3036,0,,142400.0,1424.0,GW-OTHER,N,legacy_fd,legacy_fd,False,unique_record,rule2_single_source_record
TK-240699,2025-02-23 18:19,2025-02-23 19:12,resolved,voice,C101797,VR895200,VR895200,quoted_valid,VA-HP-ST3,Delivery & Shipping,Normal,Logistics,A3030,0,3.0,664900.0,6649.0,GW-OTHER,N,legacy_fd,legacy_fd,False,unique_record,rule2_single_source_record
TK-240702,2025-02-23 18:31,2025-02-23 19:23,resolved,voice,C102416,VR902313,VR902313,quoted_valid,VA-SW-FIT,Other,Normal,Voice Frontline,A3026,0,4.0,169900.0,1699.0,GW-OTHER,N,legacy_fd,legacy_fd,False,unique_record,rule2_single_source_record
TK-240712,2025-02-24 10:42,2025-02-24 12:14,resolved,social,C100000,VR885879,VR885879,quoted_valid,VA-SW-NX2,Billing & Payments,Normal,Billing,A3033,0,,552400.0,5524.0,DUP-PAYMENT,N,legacy_fd,legacy_fd,False,unique_record,rule2_single_source_record
TK-240725,2025-02-25 08:46,2025-02-25 14:52,resolved,email,C103558,VR885925,VR885925,quoted_valid,VA-EB-AIR,Other,Normal,Email Frontline,A3018,0,5.0,170900.0,1709.0,CANCEL,N,legacy_fd,legacy_fd,False,unique_record,rule2_single_source_record
TK-240737,2025-02-25 18:31,2025-02-25 21:02,resolved,email,C108932,VR898774,VR898774,quoted_valid,VA-EB-AIR,Billing & Payments,Normal,Billing,A3035,0,4.0,1619.0,1619.0,GW-OTHER,N,helpdesk,helpdesk,True,reconciled_migration_pair,rule1_verified_migration_duplicate_helpdesk_selected
TK-240746,2025-02-25 23:41,2025-02-28 00:19,resolved,chat,C104327,,VR908596,fallback_single,VA-SP-MINI,Delivery & Shipping,Normal,Logistics,A3031,0,,249900.0,2499.0,LOST-TRANSIT,N,legacy_fd,legacy_fd,False,unique_record,rule2_single_source_record
TK-240751,2025-02-26 13:31,2025-02-27 16:38,resolved,email,C109239,VR884454,VR884454,quoted_valid,VA-HP-ST3,Returns & Refunds,Normal,Returns Desk,A3036,0,4.0,6649.0,6649.0,WTY-BUYBACK,N,helpdesk,helpdesk,True,reconciled_migration_pair,rule1_verified_migration_duplicate_helpdesk_selected
TK-240753,2025-02-26 13:40,2025-02-26 14:02,resolved,chat,C105385,VR900513,VR900513,quoted_valid,VA-EB-PL1,Billing & Payments,High,Billing,A3034,0,5.0,40000.0,400.0,GW-OTHER,N,legacy_fd,legacy_fd,False,unique_record,rule2_single_source_record
TK-240759,2025-02-26 19:35,2025-02-27 20:19,resolved,voice,C105412,VR893379,VR893379,quoted_valid,VA-NB-ARC,Delivery & Shipping,Normal,Logistics,A3030,0,3.0,110400.0,1104.0,DOA-REPL,Y,legacy_fd,legacy_fd,False,unique_record,rule2_single_source_record
TK-240764,2025-02-26 20:42,2025-02-26 21:45,resolved,voice,C101187,,VR893430,fallback_single,VA-SW-NX2,Delivery & Shipping,Normal,Logistics,A3030,0,,6499.0,6499.0,RETURN-QC-OK,N,helpdesk,helpdesk,True,reconciled_migration_pair,rule1_verified_migration_duplicate_helpdesk_selected
TK-240778,2025-02-27 18:00,2025-02-28 20:56,resolved,chat,C101291,VR904620,VR904620,quoted_valid,VA-HP-ST3,Warranty & Repair,Normal,Escalations & Warranty,A3040,0,4.0,559900.0,5599.0,DOA-REPL,N,legacy_fd,legacy_fd,False,unique_record,rule2_single_source_record
TK-240796,2025-03-01 02:03,2025-03-01 02:23,resolved,chat,C103290,,VR906455,fallback_single,VA-HP-ST3,Other,Normal,Chat Frontline,A3016,0,,629900.0,6299.0,CANCEL,N,legacy_fd,legacy_fd,False,unique_record,rule2_single_source_record
TK-240797,2025-03-01 07:11,2025-03-06 07:41,resolved,chat,C102507,VR900312,VR900312,quoted_valid,VA-HP-ST2,Other,Normal,Chat Frontline,A3013,0,4.0,474900.0,4749.0,WTY-BUYBACK,N,legacy_fd,legacy_fd,False,unique_record,rule2_single_source_record
TK-240807,2025-03-01 23:44,2025-03-02 00:19,resolved,chat,C100456,VR884839,VR884839,quoted_valid,VA-NB-ARC,Billing & Payments,High,Billing,A3033,0,3.0,116900.0,1169.0,DUP-PAYMENT,N,legacy_fd,legacy_fd,False,unique_record,rule2_single_source_record
TK-240815,2025-03-02 10:56,2025-03-03 13:54,resolved,email,C101410,VR898663,VR898663,quoted_valid,VA-HP-ST2,Returns & Refunds,Normal,Returns Desk,A3037,0,3.0,399900.0,3999.0,RETURN-QC-OK,N,legacy_fd,legacy_fd,False,unique_record,rule2_single_source_record
TK-240816,2025-03-02 11:39,2025-03-04 13:01,resolved,social,C107233,,VR902661,fallback_single,VA-SW-NX2,Returns & Refunds,Normal,Returns Desk,A3037,0,4.0,92600.0,926.0,RETURN-QC-OK,N,legacy_fd,legacy_fd,False,unique_record,rule2_single_source_record
TK-240819,2025-03-02 20:53,2025-03-04 21:17,resolved,chat,C109215,VR905299,VR905299,quoted_valid,VA-EB-PL1,Delivery & Shipping,Normal,Logistics,A3037,1,3.0,224900.0,2249.0,RETURN-QC-OK,N,legacy_fd,legacy_fd,False,unique_record,rule2_single_source_record
TK-240825,2025-03-03 10:47,2025-03-06 14:04,resolved,email,C106977,VR904047,VR904047,quoted_valid,VA-SW-NX2,Returns & Refunds,High,Returns Desk,A3038,0,,617400.0,6174.0,RETURN-QC-OK,N,legacy_fd,legacy_fd,False,unique_record,rule2_single_source_record
TK-240826,2025-03-03 11:15,,pending,chat,C105983,VR880304,VR880304,quoted_valid,VA-SW-NX2,Other,Normal,Chat Frontline,A3010,0,5.0,1040.0,1040.0,CANCEL,N,helpdesk,helpdesk,True,reconciled_migration_pair,rule1_verified_migration_duplicate_helpdesk_selected
TK-240829,2025-03-03 17:22,2025-03-03 17:35,closed,chat,C100528,,VR884568,fallback_single,VA-HP-ST3,Delivery & Shipping,Normal,Logistics,A3030,0,,1399800.0,13998.0,GW-OTHER,Y,legacy_fd,legacy_fd,False,unique_record,rule2_single_source_record
TK-240834,2025-03-03 18:28,2025-03-03 18:59,resolved,chat,C104167,VR883767,VR883767,quoted_valid,VA-SW-NX2,Billing & Payments,Normal,Billing,A3035,0,3.0,519900.0,5199.0,GW-OTHER,N,legacy_fd,legacy_fd,False,unique_record,rule2_single_source_record
TK-240835,2025-03-03 18:45,2025-03-03 20:03,resolved,social,C106860,VR888358,VR888358,quoted_valid,VA-HP-ST3,Other,Normal,Chat Frontline,A3015,0,4.0,629900.0,6299.0,GW-OTHER,N,legacy_fd,legacy_fd,False,unique_record,rule2_single_source_record
TK-240845,2025-03-04 06:01,2025-03-04 11:12,resolved,email,C100549,VR883516,VR883516,quoted_valid,VA-SW-NX2,Billing & Payments,Normal,Billing,A3032,0,4.0,519900.0,5199.0,GW-OTHER,N,legacy_fd,legacy_fd,False,unique_record,rule2_single_source_record
TK-240853,2025-03-04 15:04,2025-03-07 15:25,resolved,chat,C107405,VR906310,VR906310,quoted_valid,VA-NB-ARC,Returns & Refunds,Normal,Returns Desk,A3036,0,3.0,1039.0,1039.0,RETURN-QC-OK,N,helpdesk,helpdesk,True,reconciled_migration_pair,rule1_verified_migration_duplicate_helpdesk_selected
TK-240856,2025-03-04 20:39,2025-03-05 21:31,resolved,email,C108778,VR903415,VR903415,quoted_valid,VA-EB-AIR,Returns & Refunds,High,Returns Desk,A3036,0,,179900.0,1799.0,GW-OTHER,N,legacy_fd,legacy_fd,False,unique_record,rule2_single_source_record
TK-240864,2025-03-05 12:42,2025-03-10 13:23,resolved,social,C106252,VR891299,VR891299,quoted_valid,VA-HP-ST3,Delivery & Shipping,Normal,Logistics,A3031,0,,699900.0,6999.0,DOA-REPL,N,legacy_fd,legacy_fd,False,unique_record,rule2_single_source_record
TK-240868,2025-03-05 15:00,2025-03-05 16:38,closed,email,C102636,VR887125,VR887125,quoted_valid,VA-EB-AIR,Billing & Payments,Normal,Billing,A3035,0,5.0,179900.0,1799.0,PRICE-ADJ,N,legacy_fd,legacy_fd,False,unique_record,rule2_single_source_record
TK-240877,2025-03-05 21:58,2025-03-08 22:52,resolved,chat,C103180,VR898972,VR898972,quoted_valid,VA-SW-NX2,Returns & Refunds,Normal,Returns Desk,A3038,0,,649900.0,6499.0,RETURN-QC-OK,N,legacy_fd,legacy_fd,False,unique_record,rule2_single_source_record
TK-240878,2025-03-05 22:25,2025-03-06 00:39,resolved,email,C103778,,VR892576,fallback_single,VA-HP-ST3,Other,Normal,Email Frontline,A3001,0,,664900.0,6649.0,DUP-PAYMENT,N,legacy_fd,legacy_fd,False,unique_record,rule2_single_source_record
TK-240879,2025-03-05 22:26,2025-03-06 23:07,resolved,chat,C105344,,VR901220,fallback_single,VA-SW-FIT,Returns & Refunds,Normal,Returns Desk,A3038,0,,1799.0,1799.0,GW-OTHER,N,helpdesk,helpdesk,True,reconciled_migration_pair,rule1_verified_migration_duplicate_helpdesk_selected
TK-240883,2025-03-06 12:33,2025-03-09 12:57,resolved,chat,C108858,VR904030,VR904030,quoted_valid,VA-EB-AIR,Delivery & Shipping,Normal,Logistics,A3027,0,,161900.0,1619.0,DOA-REPL,Y,legacy_fd,legacy_fd,False,unique_record,rule2_single_source_record
TK-240889,2025-03-06 19:05,2025-03-09 19:21,resolved,chat,C103036,VR906118,VR906118,quoted_valid,VA-SW-NX2,Returns & Refunds,Low,Returns Desk,A3036,0,3.0,617400.0,6174.0,RETURN-QC-OK,N,legacy_fd,legacy_fd,False,unique_record,rule2_single_source_record
TK-240890,2025-03-06 19:12,2025-03-07 08:13,resolved,email,C108906,VR903655,VR903655,quoted_valid,VA-SW-NX1,Billing & Payments,High,Billing,A3033,0,3.0,499900.0,4999.0,DUP-PAYMENT,N,legacy_fd,legacy_fd,False,unique_record,rule2_single_source_record
TK-240895,2025-03-06 21:48,2025-03-06 23:47,resolved,voice,C100535,,,ambiguous,VA-EB-AIR,Billing & Payments,High,Billing,A3034,0,3.0,179900.0,1799.0,PRICE-ADJ,N,legacy_fd,legacy_fd,False,unique_record,rule2_single_source_record
TK-240910,2025-03-07 19:17,2025-03-08 10:10,closed,email,C107638,,,ambiguous,VA-AC-CH65,Billing & Payments,Normal,Billing,A3019,1,,75000.0,750.0,DUP-PAYMENT,N,legacy_fd,legacy_fd,False,unique_record,rule2_single_source_record
TK-240915,2025-03-07 21:23,2025-03-08 00:50,resolved,email,C103438,,VR906504,fallback_single,VA-SP-ORB,Returns & Refunds,Normal,Returns Desk,A3037,0,,54000.0,540.0,RETURN-QC-OK,N,legacy_fd,legacy_fd,False,unique_record,rule2_single_source_record
TK-240920,2025-03-08 08:21,2025-03-08 08:51,resolved,chat,C107439,VR880419,VR880419,quoted_valid,VA-SW-NX2,Billing & Payments,High,Billing,A3034,0,,649900.0,6499.0,DUP-PAYMENT,N,legacy_fd,legacy_fd,False,unique_record,rule2_single_source_record
TK-240923,2025-03-08 14:32,2025-03-09 16:25,resolved,email,C100578,VR888354,VR888354,quoted_valid,VA-EB-PL1,Returns & Refunds,Normal,Returns Desk,A3036,0,,2499.0,2499.0,RETURN-QC-OK,N,helpdesk,helpdesk,True,reconciled_migration_pair,rule1_verified_migration_duplicate_helpdesk_selected
TK-240941,2025-03-09 13:00,2025-03-12 13:37,closed,chat,C107700,VR885211,VR885211,quoted_valid,VA-HP-ST2,Returns & Refunds,Normal,Returns Desk,A3038,0,2.0,90000.0,900.0,RETURN-QC-OK,N,legacy_fd,legacy_fd,False,unique_record,rule2_single_source_record
TK-240947,2025-03-09 18:33,2025-03-09 23:14,closed,email,C104579,VR883946,VR883946,quoted_valid,VA-SW-FIT,Other,High,Email Frontline,A3017,0,,1599.0,1599.0,CANCEL,N,helpdesk,helpdesk,True,reconciled_migration_pair,rule1_verified_migration_duplicate_helpdesk_selected
TK-240951,2025-03-09 21:22,2025-03-14 21:49,resolved,chat,C108431,VR891930,VR891930,quoted_valid,VA-HP-ST2,Delivery & Shipping,High,Logistics,A3034,1,,449900.0,4499.0,GW-OTHER,N,legacy_fd,legacy_fd,False,unique_record,rule2_single_source_record
TK-240953,2025-03-09 23:40,2025-03-10 00:18,resolved,chat,C101186,,VR891289,fallback_single,VA-HP-ST2,Other,Normal,Chat Frontline,A3002,0,3.0,90000.0,900.0,GW-OTHER,N,legacy_fd,legacy_fd,False,unique_record,rule2_single_source_record
TK-240960,2025-03-10 17:24,2025-03-15 17:42,resolved,chat,C107638,,,ambiguous,VA-AC-CH65,Delivery & Shipping,Normal,Logistics,A3030,0,,149900.0,1499.0,DOA-REPL,Y,legacy_fd,legacy_fd,False,unique_record,rule2_single_source_record
TK-240961,2025-03-10 18:33,2025-03-12 19:10,resolved,voice,C100456,VR884839,VR884839,quoted_valid,VA-NB-ARC,Returns & Refunds,Normal,Returns Desk,A3036,0,,11700.0,117.0,RETURN-QC-OK,N,legacy_fd,legacy_fd,False,unique_record,rule2_single_source_record
TK-240963,2025-03-10 19:58,2025-03-10 21:18,resolved,email,C100871,,,ambiguous,VA-SW-FIT,Delivery & Shipping,Normal,Logistics,A3030,0,3.0,1599.0,1599.0,GW-OTHER,Y,helpdesk,helpdesk,True,reconciled_migration_pair,rule1_verified_migration_duplicate_helpdesk_selected
TK-240976,2025-03-11 19:40,2025-03-11 20:47,resolved,chat,C107181,VR907309,VR907309,quoted_valid,VA-EB-AIR,Returns & Refunds,Normal,Returns Desk,A3036,0,,161900.0,1619.0,RETURN-QC-OK,N,legacy_fd,legacy_fd,False,unique_record,rule2_single_source_record
TK-240980,2025-03-12 00:24,2025-03-15 00:41,resolved,chat,C104246,VR886903,VR886903,quoted_valid,VA-SP-ORB,Returns & Refunds,Normal,Returns Desk,A3037,0,,539900.0,5399.0,GW-OTHER,N,legacy_fd,legacy_fd,False,unique_record,rule2_single_source_record
TK-240984,2025-03-12 10:25,2025-03-13 12:08,resolved,email,C103971,VR904485,VR904485,quoted_valid,VA-EB-AIR,App & Firmware,Normal,Email Frontline,A3019,0,,179900.0,1799.0,GW-OTHER,N,legacy_fd,legacy_fd,False,unique_record,rule2_single_source_record
TK-240987,2025-03-12 12:07,2025-03-12 12:51,resolved,chat,C100017,VR905351,VR905351,quoted_valid,VA-NB-ARC,Returns & Refunds,Normal,Returns Desk,A3037,0,,129900.0,1299.0,RETURN-QC-OK,N,legacy_fd,legacy_fd,False,unique_record,rule2_single_source_record
TK-240988,2025-03-12 12:45,2025-03-15 13:56,resolved,voice,C104327,,VR908596,fallback_single,VA-SP-MINI,Returns & Refunds,Normal,Returns Desk,A3037,0,3.0,249900.0,2499.0,RETURN-QC-OK,N,legacy_fd,legacy_fd,False,unique_record,rule2_single_source_record
TK-240992,2025-03-12 17:44,2025-03-12 18:11,resolved,chat,C104440,VR904897,VR904897,quoted_valid,VA-HP-ST2,Billing & Payments,Normal,Billing,A3035,0,4.0,474900.0,4749.0,DUP-PAYMENT,N,legacy_fd,legacy_fd,False,unique_record,rule2_single_source_record
TK-241003,2025-03-13 19:28,2025-03-13 20:43,resolved,email,C103627,VR897241,VR897241,quoted_valid,VA-EB-AIR,Billing & Payments,High,Billing,A3035,0,,16200.0,162.0,GW-OTHER,N,legacy_fd,legacy_fd,False,unique_record,rule2_single_source_record
TK-241026,2025-03-14 20:59,2025-03-14 21:39,resolved,chat,C106097,,VR894235,fallback_single,VA-EB-AIR,Billing & Payments,High,Billing,A3035,0,4.0,32400.0,324.0,GW-OTHER,N,legacy_fd,legacy_fd,False,unique_record,rule2_single_source_record
TK-241027,2025-03-15 07:46,2025-03-15 10:30,resolved,email,C109208,,VR887397,fallback_single,VA-EB-PL1,Audio Quality,Normal,Email Frontline,A3020,0,3.0,249900.0,2499.0,DOA-REPL,Y,legacy_fd,legacy_fd,False,unique_record,rule2_single_source_record
TK-241034,2025-03-15 12:47,2025-03-15 15:13,closed,social,C107800,VR900808,VR900808,quoted_valid,VA-EB-PL1,Billing & Payments,High,Billing,A3035,0,2.0,237400.0,2374.0,DUP-PAYMENT,N,legacy_fd,legacy_fd,False,unique_record,rule2_single_source_record
TK-241038,2025-03-15 18:45,2025-03-15 19:51,resolved,email,C106008,VR893097,VR893097,quoted_valid,VA-SW-NX2,Other,Normal,Email Frontline,A3018,0,,5849.0,5849.0,GW-OTHER,N,helpdesk,helpdesk,True,reconciled_migration_pair,rule1_verified_migration_duplicate_helpdesk_selected
TK-241040,2025-03-15 19:02,2025-03-16 19:50,resolved,voice,C101723,VR899277,VR899277,quoted_valid,VA-EB-AIR,Returns & Refunds,Normal,Returns Desk,A3036,0,,179900.0,1799.0,RETURN-QC-OK,N,legacy_fd,legacy_fd,False,unique_record,rule2_single_source_record
TK-241053,2025-03-16 09:56,2025-03-16 12:41,resolved,email,C102292,,VR888066,fallback_single,VA-EB-AIR,Other,Normal,Email Frontline,A3021,0,,179900.0,1799.0,CANCEL,N,legacy_fd,legacy_fd,False,unique_record,rule2_single_source_record
TK-241058,2025-03-16 10:44,2025-03-16 11:12,resolved,chat,C107483,,,ambiguous,VA-SW-NX2,Other,Normal,Chat Frontline,A3013,0,5.0,584900.0,5849.0,CANCEL,N,legacy_fd,legacy_fd,False,unique_record,rule2_single_source_record
TK-241059,2025-03-16 12:26,2025-03-19 14:13,resolved,voice,C105945,VR901920,VR901920,quoted_valid,VA-NB-ARC,Returns & Refunds,Normal,Returns Desk,A3038,0,3.0,129900.0,1299.0,RETURN-QC-OK,N,legacy_fd,legacy_fd,False,unique_record,rule2_single_source_record
TK-241062,2025-03-16 14:08,2025-03-16 15:31,resolved,email,C106872,,VR890384,fallback_single,VA-HP-ST3,Connectivity,Normal,Email Frontline,A3018,0,,699900.0,6999.0,GW-OTHER,Y,legacy_fd,legacy_fd,False,unique_record,rule2_single_source_record
TK-241065,2025-03-16 20:26,2025-03-17 01:32,resolved,email,C107483,,,ambiguous,VA-SW-NX2,Billing & Payments,Normal,Billing,A3034,0,,584900.0,5849.0,DUP-PAYMENT,N,legacy_fd,legacy_fd,False,unique_record,rule2_single_source_record
TK-241067,2025-03-17 04:30,2025-03-18 05:06,resolved,chat,C100210,VR904381,VR904381,quoted_valid,VA-SP-MINI,Returns & Refunds,Low,Returns Desk,A3017,1,,237400.0,2374.0,GW-OTHER,N,legacy_fd,legacy_fd,False,unique_record,rule2_single_source_record
TK-241069,2025-03-17 08:53,2025-03-17 09:07,resolved,chat,C104834,VR890292,VR890292,quoted_valid,VA-SP-MINI,Billing & Payments,High,Billing,A3034,0,,21200.0,212.0,PRICE-ADJ,N,legacy_fd,legacy_fd,False,unique_record,rule2_single_source_record
TK-241071,2025-03-17 11:51,2025-03-17 13:00,resolved,voice,C101289,VR897033,VR897033,quoted_valid,VA-EB-AIR,Other,Low,Voice Frontline,A3024,0,,152900.0,1529.0,CANCEL,N,legacy_fd,legacy_fd,False,unique_record,rule2_single_source_record
TK-241077,2025-03-18 08:16,2025-03-18 08:46,resolved,chat,C104976,,VR907267,fallback_single,VA-SW-NX1,Billing & Payments,High,Billing,A3034,0,3.0,212400.0,2124.0,DUP-PAYMENT,N,legacy_fd,legacy_fd,False,unique_record,rule2_single_source_record
TK-241081,2025-03-18 13:23,2025-03-18 13:54,resolved,chat,C108548,VR901028,VR901028,quoted_valid,VA-EB-PL1,Billing & Payments,High,Billing,A3032,0,,199900.0,1999.0,DUP-PAYMENT,N,legacy_fd,legacy_fd,False,unique_record,rule2_single_source_record
TK-241084,2025-03-18 14:47,,open,voice,C107791,VR891192,VR891192,quoted_valid,VA-SW-NX1,Other,Normal,Voice Frontline,A3026,0,,449900.0,4499.0,DUP-PAYMENT,N,legacy_fd,legacy_fd,False,unique_record,rule2_single_source_record
TK-241089,2025-03-18 18:06,2025-03-21 18:52,resolved,chat,C101356,,VR893525,fallback_single,VA-SP-MINI,Returns & Refunds,Normal,Returns Desk,A3036,0,,474800.0,4748.0,RETURN-QC-OK,N,legacy_fd,legacy_fd,False,unique_record,rule2_single_source_record
TK-241091,2025-03-18 21:35,2025-03-20 21:53,resolved,chat,C105872,,VR902775,fallback_single,VA-NB-ARC,Returns & Refunds,Normal,Returns Desk,A3036,0,4.0,116900.0,1169.0,RETURN-QC-OK,N,legacy_fd,legacy_fd,False,unique_record,rule2_single_source_record
TK-241092,2025-03-18 21:42,2025-03-20 22:11,closed,chat,C108416,VR906595,VR906595,quoted_valid,VA-HP-ST2,Returns & Refunds,High,Returns Desk,A3036,0,,750.0,750.0,RETURN-QC-OK,N,helpdesk,helpdesk,True,reconciled_migration_pair,rule1_verified_migration_duplicate_helpdesk_selected
TK-241093,2025-03-19 03:18,2025-03-19 03:56,resolved,chat,C104567,VR906885,VR906885,quoted_valid,VA-EB-AIR,Billing & Payments,Normal,Billing,A3034,0,5.0,143900.0,1439.0,DUP-PAYMENT,N,legacy_fd,legacy_fd,False,unique_record,rule2_single_source_record
TK-241094,2025-03-19 07:11,2025-03-19 07:46,resolved,chat,C103580,,VR908879,fallback_single,VA-EB-AIR,Billing & Payments,Normal,Billing,A3034,0,4.0,143900.0,1439.0,DUP-PAYMENT,N,legacy_fd,legacy_fd,False,unique_record,rule2_single_source_record
TK-241097,2025-03-19 12:59,2025-03-20 14:32,resolved,voice,C102709,VR897828,VR897828,quoted_valid,VA-SW-NX1,Returns & Refunds,Normal,Returns Desk,A3036,0,,50000.0,500.0,GW-OTHER,N,legacy_fd,legacy_fd,False,unique_record,rule2_single_source_record
TK-241114,2025-03-20 12:59,2025-03-23 13:37,resolved,email,C109321,VR894959,VR894959,quoted_valid,VA-EB-PL1,Returns & Refunds,High,Returns Desk,A3038,0,,249900.0,2499.0,RETURN-QC-OK,N,legacy_fd,legacy_fd,False,unique_record,rule2_single_source_record
TK-241118,2025-03-20 21:37,2025-03-24 00:35,closed,email,C105101,VR894843,VR894843,quoted_valid,VA-SP-MINI,Billing & Payments,High,Billing,A3034,0,,118700.0,1187.0,GW-OTHER,N,legacy_fd,legacy_fd,False,unique_record,rule2_single_source_record
TK-241119,2025-03-20 22:11,2025-03-20 22:54,resolved,chat,C106245,,VR888542,fallback_single,VA-EB-PL1,Audio Quality,Normal,Chat Frontline,A3017,0,3.0,249900.0,2499.0,WTY-BUYBACK,N,legacy_fd,legacy_fd,False,unique_record,rule2_single_source_record
TK-241121,2025-03-21 08:46,2025-03-26 10:06,resolved,voice,C100308,,VR909602,fallback_single,VA-EB-PL1,Delivery & Shipping,Normal,Logistics,A3028,0,2.0,237400.0,2374.0,DOA-REPL,N,legacy_fd,legacy_fd,False,unique_record,rule2_single_source_record
TK-241126,2025-03-21 16:13,2025-03-21 17:00,closed,chat,C101410,,VR907124,fallback_single,VA-SW-NX1,Connectivity,Normal,Chat Frontline,A3012,0,2.0,250000.0,2500.0,DOA-REPL,N,legacy_fd,legacy_fd,False,unique_record,rule2_single_source_record
TK-241130,2025-03-21 17:25,2025-03-21 18:56,resolved,voice,C108861,VR899637,VR899637,quoted_valid,VA-HP-ST3,Connectivity,Low,Voice Frontline,A3026,0,4.0,6299.0,6299.0,DOA-REPL,N,helpdesk,helpdesk,True,reconciled_migration_pair,rule1_verified_migration_duplicate_helpdesk_selected
TK-241152,2025-03-22 18:52,2025-03-24 19:28,resolved,chat,C102984,,VR905777,fallback_single,VA-SW-FIT,Returns & Refunds,Normal,Returns Desk,A3036,0,2.0,16000.0,160.0,GW-OTHER,N,legacy_fd,legacy_fd,False,unique_record,rule2_single_source_record
TK-241155,2025-03-22 20:53,2025-03-22 21:15,resolved,chat,C102984,,VR905777,fallback_single,VA-SW-FIT,Other,Normal,Chat Frontline,A3014,0,,159900.0,1599.0,GW-OTHER,N,legacy_fd,legacy_fd,False,unique_record,rule2_single_source_record
TK-241156,2025-03-22 20:57,2025-03-22 23:16,resolved,email,C106144,,VR898251,fallback_single,VA-EB-AIR,Billing & Payments,Normal,Billing,A3033,0,,179900.0,1799.0,GW-OTHER,N,legacy_fd,legacy_fd,False,unique_record,rule2_single_source_record
TK-241163,2025-03-23 13:39,2025-03-23 13:59,resolved,chat,C103060,,VR889964,fallback_single,VA-EB-AIR,Billing & Payments,High,Billing,A3033,0,,179900.0,1799.0,DUP-PAYMENT,N,legacy_fd,legacy_fd,False,unique_record,rule2_single_source_record
TK-241213,2025-03-26 09:51,2025-03-26 10:30,resolved,voice,C103190,VR889370,VR889370,quoted_valid,VA-SW-NX2,Billing & Payments,High,Billing,A3034,0,,617400.0,6174.0,PRICE-ADJ,N,legacy_fd,legacy_fd,False,unique_record,rule2_single_source_record
TK-241215,2025-03-26 09:52,2025-03-26 20:40,resolved,email,C100179,VR883029,VR883029,quoted_valid,VA-HP-ST3,Billing & Payments,High,Billing,A3035,0,3.0,664900.0,6649.0,GW-OTHER,N,legacy_fd,legacy_fd,False,unique_record,rule2_single_source_record
TK-241220,2025-03-26 13:23,2025-03-26 13:43,resolved,chat,C100179,VR883029,VR883029,quoted_valid,VA-HP-ST3,Other,Normal,Chat Frontline,A3013,0,,664900.0,6649.0,GW-OTHER,N,legacy_fd,legacy_fd,False,unique_record,rule2_single_source_record
TK-241229,2025-03-26 19:52,2025-03-26 20:21,resolved,voice,C104859,VR903358,VR903358,quoted_valid,VA-EB-AIR,Other,Normal,Voice Frontline,A3026,0,,179900.0,1799.0,GW-OTHER,N,legacy_fd,legacy_fd,False,unique_record,rule2_single_source_record
TK-241236,2025-03-26 22:23,,pending,chat,C100498,VR906071,VR906071,quoted_valid,VA-HP-ST3,Billing & Payments,High,Billing,A3032,0,3.0,350000.0,3500.0,GW-OTHER,N,legacy_fd,legacy_fd,False,unique_record,rule2_single_source_record
TK-241243,2025-03-27 13:50,2025-03-27 14:26,resolved,chat,C109424,,VR893546,fallback_single,VA-EB-AIR,Billing & Payments,Normal,Billing,A3033,0,5.0,1799.0,1799.0,GW-OTHER,N,helpdesk,helpdesk,True,reconciled_migration_pair,rule1_verified_migration_duplicate_helpdesk_selected
TK-241268,2025-03-28 16:43,2025-03-31 17:06,resolved,chat,C107097,VR898655,VR898655,quoted_valid,VA-SW-NX2,Returns & Refunds,Normal,Returns Desk,A3036,0,,649900.0,6499.0,RETURN-QC-OK,N,legacy_fd,legacy_fd,False,unique_record,rule2_single_source_record
TK-241269,2025-03-28 18:18,2025-03-28 18:39,resolved,chat,C102414,VR892044,VR892044,quoted_valid,VA-SP-ORB,Billing & Payments,High,Billing,A3035,0,3.0,569900.0,5699.0,DOA-REPL,Y,legacy_fd,legacy_fd,False,unique_record,rule2_single_source_record
TK-241270,2025-03-28 19:12,2025-03-31 19:49,resolved,chat,C105766,VR903556,VR903556,quoted_valid,VA-HP-ST3,Returns & Refunds,Normal,Returns Desk,A3036,0,,699900.0,6999.0,RETURN-QC-OK,N,legacy_fd,legacy_fd,False,unique_record,rule2_single_source_record
TK-241273,2025-03-28 20:48,2025-03-28 21:17,closed,chat,C107518,VR893760,VR893760,quoted_valid,VA-EB-PL1,Audio Quality,Normal,Chat Frontline,A3014,0,3.0,224900.0,2249.0,GW-OTHER,N,legacy_fd,legacy_fd,False,unique_record,rule2_single_source_record
TK-241279,2025-03-29 05:18,2025-03-29 06:16,resolved,social,C101977,VR905737,VR905737,quoted_valid,VA-SW-NX2,Billing & Payments,High,Billing,A3032,0,,5524.0,5524.0,DUP-PAYMENT,N,helpdesk,helpdesk,True,reconciled_migration_pair,rule1_verified_migration_duplicate_helpdesk_selected
TK-241284,2025-03-29 11:01,2025-03-29 11:12,resolved,chat,C101506,VR885395,VR885395,quoted_valid,VA-EB-PL1,Other,Normal,Chat Frontline,A3011,0,,37500.0,375.0,GW-OTHER,N,legacy_fd,legacy_fd,False,unique_record,rule2_single_source_record
TK-241292,2025-03-30 01:41,2025-03-30 04:21,resolved,social,C104471,,VR885531,fallback_single,VA-EB-AIR,Audio Quality,Normal,Chat Frontline,A3002,0,3.0,179900.0,1799.0,GW-OTHER,N,legacy_fd,legacy_fd,False,unique_record,rule2_single_source_record
TK-241308,2025-03-30 16:01,2025-03-30 20:01,resolved,email,C104653,,VR886258,fallback_single,VA-HP-ST3,Returns & Refunds,Normal,Returns Desk,A3036,0,5.0,594900.0,5949.0,RETURN-QC-OK,N,legacy_fd,legacy_fd,False,unique_record,rule2_single_source_record
TK-241315,2025-03-30 20:54,2025-03-30 21:16,resolved,chat,C101592,,VR896590,fallback_single,VA-SW-NX1,Billing & Payments,High,Billing,A3035,0,4.0,449900.0,4499.0,GW-OTHER,N,legacy_fd,legacy_fd,False,unique_record,rule2_single_source_record
TK-241320,2025-03-31 11:22,2025-04-01 12:40,resolved,social,C102730,,VR884456,fallback_single,VA-HP-ST2,Delivery & Shipping,Low,Logistics,A3027,0,5.0,399900.0,3999.0,LOST-TRANSIT,N,legacy_fd,legacy_fd,False,unique_record,rule2_single_source_record
TK-241323,2025-03-31 14:09,2025-04-02 16:46,closed,social,C106398,VR891249,VR891249,quoted_valid,VA-SP-MINI,Returns & Refunds,Normal,Returns Desk,A3036,0,,249900.0,2499.0,RETURN-QC-OK,N,legacy_fd,legacy_fd,False,unique_record,rule2_single_source_record
TK-241330,2025-03-31 19:35,2025-03-31 20:18,closed,chat,C105986,,VR897296,fallback_single,VA-AC-CBL,Billing & Payments,Normal,Billing,A3035,0,5.0,39900.0,399.0,DUP-PAYMENT,N,legacy_fd,legacy_fd,False,unique_record,rule2_single_source_record
TK-241333,2025-04-01 04:49,2025-04-01 05:17,resolved,chat,C104162,VR898360,VR898360,quoted_valid,VA-SW-NX2,Other,Normal,Chat Frontline,A3002,0,,649900.0,6499.0,GW-OTHER,N,legacy_fd,legacy_fd,False,unique_record,rule2_single_source_record
TK-241342,2025-04-01 16:06,2025-04-04 18:09,resolved,email,C106480,VR891246,VR891246,quoted_valid,VA-SW-NX2,Delivery & Shipping,Normal,Logistics,A3030,0,,519900.0,5199.0,GW-OTHER,N,legacy_fd,legacy_fd,False,unique_record,rule2_single_source_record
TK-241350,2025-04-01 21:47,2025-04-01 22:14,resolved,chat,C108749,,VR905741,fallback_single,VA-SP-MINI,Billing & Payments,High,Billing,A3035,0,5.0,2249.0,2249.0,PRICE-ADJ,N,helpdesk,helpdesk,True,reconciled_migration_pair,rule1_verified_migration_duplicate_helpdesk_selected
TK-241357,2025-04-02 09:34,2025-04-02 10:13,resolved,chat,C105873,VR905124,VR905124,quoted_valid,VA-SP-MINI,Delivery & Shipping,Normal,Logistics,A3028,0,,33700.0,337.0,DOA-REPL,N,legacy_fd,legacy_fd,False,unique_record,rule2_single_source_record
TK-241361,2025-04-02 11:47,2025-04-02 14:03,resolved,email,C104548,VR905356,VR905356,quoted_valid,VA-HP-ST3,Other,Normal,Email Frontline,A3020,0,5.0,594900.0,5949.0,CANCEL,N,legacy_fd,legacy_fd,False,unique_record,rule2_single_source_record
TK-241364,2025-04-02 13:32,2025-04-02 14:09,closed,voice,C106479,,,ambiguous,VA-EB-PL1,Billing & Payments,High,Billing,A3020,1,4.0,100000.0,1000.0,DUP-PAYMENT,N,legacy_fd,legacy_fd,False,unique_record,rule2_single_source_record
TK-241376,2025-04-03 13:51,2025-04-05 14:17,resolved,chat,C107924,,VR898572,fallback_single,VA-HP-ST3,Billing & Payments,Normal,Billing,A3033,0,2.0,3500.0,3500.0,RETURN-QC-OK,N,helpdesk,helpdesk,True,reconciled_migration_pair,rule1_verified_migration_duplicate_helpdesk_selected
TK-241391,2025-04-04 06:32,2025-04-06 09:16,resolved,email,C106872,,VR895819,fallback_single,VA-EB-AIR,Other,Normal,Email Frontline,A3020,0,,1799.0,1799.0,GW-OTHER,N,helpdesk,helpdesk,True,reconciled_migration_pair,rule1_verified_migration_duplicate_helpdesk_selected
TK-241398,2025-04-04 15:23,2025-04-04 17:09,resolved,email,C108015,VR893301,VR893301,quoted_valid,VA-SP-ORB,Connectivity,Normal,Email Frontline,A3018,0,,60000.0,600.0,GW-OTHER,N,legacy_fd,legacy_fd,False,unique_record,rule2_single_source_record
TK-241402,2025-04-04 17:55,2025-04-04 21:27,resolved,social,C102201,VR889754,VR889754,quoted_valid,VA-SP-MINI,Other,Normal,Chat Frontline,A3009,0,3.0,1999.0,1999.0,CANCEL,N,helpdesk,helpdesk,True,reconciled_migration_pair,rule1_verified_migration_duplicate_helpdesk_selected
TK-241404,2025-04-04 20:51,2025-04-04 23:43,resolved,email,C107385,,VR890520,fallback_single,VA-SW-FIT,Other,Normal,Email Frontline,A3001,0,5.0,199900.0,1999.0,DUP-PAYMENT,N,legacy_fd,legacy_fd,False,unique_record,rule2_single_source_record
TK-241415,2025-04-05 11:04,2025-04-07 14:52,resolved,email,C103034,,VR899335,fallback_single,VA-SW-NX2,Returns & Refunds,High,Returns Desk,A3036,0,,584900.0,5849.0,GW-OTHER,N,legacy_fd,legacy_fd,False,unique_record,rule2_single_source_record
TK-241421,2025-04-05 12:47,2025-04-05 13:42,resolved,voice,C102443,VR895447,VR895447,quoted_valid,VA-SW-FIT,Billing & Payments,High,Billing,A3033,0,,1699.0,1699.0,DUP-PAYMENT,N,helpdesk,helpdesk,True,reconciled_migration_pair,rule1_verified_migration_duplicate_helpdesk_selected
TK-241436,2025-04-05 21:47,2025-04-08 22:18,resolved,chat,C104901,,VR880503,fallback_single,VA-NB-ARC,Returns & Refunds,Normal,Returns Desk,A3036,0,3.0,110400.0,1104.0,RETURN-QC-OK,N,legacy_fd,legacy_fd,False,unique_record,rule2_single_source_record
TK-241437,2025-04-05 22:31,2025-04-05 22:46,resolved,chat,C109127,,VR903273,fallback_single,VA-SP-ORB,Other,Normal,Chat Frontline,A3017,0,,5399.0,5399.0,CANCEL,N,helpdesk,helpdesk,True,reconciled_migration_pair,rule1_verified_migration_duplicate_helpdesk_selected
TK-241445,2025-04-06 09:57,2025-04-07 10:31,resolved,chat,C105335,VR884326,VR884326,quoted_valid,VA-SW-NX2,Returns & Refunds,High,Returns Desk,A3037,0,,552400.0,5524.0,RETURN-QC-OK,N,legacy_fd,legacy_fd,False,unique_record,rule2_single_source_record
TK-241452,2025-04-06 15:38,2025-04-07 18:07,resolved,voice,C107163,,VR882212,fallback_single,VA-SW-NX2,Warranty & Repair,Normal,Escalations & Warranty,A3044,0,3.0,5199.0,5199.0,WTY-BUYBACK,N,helpdesk,helpdesk,True,reconciled_migration_pair,rule1_verified_migration_duplicate_helpdesk_selected
TK-241466,2025-04-07 07:43,2025-04-07 09:58,resolved,email,C106469,,,ambiguous,VA-EB-PL1,Charging & Battery,Normal,Email Frontline,A3022,0,,224900.0,2249.0,WTY-BUYBACK,Y,legacy_fd,legacy_fd,False,unique_record,rule2_single_source_record
TK-241468,2025-04-07 09:57,2025-04-07 10:15,resolved,chat,C101457,,VR901684,fallback_single,VA-SP-MINI,Other,Low,Chat Frontline,A3011,0,,2374.0,2374.0,CANCEL,N,helpdesk,helpdesk,True,reconciled_migration_pair,rule1_verified_migration_duplicate_helpdesk_selected
TK-241475,2025-04-07 18:28,2025-04-09 22:40,resolved,email,C101390,VR883108,VR883108,quoted_valid,VA-EB-PL1,Delivery & Shipping,Normal,Logistics,A3028,0,,237400.0,2374.0,WTY-BUYBACK,Y,legacy_fd,legacy_fd,False,unique_record,rule2_single_source_record
TK-241476,2025-04-07 18:54,2025-04-10 19:30,resolved,chat,C106444,,VR884065,fallback_single,VA-SW-NX2,Delivery & Shipping,Normal,Logistics,A3030,0,,6499.0,6499.0,GW-OTHER,N,helpdesk,helpdesk,True,reconciled_migration_pair,rule1_verified_migration_duplicate_helpdesk_selected
TK-241477,2025-04-07 19:16,2025-04-07 19:28,resolved,chat,C107470,VR908710,VR908710,quoted_valid,VA-EB-PL1,Delivery & Shipping,Normal,Logistics,A3030,0,2.0,80000.0,800.0,CANCEL,N,legacy_fd,legacy_fd,False,unique_record,rule2_single_source_record
TK-241493,2025-04-08 18:05,2025-04-08 19:51,resolved,email,C105011,,VR896925,fallback_single,VA-HP-ST3,Returns & Refunds,Normal,Returns Desk,A3036,0,3.0,5599.0,5599.0,RETURN-QC-OK,N,helpdesk,helpdesk,True,reconciled_migration_pair,rule1_verified_migration_duplicate_helpdesk_selected
TK-241507,2025-04-09 14:11,2025-04-10 15:36,resolved,voice,C107470,VR908710,VR908710,quoted_valid,VA-EB-PL1,Returns & Refunds,Normal,Returns Desk,A3036,0,,399800.0,3998.0,RETURN-QC-OK,N,legacy_fd,legacy_fd,False,unique_record,rule2_single_source_record
TK-241529,2025-04-10 23:20,2025-04-13 01:13,resolved,email,C109473,VR886244,VR886244,quoted_valid,VA-EB-AIR,Returns & Refunds,Normal,Returns Desk,A3038,0,,179900.0,1799.0,RETURN-QC-OK,N,legacy_fd,legacy_fd,False,unique_record,rule2_single_source_record
TK-241540,2025-04-11 11:33,2025-04-13 12:05,resolved,chat,C109018,VR904456,VR904456,quoted_valid,VA-EB-PL1,Returns & Refunds,Normal,Returns Desk,A3038,0,5.0,2249.0,2249.0,GW-OTHER,N,helpdesk,helpdesk,True,reconciled_migration_pair,rule1_verified_migration_duplicate_helpdesk_selected
TK-241558,2025-04-12 13:38,2025-04-12 14:05,resolved,chat,C102334,,VR904490,fallback_single,VA-HP-ST3,Billing & Payments,High,Billing,A3033,0,,140000.0,1400.0,CANCEL,N,legacy_fd,legacy_fd,False,unique_record,rule2_single_source_record
TK-241559,2025-04-12 13:47,2025-04-12 14:02,resolved,chat,C107437,,VR882713,fallback_single,VA-SW-FIT,Delivery & Shipping,High,Logistics,A3031,0,4.0,80000.0,800.0,GW-OTHER,N,legacy_fd,legacy_fd,False,unique_record,rule2_single_source_record
TK-241568,2025-04-12 21:25,2025-04-12 22:54,resolved,email,C102924,,VR888193,fallback_single,VA-HP-ST3,Returns & Refunds,Normal,Returns Desk,A3038,0,,119000.0,1190.0,RETURN-QC-OK,N,legacy_fd,legacy_fd,False,unique_record,rule2_single_source_record
TK-241575,2025-04-13 11:37,2025-04-16 11:59,resolved,chat,C108077,VR903628,VR903628,quoted_valid,VA-EB-PL1,Returns & Refunds,Normal,Returns Desk,A3037,0,,199900.0,1999.0,GW-OTHER,Y,legacy_fd,legacy_fd,False,unique_record,rule2_single_source_record
TK-241634,2025-04-15 14:49,2025-04-15 15:11,resolved,chat,C102362,,,ambiguous,VA-EB-AIR,Delivery & Shipping,Normal,Logistics,A3030,0,4.0,143900.0,1439.0,RETURN-QC-OK,N,legacy_fd,legacy_fd,False,unique_record,rule2_single_source_record
TK-241644,2025-04-16 00:46,2025-04-18 05:51,resolved,email,C104749,VR900574,VR900574,quoted_valid,VA-EB-PL1,Delivery & Shipping,Normal,Logistics,A3028,0,,50000.0,500.0,RETURN-QC-OK,N,legacy_fd,legacy_fd,False,unique_record,rule2_single_source_record
TK-241646,2025-04-16 08:16,2025-04-16 08:54,resolved,chat,C105659,VR886726,VR886726,quoted_valid,VA-AC-CBL,Billing & Payments,High,Billing,A3034,0,3.0,37900.0,379.0,DUP-PAYMENT,N,legacy_fd,legacy_fd,False,unique_record,rule2_single_source_record
TK-241671,2025-04-17 12:03,2025-04-18 16:04,resolved,social,C103411,VR908508,VR908508,quoted_valid,VA-EB-PL1,Returns & Refunds,Normal,Returns Desk,A3036,0,3.0,112400.0,1124.0,RETURN-QC-OK,N,legacy_fd,legacy_fd,False,unique_record,rule2_single_source_record
TK-241675,2025-04-17 15:19,2025-04-17 16:12,resolved,social,C102917,,VR882766,fallback_single,VA-EB-AIR,Connectivity,Normal,Chat Frontline,A3005,0,,179900.0,1799.0,GW-OTHER,N,legacy_fd,legacy_fd,False,unique_record,rule2_single_source_record
TK-241676,2025-04-17 15:51,2025-04-19 16:09,resolved,chat,C107534,VR908044,VR908044,quoted_valid,VA-SW-NX2,Returns & Refunds,Normal,Returns Desk,A3036,0,4.0,130000.0,1300.0,GW-OTHER,N,legacy_fd,legacy_fd,False,unique_record,rule2_single_source_record
TK-241686,2025-04-18 08:13,2025-04-20 08:40,resolved,chat,C107645,VR908439,VR908439,quoted_valid,VA-SW-NX2,Returns & Refunds,High,Returns Desk,A3037,0,,617400.0,6174.0,GW-OTHER,N,legacy_fd,legacy_fd,False,unique_record,rule2_single_source_record
TK-241688,2025-04-18 09:26,2025-04-18 10:08,resolved,chat,C106876,VR898470,VR898470,quoted_valid,VA-EB-AIR,App & Firmware,Normal,Chat Frontline,A3013,0,4.0,179900.0,1799.0,DOA-REPL,Y,legacy_fd,legacy_fd,False,unique_record,rule2_single_source_record
TK-241690,2025-04-18 10:05,2025-04-19 10:30,resolved,voice,C100087,VR904366,VR904366,quoted_valid,VA-EB-AIR,Returns & Refunds,High,Returns Desk,A3037,0,3.0,21600.0,216.0,GW-OTHER,N,legacy_fd,legacy_fd,False,unique_record,rule2_single_source_record
TK-241703,2025-04-18 19:22,2025-04-18 20:38,resolved,voice,C107894,,VR909072,fallback_single,VA-HP-ST3,Billing & Payments,High,Billing,A3035,0,3.0,1329800.0,13298.0,DUP-PAYMENT,N,legacy_fd,legacy_fd,False,unique_record,rule2_single_source_record
TK-241705,2025-04-18 19:58,2025-04-19 22:05,resolved,email,C105423,VR899587,VR899587,quoted_valid,VA-EB-AIR,Returns & Refunds,Normal,Returns Desk,A3036,0,4.0,170900.0,1709.0,GW-OTHER,N,legacy_fd,legacy_fd,False,unique_record,rule2_single_source_record
TK-241708,2025-04-18 23:34,2025-04-19 04:09,resolved,email,C106050,VR900918,VR900918,quoted_valid,VA-AC-CBL,Other,Low,Email Frontline,A3001,0,4.0,20000.0,200.0,DUP-PAYMENT,N,legacy_fd,legacy_fd,False,unique_record,rule2_single_source_record
TK-241711,2025-04-19 10:06,2025-04-19 11:35,resolved,voice,C106946,,VR895649,fallback_single,VA-HP-ST3,Billing & Payments,Normal,Billing,A3033,0,,629900.0,6299.0,GW-OTHER,N,legacy_fd,legacy_fd,False,unique_record,rule2_single_source_record
TK-241714,2025-04-19 12:06,2025-04-19 12:35,resolved,chat,C102755,,VR893252,fallback_single,VA-SW-NX1,Other,Normal,Chat Frontline,A3006,0,,47500.0,475.0,CANCEL,N,legacy_fd,legacy_fd,False,unique_record,rule2_single_source_record
TK-241721,2025-04-19 17:50,2025-04-19 18:02,resolved,chat,C106341,,VR899358,fallback_single,VA-AC-CH65,Billing & Payments,High,Billing,A3035,0,5.0,1349.0,1349.0,CANCEL,N,helpdesk,helpdesk,True,reconciled_migration_pair,rule1_verified_migration_duplicate_helpdesk_selected
TK-241723,2025-04-19 18:13,2025-04-19 21:30,resolved,email,C108311,VR894072,VR894072,quoted_valid,VA-EB-AIR,Billing & Payments,High,Billing,A3035,0,4.0,179900.0,1799.0,PRICE-ADJ,N,legacy_fd,legacy_fd,False,unique_record,rule2_single_source_record
TK-241724,2025-04-19 19:52,2025-04-20 20:35,resolved,social,C101771,VR881394,VR881394,quoted_valid,VA-EB-PL1,Returns & Refunds,Normal,Returns Desk,A3017,1,,249900.0,2499.0,RETURN-QC-OK,N,legacy_fd,legacy_fd,False,unique_record,rule2_single_source_record
TK-241726,2025-04-19 20:56,2025-04-22 23:18,resolved,email,C103573,VR880741,VR880741,quoted_valid,VA-EB-AIR,Returns & Refunds,Normal,Returns Desk,A3037,0,4.0,152900.0,1529.0,RETURN-QC-OK,N,legacy_fd,legacy_fd,False,unique_record,rule2_single_source_record
TK-241735,2025-04-20 10:29,2025-04-22 11:07,resolved,chat,C108834,,VR880634,fallback_single,VA-SW-FIT,Billing & Payments,Normal,Billing,A3034,0,,399800.0,3998.0,GW-OTHER,N,legacy_fd,legacy_fd,False,unique_record,rule2_single_source_record
TK-241749,2025-04-21 15:18,2025-04-21 16:48,resolved,voice,C101667,VR900822,VR900822,quoted_valid,VA-EB-PL1,Audio Quality,Normal,Voice Frontline,A3026,0,3.0,2249.0,2249.0,GW-OTHER,N,helpdesk,helpdesk,True,reconciled_migration_pair,rule1_verified_migration_duplicate_helpdesk_selected
TK-241755,2025-04-22 05:56,2025-05-04 09:14,closed,email,C100970,VR897385,VR897385,quoted_valid,VA-SW-NX2,Warranty & Repair,Normal,Escalations & Warranty,A3039,0,,552400.0,5524.0,GW-OTHER,N,legacy_fd,legacy_fd,False,unique_record,rule2_single_source_record
TK-241768,2025-04-22 21:20,2025-04-23 21:53,closed,chat,C108752,VR880409,VR880409,quoted_valid,VA-EB-AIR,Returns & Refunds,Normal,Returns Desk,A3036,0,,179900.0,1799.0,GW-OTHER,N,legacy_fd,legacy_fd,False,unique_record,rule2_single_source_record
TK-241775,2025-04-23 13:50,,open,voice,C105578,,VR896668,fallback_single,VA-SP-MINI,Billing & Payments,High,Billing,A3035,0,,75000.0,750.0,GW-OTHER,N,legacy_fd,legacy_fd,False,unique_record,rule2_single_source_record
TK-241779,2025-04-23 18:34,2025-04-26 18:58,resolved,chat,C104097,VR886333,VR886333,quoted_valid,VA-EB-PL1,Returns & Refunds,Normal,Returns Desk,A3036,0,4.0,500.0,500.0,RETURN-QC-OK,N,helpdesk,helpdesk,True,reconciled_migration_pair,rule1_verified_migration_duplicate_helpdesk_selected
TK-241786,2025-04-24 08:03,2025-04-24 08:40,resolved,chat,C102495,VR908391,VR908391,quoted_valid,VA-SP-ORB,Billing & Payments,High,Billing,A3036,1,,599900.0,5999.0,DUP-PAYMENT,N,legacy_fd,legacy_fd,False,unique_record,rule2_single_source_record
TK-241788,2025-04-24 08:21,2025-04-25 08:50,resolved,chat,C106470,VR903500,VR903500,quoted_valid,VA-SP-ORB,Billing & Payments,High,Billing,A3033,0,3.0,569900.0,5699.0,GW-OTHER,N,legacy_fd,legacy_fd,False,unique_record,rule2_single_source_record
TK-241789,2025-04-24 08:28,2025-04-24 08:48,resolved,chat,C101977,VR892685,VR892685,quoted_valid,VA-HP-ST2,Other,Normal,Chat Frontline,A3007,0,,424900.0,4249.0,CANCEL,N,legacy_fd,legacy_fd,False,unique_record,rule2_single_source_record
TK-241790,2025-04-24 09:07,,pending,email,C102388,VR888270,VR888270,quoted_valid,VA-SP-MINI,Billing & Payments,Normal,Billing,A3033,0,,2374.0,2374.0,PRICE-ADJ,N,helpdesk,helpdesk,True,reconciled_migration_pair,rule1_verified_migration_duplicate_helpdesk_selected
TK-241796,2025-04-24 13:29,2025-04-24 20:36,resolved,email,C101169,,VR890696,fallback_single,VA-EB-AIR,Other,Normal,Email Frontline,A3018,0,5.0,143900.0,1439.0,GW-OTHER,N,legacy_fd,legacy_fd,False,unique_record,rule2_single_source_record
TK-241800,2025-04-24 15:07,2025-04-24 20:03,resolved,voice,C107163,VR882212,VR882212,quoted_valid,VA-SW-NX2,Connectivity,Normal,Voice Frontline,A3026,0,5.0,519900.0,5199.0,WTY-BUYBACK,N,legacy_fd,legacy_fd,False,unique_record,rule2_single_source_record
TK-241806,2025-04-24 21:35,2025-04-25 05:39,resolved,email,C109104,VR888266,VR888266,quoted_valid,VA-EB-AIR,Connectivity,Normal,Email Frontline,A3016,0,,359800.0,3598.0,DOA-REPL,Y,legacy_fd,legacy_fd,False,unique_record,rule2_single_source_record
TK-241819,2025-04-25 17:54,2025-04-27 23:31,resolved,email,C102711,,VR906468,fallback_single,VA-HP-ST3,Returns & Refunds,Normal,Returns Desk,A3038,0,,699900.0,6999.0,RETURN-QC-OK,N,legacy_fd,legacy_fd,False,unique_record,rule2_single_source_record
TK-241823,2025-04-25 21:44,,pending,email,C109477,VR885228,VR885228,quoted_valid,VA-EB-PL1,Returns & Refunds,Normal,Returns Desk,A3036,0,2.0,37500.0,375.0,RETURN-QC-OK,N,legacy_fd,legacy_fd,False,unique_record,rule2_single_source_record
TK-241826,2025-04-26 08:41,2025-04-27 08:54,resolved,chat,C107691,VR894241,VR894241,quoted_valid,VA-EB-PL1,Returns & Refunds,Normal,Returns Desk,A3038,0,,212400.0,2124.0,GW-OTHER,N,legacy_fd,legacy_fd,False,unique_record,rule2_single_source_record
TK-241832,2025-04-26 11:54,2025-04-26 22:24,resolved,email,C107999,VR908126,VR908126,quoted_valid,VA-HP-ST3,Billing & Payments,High,Billing,A3035,0,3.0,559900.0,5599.0,GW-OTHER,N,legacy_fd,legacy_fd,False,unique_record,rule2_single_source_record
TK-241845,2025-04-27 00:46,2025-04-29 01:00,resolved,chat,C106775,VR907010,VR907010,quoted_valid,VA-HP-ST3,Returns & Refunds,Normal,Returns Desk,A3038,0,4.0,699900.0,6999.0,GW-OTHER,N,legacy_fd,legacy_fd,False,unique_record,rule2_single_source_record
TK-241851,2025-04-27 18:22,2025-05-10 01:24,resolved,email,C109043,,VR886953,fallback_single,VA-SW-FIT,Warranty & Repair,Normal,Escalations & Warranty,A3038,1,,169900.0,1699.0,GW-OTHER,N,legacy_fd,legacy_fd,False,unique_record,rule2_single_source_record
TK-241857,2025-04-27 21:02,2025-04-27 21:33,resolved,chat,C107376,,VR881512,fallback_single,VA-SW-NX2,Other,Low,Chat Frontline,A3014,0,,649900.0,6499.0,GW-OTHER,N,legacy_fd,legacy_fd,False,unique_record,rule2_single_source_record
TK-241863,2025-04-28 09:06,2025-04-30 09:36,resolved,chat,C101893,VR897162,VR897162,quoted_valid,VA-HP-ST3,Delivery & Shipping,Normal,Logistics,A3029,0,3.0,594900.0,5949.0,GW-OTHER,N,legacy_fd,legacy_fd,False,unique_record,rule2_single_source_record
TK-241868,2025-04-28 11:08,2025-04-28 12:18,resolved,voice,C104262,VR883821,VR883821,quoted_valid,VA-EB-AIR,Billing & Payments,High,Billing,A3032,0,3.0,144.0,144.0,DUP-PAYMENT,N,helpdesk,helpdesk,True,reconciled_migration_pair,rule1_verified_migration_duplicate_helpdesk_selected
TK-241869,2025-04-28 11:36,2025-04-28 12:37,resolved,chat,C102669,VR909910,VR909910,quoted_valid,VA-SW-NX2,Billing & Payments,High,Billing,A3034,0,,649900.0,6499.0,DUP-PAYMENT,N,legacy_fd,legacy_fd,False,unique_record,rule2_single_source_record
TK-241872,2025-04-28 12:37,2025-04-30 13:11,resolved,chat,C100263,,VR882193,fallback_single,VA-EB-PL1,Returns & Refunds,Normal,Returns Desk,A3038,0,,199900.0,1999.0,RETURN-QC-OK,N,legacy_fd,legacy_fd,False,unique_record,rule2_single_source_record
TK-241876,2025-04-29 03:55,2025-04-30 01:53,resolved,email,C103528,,VR880672,fallback_single,VA-SP-MINI,Billing & Payments,High,Billing,A3033,0,,224900.0,2249.0,GW-OTHER,N,legacy_fd,legacy_fd,False,unique_record,rule2_single_source_record
TK-241881,2025-04-29 18:44,2025-04-30 00:26,resolved,email,C109217,,VR887372,fallback_single,VA-SP-MINI,Billing & Payments,Normal,Billing,A3033,0,3.0,21200.0,212.0,GW-OTHER,N,legacy_fd,legacy_fd,False,unique_record,rule2_single_source_record
TK-241883,2025-04-29 20:02,2025-04-29 20:56,resolved,voice,C101949,,VR904858,fallback_single,VA-SW-NX1,Charging & Battery,Normal,Voice Frontline,A3026,0,,899800.0,8998.0,GW-OTHER,N,legacy_fd,legacy_fd,False,unique_record,rule2_single_source_record
TK-241885,2025-04-29 22:07,2025-04-29 22:27,resolved,chat,C109491,VR907868,VR907868,quoted_valid,VA-SW-NX2,Billing & Payments,High,Billing,A3034,0,,6499.0,6499.0,DUP-PAYMENT,N,helpdesk,helpdesk,True,reconciled_migration_pair,rule1_verified_migration_duplicate_helpdesk_selected
TK-241897,2025-04-30 15:46,2025-04-30 19:32,resolved,email,C101490,VR906729,VR906729,quoted_valid,VA-EB-PL1,Audio Quality,Normal,Email Frontline,A3018,1,,224900.0,2249.0,GW-OTHER,Y,legacy_fd,legacy_fd,False,unique_record,rule2_single_source_record
TK-241903,2025-04-30 21:51,2025-04-30 22:12,resolved,chat,C109176,VR882506,VR882506,quoted_valid,VA-HP-ST3,Billing & Payments,High,Billing,A3035,0,3.0,350000.0,3500.0,PRICE-ADJ,N,legacy_fd,legacy_fd,False,unique_record,rule2_single_source_record
TK-241904,2025-04-30 22:20,2025-05-06 01:46,resolved,email,C108204,,VR904921,fallback_single,VA-SW-NX1,Delivery & Shipping,Normal,Logistics,A3028,0,,499900.0,4999.0,DOA-REPL,N,legacy_fd,legacy_fd,False,unique_record,rule2_single_source_record
TK-241920,2025-05-01 20:25,2025-05-03 20:51,resolved,chat,C103926,,,ambiguous,VA-SP-ORB,Returns & Refunds,Normal,Returns Desk,A3036,0,3.0,599900.0,5999.0,GW-OTHER,N,legacy_fd,legacy_fd,False,unique_record,rule2_single_source_record
TK-241927,2025-05-01 22:26,2025-05-01 22:55,closed,chat,C102398,VR882039,VR882039,quoted_valid,VA-SW-FIT,Other,Normal,Chat Frontline,A3017,0,,169900.0,1699.0,GW-OTHER,N,legacy_fd,legacy_fd,False,unique_record,rule2_single_source_record
TK-241932,2025-05-02 12:34,2025-05-02 20:26,resolved,email,C109419,VR899422,VR899422,quoted_valid,VA-SW-NX1,Billing & Payments,Normal,Billing,A3035,0,,100000.0,1000.0,GW-OTHER,N,legacy_fd,legacy_fd,False,unique_record,rule2_single_source_record
TK-241934,2025-05-02 12:59,2025-05-05 14:48,closed,email,C106775,VR907010,VR907010,quoted_valid,VA-HP-ST3,Returns & Refunds,Low,Returns Desk,A3036,0,,140000.0,1400.0,GW-OTHER,N,legacy_fd,legacy_fd,False,unique_record,rule2_single_source_record
TK-241935,2025-05-02 13:25,2025-05-02 16:10,resolved,social,C100081,VR904184,VR904184,quoted_valid,VA-HP-ST2,Other,Normal,Chat Frontline,A3014,1,5.0,474900.0,4749.0,CANCEL,N,legacy_fd,legacy_fd,False,unique_record,rule2_single_source_record
TK-241939,2025-05-02 15:55,2025-05-02 16:16,resolved,chat,C102495,VR891057,VR891057,quoted_valid,VA-EB-PL1,Billing & Payments,Normal,Billing,A3035,0,,249900.0,2499.0,DUP-PAYMENT,N,legacy_fd,legacy_fd,False,unique_record,rule2_single_source_record
TK-241942,2025-05-02 17:23,2025-05-04 23:19,resolved,email,C103851,,VR888335,fallback_single,VA-SW-FIT,Returns & Refunds,Normal,Returns Desk,A3017,1,,199900.0,1999.0,GW-OTHER,N,legacy_fd,legacy_fd,False,unique_record,rule2_single_source_record
TK-241943,2025-05-02 18:23,2025-05-02 18:51,resolved,chat,C101638,VR894910,VR894910,quoted_valid,VA-EB-AIR,Returns & Refunds,Normal,Returns Desk,A3036,0,3.0,27000.0,270.0,GW-OTHER,N,legacy_fd,legacy_fd,False,unique_record,rule2_single_source_record
TK-241945,2025-05-02 19:17,2025-05-03 01:22,resolved,email,C104200,,VR909504,fallback_single,VA-NB-ARC,Delivery & Shipping,Normal,Logistics,A3028,0,,129900.0,1299.0,CANCEL,N,legacy_fd,legacy_fd,False,unique_record,rule2_single_source_record
TK-241951,2025-05-03 09:19,2025-05-04 09:43,resolved,chat,C104332,VR906802,VR906802,quoted_valid,VA-SW-NX2,Returns & Refunds,Normal,Returns Desk,A3037,0,,5524.0,5524.0,RETURN-QC-OK,N,helpdesk,helpdesk,True,reconciled_migration_pair,rule1_verified_migration_duplicate_helpdesk_selected
TK-241962,2025-05-03 15:59,2025-05-03 16:15,resolved,chat,C103486,,VR880866,fallback_single,VA-AC-CH65,Other,Low,Chat Frontline,A3015,0,,75000.0,750.0,GW-OTHER,N,legacy_fd,legacy_fd,False,unique_record,rule2_single_source_record
TK-241993,2025-05-05 12:58,2025-05-05 13:42,resolved,voice,C104789,VR901542,VR901542,quoted_valid,VA-SW-FIT,Billing & Payments,Normal,Billing,A3033,0,4.0,34000.0,340.0,GW-OTHER,N,legacy_fd,legacy_fd,False,unique_record,rule2_single_source_record
TK-242001,2025-05-05 20:27,2025-05-07 22:36,resolved,email,C102983,VR891811,VR891811,quoted_valid,VA-EB-PL1,Returns & Refunds,Normal,Returns Desk,A3037,0,,199900.0,1999.0,GW-OTHER,N,legacy_fd,legacy_fd,False,unique_record,rule2_single_source_record
TK-242006,2025-05-06 08:55,2025-05-06 10:39,resolved,email,C101977,VR892539,VR892539,quoted_valid,VA-HP-ST3,Billing & Payments,High,Billing,A3032,0,,559900.0,5599.0,PRICE-ADJ,N,legacy_fd,legacy_fd,False,unique_record,rule2_single_source_record
TK-242013,2025-05-06 17:39,2025-05-09 20:39,resolved,email,C105447,VR886069,VR886069,quoted_valid,VA-SW-NX2,Returns & Refunds,Normal,Returns Desk,A3036,0,5.0,584900.0,5849.0,RETURN-QC-OK,N,legacy_fd,legacy_fd,False,unique_record,rule2_single_source_record
TK-242020,2025-05-07 08:44,2025-05-07 09:01,closed,chat,C105178,,VR895271,fallback_single,VA-SP-ORB,Delivery & Shipping,Normal,Logistics,A3027,0,,539900.0,5399.0,WTY-BUYBACK,Y,legacy_fd,legacy_fd,False,unique_record,rule2_single_source_record
TK-242021,2025-05-07 09:32,2025-05-07 09:46,closed,chat,C106896,,,ambiguous,VA-SW-NX2,Delivery & Shipping,Normal,Logistics,A3031,0,,78000.0,780.0,LOST-TRANSIT,N,legacy_fd,legacy_fd,False,unique_record,rule2_single_source_record
TK-242025,2025-05-07 10:47,2025-05-07 11:08,resolved,chat,C104426,,VR902396,fallback_single,VA-SW-NX2,Other,Low,Chat Frontline,A3011,0,4.0,117000.0,1170.0,GW-OTHER,N,legacy_fd,legacy_fd,False,unique_record,rule2_single_source_record
TK-242030,2025-05-07 14:02,2025-05-07 14:38,resolved,voice,C106841,VR892748,VR892748,quoted_valid,VA-SW-FIT,App & Firmware,Normal,Voice Frontline,A3026,0,,159900.0,1599.0,WTY-BUYBACK,Y,legacy_fd,legacy_fd,False,unique_record,rule2_single_source_record
TK-242047,2025-05-08 11:43,2025-05-10 14:06,resolved,email,C109198,VR909973,VR909973,quoted_valid,VA-SP-MINI,Returns & Refunds,High,Returns Desk,A3037,0,,199900.0,1999.0,GW-OTHER,N,legacy_fd,legacy_fd,False,unique_record,rule2_single_source_record
TK-242050,2025-05-08 17:28,2025-05-08 18:11,resolved,chat,C109151,,VR886432,fallback_single,VA-AC-CH65,Billing & Payments,High,Billing,A3035,0,5.0,15000.0,150.0,DUP-PAYMENT,N,legacy_fd,legacy_fd,False,unique_record,rule2_single_source_record
TK-242052,2025-05-08 17:46,2025-05-08 18:24,resolved,chat,C103974,VR903916,VR903916,quoted_valid,VA-NB-ARC,Audio Quality,Normal,Chat Frontline,A3005,0,3.0,129900.0,1299.0,DOA-REPL,N,legacy_fd,legacy_fd,False,unique_record,rule2_single_source_record
TK-242055,2025-05-08 21:22,2025-05-08 22:08,resolved,voice,C101011,VR905100,VR905100,quoted_valid,VA-HP-ST3,Connectivity,Normal,Voice Frontline,A3035,1,,699900.0,6999.0,GW-OTHER,N,legacy_fd,legacy_fd,False,unique_record,rule2_single_source_record
TK-242056,2025-05-09 08:09,2025-05-09 12:21,closed,social,C104035,,VR888223,fallback_single,VA-EB-PL1,Billing & Payments,Normal,Billing,A3033,0,2.0,224900.0,2249.0,PRICE-ADJ,N,legacy_fd,legacy_fd,False,unique_record,rule2_single_source_record
TK-242061,2025-05-09 14:52,2025-05-10 15:45,resolved,voice,C105471,,VR906087,fallback_single,VA-HP-ST3,Returns & Refunds,Normal,Returns Desk,A3036,0,2.0,3500.0,3500.0,RETURN-QC-OK,N,helpdesk,helpdesk,True,reconciled_migration_pair,rule1_verified_migration_duplicate_helpdesk_selected
TK-242067,2025-05-09 20:34,2025-05-09 21:17,resolved,voice,C101972,VR899346,VR899346,quoted_valid,VA-SW-NX2,Other,Normal,Voice Frontline,A3026,0,,585.0,585.0,CANCEL,N,helpdesk,helpdesk,True,reconciled_migration_pair,rule1_verified_migration_duplicate_helpdesk_selected
TK-242080,2025-05-10 21:01,2025-05-10 21:36,resolved,voice,C100145,VR909747,VR909747,quoted_valid,VA-NB-ARC,Billing & Payments,High,Billing,A3035,0,4.0,110400.0,1104.0,GW-OTHER,N,legacy_fd,legacy_fd,False,unique_record,rule2_single_source_record
TK-242100,2025-05-12 00:00,2025-05-13 00:19,resolved,chat,C100322,,VR906977,fallback_single,VA-SP-ORB,Delivery & Shipping,High,Logistics,A3028,0,2.0,72000.0,720.0,GW-OTHER,N,legacy_fd,legacy_fd,False,unique_record,rule2_single_source_record
TK-242101,2025-05-12 00:01,2025-05-12 01:07,resolved,chat,C103054,VR893795,VR893795,quoted_valid,VA-SP-MINI,Billing & Payments,High,Billing,A3032,0,4.0,450.0,450.0,GW-OTHER,N,helpdesk,helpdesk,True,reconciled_migration_pair,rule1_verified_migration_duplicate_helpdesk_selected
TK-242105,2025-05-12 08:18,2025-05-12 08:33,resolved,chat,C105640,VR905439,VR905439,quoted_valid,VA-EB-PL1,Other,Normal,Chat Frontline,A3007,0,,37500.0,375.0,CANCEL,N,legacy_fd,legacy_fd,False,unique_record,rule2_single_source_record
TK-242112,2025-05-12 13:03,2025-05-12 13:14,resolved,chat,C102507,VR897415,VR897415,quoted_valid,VA-SW-NX2,Billing & Payments,High,Billing,A3032,0,3.0,97500.0,975.0,GW-OTHER,N,legacy_fd,legacy_fd,False,unique_record,rule2_single_source_record
TK-242117,2025-05-12 19:09,2025-05-12 19:48,resolved,voice,C104471,,VR899065,fallback_single,VA-SP-MINI,Billing & Payments,High,Billing,A3035,0,,2249.0,2249.0,GW-OTHER,N,helpdesk,helpdesk,True,reconciled_migration_pair,rule1_verified_migration_duplicate_helpdesk_selected
TK-242121,2025-05-12 20:52,2025-05-21 03:01,resolved,chat,C105045,VR897571,VR897571,quoted_valid,VA-SW-NX2,Warranty & Repair,Normal,Escalations & Warranty,A3043,0,,130000.0,1300.0,GW-OTHER,N,legacy_fd,legacy_fd,False,unique_record,rule2_single_source_record
TK-242127,2025-05-13 09:36,2025-05-14 10:33,resolved,voice,C106163,,VR884084,fallback_single,VA-HP-ST2,Returns & Refunds,Normal,Returns Desk,A3037,0,,399900.0,3999.0,RETURN-QC-OK,N,legacy_fd,legacy_fd,False,unique_record,rule2_single_source_record
TK-242130,2025-05-13 11:34,2025-05-16 15:33,resolved,email,C108202,VR903702,VR903702,quoted_valid,VA-HP-ST2,Delivery & Shipping,Normal,Logistics,A3030,0,,899800.0,8998.0,GW-OTHER,N,legacy_fd,legacy_fd,False,unique_record,rule2_single_source_record
TK-242131,2025-05-13 12:15,2025-05-18 13:30,resolved,social,C104767,,VR885725,fallback_single,VA-AC-CBL,Delivery & Shipping,High,Logistics,A3029,0,3.0,120.0,120.0,GW-OTHER,N,helpdesk,helpdesk,True,reconciled_migration_pair,rule1_verified_migration_duplicate_helpdesk_selected
TK-242134,2025-05-13 14:48,2025-05-13 15:12,resolved,chat,C106428,VR893782,VR893782,quoted_valid,VA-SW-NX2,Other,Normal,Chat Frontline,A3008,0,4.0,617400.0,6174.0,CANCEL,N,legacy_fd,legacy_fd,False,unique_record,rule2_single_source_record
TK-242158,2025-05-14 15:57,2025-05-14 16:31,resolved,chat,C108329,VR909654,VR909654,quoted_valid,VA-AC-CH65,Delivery & Shipping,Normal,Logistics,A3030,0,4.0,2998.0,2998.0,GW-OTHER,Y,helpdesk,helpdesk,True,reconciled_migration_pair,rule1_verified_migration_duplicate_helpdesk_selected
TK-242166,2025-05-15 10:49,2025-05-15 11:58,resolved,voice,C104267,VR880616,VR880616,quoted_valid,VA-HP-ST3,Other,Normal,Voice Frontline,A3023,0,1.0,332400.0,3324.0,CANCEL,N,legacy_fd,legacy_fd,False,unique_record,rule2_single_source_record
TK-242168,2025-05-15 11:36,2025-05-16 12:52,resolved,social,C102672,VR886416,VR886416,quoted_valid,VA-SW-NX2,Returns & Refunds,Normal,Returns Desk,A3037,0,,617.0,617.0,RETURN-QC-OK,N,helpdesk,helpdesk,True,reconciled_migration_pair,rule1_verified_migration_duplicate_helpdesk_selected
TK-242174,2025-05-15 17:36,2025-05-15 18:08,resolved,chat,C107658,VR895082,VR895082,quoted_valid,VA-HP-ST3,Billing & Payments,High,Billing,A3035,0,4.0,3500.0,3500.0,GW-OTHER,N,helpdesk,helpdesk,True,reconciled_migration_pair,rule1_verified_migration_duplicate_helpdesk_selected
TK-242180,2025-05-15 23:27,2025-05-19 01:08,resolved,social,C108388,,VR904446,fallback_single,VA-AC-CH65,Returns & Refunds,Normal,Returns Desk,A3037,0,2.0,240.0,240.0,RETURN-QC-OK,N,helpdesk,helpdesk,True,reconciled_migration_pair,rule1_verified_migration_duplicate_helpdesk_selected
TK-242182,2025-05-16 08:23,2025-05-16 08:48,resolved,chat,C105280,VR903841,VR903841,quoted_valid,VA-EB-PL1,Returns & Refunds,High,Returns Desk,A3038,0,,25000.0,250.0,RETURN-QC-OK,N,legacy_fd,legacy_fd,False,unique_record,rule2_single_source_record
TK-242190,2025-05-16 14:46,2025-05-16 16:11,resolved,voice,C103718,,VR888126,fallback_single,VA-SW-FIT,Other,Normal,Voice Frontline,A3026,0,,28500.0,285.0,DUP-PAYMENT,N,legacy_fd,legacy_fd,False,unique_record,rule2_single_source_record
TK-242191,2025-05-16 14:55,2025-05-16 15:25,resolved,voice,C103336,VR898481,VR898481,quoted_valid,VA-SP-MINI,Delivery & Shipping,Normal,Logistics,A3030,0,,249900.0,2499.0,GW-OTHER,N,legacy_fd,legacy_fd,False,unique_record,rule2_single_source_record
TK-242210,2025-05-17 14:42,2025-05-17 18:05,resolved,voice,C100557,VR902532,VR902532,quoted_valid,VA-EB-PL1,Other,Normal,Voice Frontline,A3026,0,,249900.0,2499.0,CANCEL,N,legacy_fd,legacy_fd,False,unique_record,rule2_single_source_record
TK-242222,2025-05-18 05:17,2025-05-18 06:54,resolved,email,C103298,VR903392,VR903392,quoted_valid,VA-HP-ST3,Other,Normal,Email Frontline,A3020,0,,63000.0,630.0,GW-OTHER,N,legacy_fd,legacy_fd,False,unique_record,rule2_single_source_record
TK-242223,2025-05-18 09:29,2025-05-18 11:31,resolved,voice,C105252,VR901644,VR901644,quoted_valid,VA-SW-NX2,Billing & Payments,Normal,Billing,A3034,0,,649900.0,6499.0,GW-OTHER,N,legacy_fd,legacy_fd,False,unique_record,rule2_single_source_record
TK-242232,2025-05-18 18:50,,pending,chat,C108887,VR890129,VR890129,quoted_valid,VA-SW-FIT,App & Firmware,Normal,Chat Frontline,A3012,0,,1999.0,1999.0,WTY-BUYBACK,N,helpdesk,helpdesk,True,reconciled_migration_pair,rule1_verified_migration_duplicate_helpdesk_selected
TK-242243,2025-05-19 11:32,2025-05-21 11:59,resolved,chat,C100430,VR905596,VR905596,quoted_valid,VA-SW-NX2,Returns & Refunds,Normal,Returns Desk,A3038,0,,78000.0,780.0,RETURN-QC-OK,N,legacy_fd,legacy_fd,False,unique_record,rule2_single_source_record
TK-242249,2025-05-19 13:20,2025-05-19 13:43,resolved,voice,C107000,VR900434,VR900434,quoted_valid,VA-EB-AIR,Billing & Payments,High,Billing,A3034,0,,152900.0,1529.0,GW-OTHER,N,legacy_fd,legacy_fd,False,unique_record,rule2_single_source_record
TK-242251,2025-05-19 15:25,,open,email,C105082,VR901973,VR901973,quoted_valid,VA-SP-ORB,Charging & Battery,Normal,Email Frontline,A3018,0,,569900.0,5699.0,GW-OTHER,N,legacy_fd,legacy_fd,False,unique_record,rule2_single_source_record
TK-242253,2025-05-19 15:58,2025-05-19 16:40,resolved,chat,C103674,VR892753,VR892753,quoted_valid,VA-EB-AIR,Audio Quality,Normal,Chat Frontline,A3012,0,,152900.0,1529.0,GW-OTHER,N,legacy_fd,legacy_fd,False,unique_record,rule2_single_source_record
TK-242254,2025-05-19 18:12,2025-05-19 18:46,resolved,chat,C102821,VR902971,VR902971,quoted_valid,VA-HP-ST2,Billing & Payments,High,Billing,A3035,0,,80000.0,800.0,DUP-PAYMENT,N,legacy_fd,legacy_fd,False,unique_record,rule2_single_source_record
TK-242266,2025-05-20 11:03,2025-05-20 18:29,resolved,social,C108989,,VR906500,fallback_single,VA-AC-CBL,Other,Normal,Chat Frontline,A3014,0,,16000.0,160.0,GW-OTHER,N,legacy_fd,legacy_fd,False,unique_record,rule2_single_source_record
TK-242270,2025-05-20 20:32,2025-05-21 21:08,resolved,chat,C108383,VR882542,VR882542,quoted_valid,VA-HP-ST3,Returns & Refunds,Normal,Returns Desk,A3036,0,,6999.0,6999.0,GW-OTHER,N,helpdesk,helpdesk,True,reconciled_migration_pair,rule1_verified_migration_duplicate_helpdesk_selected
TK-242277,2025-05-21 10:32,2025-05-21 11:26,resolved,voice,C104118,VR897046,VR897046,quoted_valid,VA-SW-NX1,Returns & Refunds,Low,Returns Desk,A3037,0,,499900.0,4999.0,GW-OTHER,N,legacy_fd,legacy_fd,False,unique_record,rule2_single_source_record
TK-242280,2025-05-21 11:08,2025-05-21 13:33,resolved,email,C101577,,VR907347,fallback_single,VA-HP-ST2,Returns & Refunds,Normal,Returns Desk,A3037,0,,50000.0,500.0,RETURN-QC-OK,N,legacy_fd,legacy_fd,False,unique_record,rule2_single_source_record
TK-242298,2025-05-22 08:55,2025-05-22 12:00,resolved,email,C107489,VR892599,VR892599,quoted_valid,VA-AC-CBL,Returns & Refunds,Low,Returns Desk,A3038,0,2.0,31900.0,319.0,RETURN-QC-OK,N,legacy_fd,legacy_fd,False,unique_record,rule2_single_source_record
TK-242302,2025-05-22 11:12,2025-05-22 12:26,resolved,social,C105431,VR898953,VR898953,quoted_valid,VA-AC-CH65,Billing & Payments,Low,Billing,A3034,0,4.0,127400.0,1274.0,GW-OTHER,N,legacy_fd,legacy_fd,False,unique_record,rule2_single_source_record
TK-242307,2025-05-22 14:33,2025-05-23 14:56,resolved,chat,C104977,VR902674,VR902674,quoted_valid,VA-EB-AIR,Returns & Refunds,Normal,Returns Desk,A3036,0,,81000.0,810.0,RETURN-QC-OK,N,legacy_fd,legacy_fd,False,unique_record,rule2_single_source_record
TK-242308,2025-05-22 15:38,2025-05-24 17:24,resolved,voice,C102319,VR892585,VR892585,quoted_valid,VA-SP-ORB,Returns & Refunds,Low,Returns Desk,A3036,0,3.0,108000.0,1080.0,RETURN-QC-OK,N,legacy_fd,legacy_fd,False,unique_record,rule2_single_source_record
TK-242310,2025-05-22 18:16,,open,email,C109482,VR896053,VR896053,quoted_valid,VA-EB-PL1,Returns & Refunds,Normal,Returns Desk,A3036,0,,31900.0,319.0,GW-OTHER,N,legacy_fd,legacy_fd,False,unique_record,rule2_single_source_record
TK-242313,2025-05-22 20:12,2025-05-22 22:01,resolved,email,C107142,VR903724,VR903724,quoted_valid,VA-HP-ST3,Billing & Payments,High,Billing,A3035,0,3.0,594900.0,5949.0,PRICE-ADJ,N,legacy_fd,legacy_fd,False,unique_record,rule2_single_source_record
TK-242321,2025-05-23 11:44,2025-05-23 12:12,resolved,chat,C106371,VR880970,VR880970,quoted_valid,VA-SW-NX2,Delivery & Shipping,Normal,Logistics,A3028,0,,649900.0,6499.0,WTY-BUYBACK,Y,legacy_fd,legacy_fd,False,unique_record,rule2_single_source_record
TK-242322,2025-05-23 14:12,2025-05-23 15:06,resolved,voice,C105086,,VR909979,fallback_single,VA-HP-ST3,Other,Normal,Voice Frontline,A3026,0,,56000.0,560.0,CANCEL,N,legacy_fd,legacy_fd,False,unique_record,rule2_single_source_record
TK-242332,2025-05-24 11:21,2025-05-24 12:03,resolved,chat,C104791,VR883844,VR883844,quoted_valid,VA-EB-PL1,Charging & Battery,Normal,Chat Frontline,A3006,0,,249900.0,2499.0,GW-OTHER,Y,legacy_fd,legacy_fd,False,unique_record,rule2_single_source_record
TK-242356,2025-05-25 10:27,2025-05-25 11:04,resolved,chat,C102697,VR904790,VR904790,quoted_valid,VA-AC-CBL,Billing & Payments,High,Billing,A3033,0,3.0,6400.0,64.0,GW-OTHER,N,legacy_fd,legacy_fd,False,unique_record,rule2_single_source_record
TK-242358,2025-05-25 11:22,2025-05-27 13:22,resolved,social,C104914,VR902719,VR902719,quoted_valid,VA-SW-FIT,Returns & Refunds,Normal,Returns Desk,A3037,0,,80000.0,800.0,GW-OTHER,N,legacy_fd,legacy_fd,False,unique_record,rule2_single_source_record
TK-242360,2025-05-25 12:37,2025-05-25 13:12,resolved,chat,C107401,,VR885363,fallback_single,VA-SW-NX2,Billing & Payments,Normal,Billing,A3034,0,4.0,584900.0,5849.0,DUP-PAYMENT,N,legacy_fd,legacy_fd,False,unique_record,rule2_single_source_record
TK-242362,2025-05-25 15:37,2025-05-25 16:54,resolved,voice,C108088,,VR892285,fallback_single,VA-SW-NX2,Other,Normal,Voice Frontline,A3026,0,3.0,617400.0,6174.0,CANCEL,N,legacy_fd,legacy_fd,False,unique_record,rule2_single_source_record
TK-242364,2025-05-25 16:16,2025-05-25 17:04,closed,voice,C107398,,VR906684,fallback_single,VA-SP-MINI,Billing & Payments,High,Billing,A3035,0,3.0,47500.0,475.0,PRICE-ADJ,N,legacy_fd,legacy_fd,False,unique_record,rule2_single_source_record
TK-242380,2025-05-26 14:52,2025-05-26 19:48,resolved,email,C101298,VR909408,VR909408,quoted_valid,VA-EB-PL1,Delivery & Shipping,High,Logistics,A3030,0,4.0,249900.0,2499.0,GW-OTHER,N,legacy_fd,legacy_fd,False,unique_record,rule2_single_source_record
TK-242382,2025-05-26 17:52,2025-05-27 19:29,resolved,email,C100290,VR902576,VR902576,quoted_valid,VA-EB-AIR,Delivery & Shipping,Normal,Logistics,A3030,0,,1799.0,1799.0,RETURN-QC-OK,N,helpdesk,helpdesk,True,reconciled_migration_pair,rule1_verified_migration_duplicate_helpdesk_selected
TK-242403,2025-05-27 13:22,2025-05-30 13:47,resolved,voice,C107533,,,ambiguous,VA-SP-MINI,Billing & Payments,High,Billing,A3032,0,,2374.0,2374.0,RETURN-QC-OK,N,helpdesk,helpdesk,True,reconciled_migration_pair,rule1_verified_migration_duplicate_helpdesk_selected
TK-242405,2025-05-27 16:50,,open,chat,C105127,,VR888060,fallback_single,VA-SW-FIT,Delivery & Shipping,High,Logistics,A3030,0,5.0,40000.0,400.0,DOA-REPL,N,legacy_fd,legacy_fd,False,unique_record,rule2_single_source_record
TK-242411,2025-05-28 06:02,2025-05-28 06:24,resolved,chat,C104609,VR896708,VR896708,quoted_valid,VA-SP-MINI,Billing & Payments,Normal,Billing,A3032,0,3.0,199900.0,1999.0,PRICE-ADJ,N,legacy_fd,legacy_fd,False,unique_record,rule2_single_source_record
TK-242418,2025-05-28 13:39,2025-05-28 14:46,resolved,voice,C104048,VR903784,VR903784,quoted_valid,VA-HP-ST3,Billing & Payments,High,Billing,A3035,0,,594900.0,5949.0,GW-OTHER,N,legacy_fd,legacy_fd,False,unique_record,rule2_single_source_record
TK-242429,2025-05-28 19:39,2025-05-28 20:19,resolved,social,C103931,VR909499,VR909499,quoted_valid,VA-SW-FIT,Delivery & Shipping,Normal,Logistics,A3030,0,5.0,179900.0,1799.0,CANCEL,N,legacy_fd,legacy_fd,False,unique_record,rule2_single_source_record
TK-242437,2025-05-29 09:30,2025-05-29 10:37,resolved,voice,C108000,VR906229,VR906229,quoted_valid,VA-SW-FIT,Other,Low,Voice Frontline,A3023,0,4.0,1999.0,1999.0,DUP-PAYMENT,N,helpdesk,helpdesk,True,reconciled_migration_pair,rule1_verified_migration_duplicate_helpdesk_selected
TK-242439,2025-05-29 10:18,2025-06-03 13:47,resolved,voice,C107676,VR891544,VR891544,quoted_valid,VA-SW-FIT,Warranty & Repair,Low,Escalations & Warranty,A3039,0,,189900.0,1899.0,WTY-BUYBACK,N,legacy_fd,legacy_fd,False,unique_record,rule2_single_source_record
TK-242440,2025-05-29 12:37,2025-05-30 13:29,resolved,chat,C104565,VR897214,VR897214,quoted_valid,VA-SW-NX2,Returns & Refunds,Normal,Returns Desk,A3038,0,,584900.0,5849.0,RETURN-QC-OK,N,legacy_fd,legacy_fd,False,unique_record,rule2_single_source_record
TK-242441,2025-05-29 13:02,2025-05-30 02:53,resolved,email,C101847,,VR893049,fallback_single,VA-EB-AIR,Audio Quality,Normal,Email Frontline,A3001,0,,143900.0,1439.0,WTY-BUYBACK,N,legacy_fd,legacy_fd,False,unique_record,rule2_single_source_record
TK-242450,2025-05-29 18:01,2025-05-29 18:29,resolved,chat,C101812,,VR892422,fallback_single,VA-SW-NX2,Other,Normal,Chat Frontline,A3008,0,,519900.0,5199.0,DUP-PAYMENT,N,legacy_fd,legacy_fd,False,unique_record,rule2_single_source_record
TK-242471,2025-05-30 14:14,2025-05-30 14:38,resolved,chat,C102747,VR891308,VR891308,quoted_valid,VA-HP-ST3,Billing & Payments,Normal,Billing,A3035,0,5.0,699900.0,6999.0,PRICE-ADJ,N,legacy_fd,legacy_fd,False,unique_record,rule2_single_source_record
TK-242500,2025-05-31 16:07,2025-05-31 16:22,resolved,chat,C100073,,,ambiguous,VA-SW-NX2,Returns & Refunds,Normal,Returns Desk,A3022,1,,308700.0,3087.0,RETURN-QC-OK,N,legacy_fd,legacy_fd,False,unique_record,rule2_single_source_record
TK-242509,2025-06-01 11:11,2025-06-01 12:01,resolved,voice,C102609,,VR885710,fallback_single,VA-SW-NX2,Other,Normal,Voice Frontline,A3023,0,4.0,130000.0,1300.0,CANCEL,N,legacy_fd,legacy_fd,False,unique_record,rule2_single_source_record
TK-242510,2025-06-01 12:41,2025-06-03 13:08,resolved,chat,C105350,VR902827,VR902827,quoted_valid,VA-SW-NX2,Delivery & Shipping,Normal,Logistics,A3028,0,3.0,584900.0,5849.0,GW-OTHER,N,legacy_fd,legacy_fd,False,unique_record,rule2_single_source_record
TK-242512,2025-06-01 15:51,2025-06-04 16:16,resolved,chat,C105731,VR907699,VR907699,quoted_valid,VA-SW-NX2,Delivery & Shipping,Normal,Logistics,A3030,0,,1039800.0,10398.0,WTY-BUYBACK,N,legacy_fd,legacy_fd,False,unique_record,rule2_single_source_record
TK-242519,2025-06-01 19:57,2025-06-04 23:52,resolved,email,C108840,VR886662,VR886662,quoted_valid,VA-SW-FIT,Returns & Refunds,Normal,Returns Desk,A3037,0,,199900.0,1999.0,GW-OTHER,N,legacy_fd,legacy_fd,False,unique_record,rule2_single_source_record
TK-242520,2025-06-01 21:27,2025-06-01 23:30,resolved,social,C103336,,VR898481,fallback_single,VA-SP-MINI,Returns & Refunds,Normal,Returns Desk,A3038,0,,37500.0,375.0,GW-OTHER,N,legacy_fd,legacy_fd,False,unique_record,rule2_single_source_record
TK-242521,2025-06-02 06:47,2025-06-04 07:12,resolved,chat,C107458,,VR899645,fallback_single,VA-AC-CH65,Returns & Refunds,Normal,Returns Desk,A3037,0,3.0,142400.0,1424.0,RETURN-QC-OK,N,legacy_fd,legacy_fd,False,unique_record,rule2_single_source_record
TK-242522,2025-06-02 09:49,2025-06-03 11:58,resolved,email,C106747,,,ambiguous,VA-EB-PL1,Returns & Refunds,Normal,Returns Desk,A3038,0,,2499.0,2499.0,RETURN-QC-OK,N,helpdesk,helpdesk,True,reconciled_migration_pair,rule1_verified_migration_duplicate_helpdesk_selected
TK-242528,2025-06-02 14:39,2025-06-02 15:15,closed,chat,C102697,,VR904790,fallback_single,VA-AC-CBL,Returns & Refunds,Normal,Returns Desk,A3036,0,5.0,31900.0,319.0,RETURN-QC-OK,N,legacy_fd,legacy_fd,False,unique_record,rule2_single_source_record
TK-242534,2025-06-02 22:21,2025-06-02 23:06,resolved,chat,C103359,VR907976,VR907976,quoted_valid,VA-NB-ARC,Audio Quality,Normal,Chat Frontline,A3003,0,,1104.0,1104.0,WTY-BUYBACK,Y,helpdesk,helpdesk,True,reconciled_migration_pair,rule1_verified_migration_duplicate_helpdesk_selected
TK-242535,2025-06-03 10:31,2025-06-03 11:36,closed,voice,C107808,VR901648,VR901648,quoted_valid,VA-SW-FIT,Billing & Payments,Normal,Billing,A3032,0,,179900.0,1799.0,DUP-PAYMENT,N,legacy_fd,legacy_fd,False,unique_record,rule2_single_source_record
TK-242538,2025-06-03 11:16,2025-06-04 15:05,resolved,email,C105051,VR887387,VR887387,quoted_valid,VA-EB-PL1,Returns & Refunds,Normal,Returns Desk,A3036,0,2.0,424800.0,4248.0,RETURN-QC-OK,N,legacy_fd,legacy_fd,False,unique_record,rule2_single_source_record
TK-242544,2025-06-03 20:13,2025-06-05 20:47,resolved,voice,C101938,VR890151,VR890151,quoted_valid,VA-SW-NX2,Returns & Refunds,High,Returns Desk,A3036,0,3.0,584900.0,5849.0,GW-OTHER,N,legacy_fd,legacy_fd,False,unique_record,rule2_single_source_record
TK-242555,2025-06-04 07:29,2025-06-04 07:46,resolved,chat,C100039,,VR885653,fallback_single,VA-EB-PL1,Other,Normal,Chat Frontline,A3010,0,4.0,2499.0,2499.0,CANCEL,N,helpdesk,helpdesk,True,reconciled_migration_pair,rule1_verified_migration_duplicate_helpdesk_selected
TK-242558,2025-06-04 12:25,2025-06-04 13:42,resolved,voice,C104262,VR882993,VR882993,quoted_valid,VA-SP-ORB,Billing & Payments,Normal,Billing,A3032,0,,599900.0,5999.0,DUP-PAYMENT,N,legacy_fd,legacy_fd,False,unique_record,rule2_single_source_record
TK-242568,2025-06-04 21:21,2025-06-04 22:10,resolved,chat,C102332,VR894900,VR894900,quoted_valid,VA-HP-ST3,Other,Normal,Chat Frontline,A3014,0,2.0,297400.0,2974.0,DUP-PAYMENT,N,legacy_fd,legacy_fd,False,unique_record,rule2_single_source_record
TK-242590,2025-06-05 18:15,2025-06-05 19:15,resolved,email,C106149,VR898933,VR898933,quoted_valid,VA-EB-PL1,Other,Normal,Email Frontline,A3018,0,,199900.0,1999.0,GW-OTHER,N,legacy_fd,legacy_fd,False,unique_record,rule2_single_source_record
TK-242592,2025-06-05 18:21,2025-06-07 21:17,resolved,email,C108497,VR904834,VR904834,quoted_valid,VA-SW-NX1,Warranty & Repair,Normal,Escalations & Warranty,A3044,0,,449900.0,4499.0,WTY-BUYBACK,N,legacy_fd,legacy_fd,False,unique_record,rule2_single_source_record
TK-242594,2025-06-05 19:03,2025-06-05 22:44,resolved,social,C102609,,VR885710,fallback_single,VA-SW-NX2,Billing & Payments,High,Billing,A3038,1,,649900.0,6499.0,DUP-PAYMENT,N,legacy_fd,legacy_fd,False,unique_record,rule2_single_source_record
TK-242598,2025-06-06 11:12,2025-06-11 12:43,resolved,email,C105408,VR908618,VR908618,quoted_valid,VA-HP-ST3,Delivery & Shipping,Normal,Logistics,A3028,0,4.0,5599.0,5599.0,WTY-BUYBACK,N,helpdesk,helpdesk,True,reconciled_migration_pair,rule1_verified_migration_duplicate_helpdesk_selected
TK-242614,2025-06-07 16:34,2025-06-07 18:46,resolved,email,C102855,,,ambiguous,VA-SP-MINI,Audio Quality,Normal,Email Frontline,A3018,0,4.0,249900.0,2499.0,DOA-REPL,N,legacy_fd,legacy_fd,False,unique_record,rule2_single_source_record
TK-242615,2025-06-07 16:56,2025-06-10 17:31,resolved,chat,C108964,,,ambiguous,VA-EB-AIR,Delivery & Shipping,High,Logistics,A3030,0,,179900.0,1799.0,DOA-REPL,N,legacy_fd,legacy_fd,False,unique_record,rule2_single_source_record
TK-242621,2025-06-07 21:50,2025-06-07 23:19,resolved,social,C105128,,VR881239,fallback_single,VA-EB-PL1,Other,Normal,Chat Frontline,A3028,2,,337.0,337.0,GW-OTHER,N,helpdesk,helpdesk,True,reconciled_migration_pair,rule1_verified_migration_duplicate_helpdesk_selected
TK-242623,2025-06-08 07:09,2025-06-11 11:07,resolved,email,C107808,VR901648,VR901648,quoted_valid,VA-SW-FIT,Returns & Refunds,Normal,Returns Desk,A3012,1,4.0,179900.0,1799.0,RETURN-QC-OK,N,legacy_fd,legacy_fd,False,unique_record,rule2_single_source_record
TK-242639,2025-06-09 02:01,2025-06-11 03:16,resolved,email,C101812,,VR888293,fallback_single,VA-HP-ST2,Returns & Refunds,Normal,Returns Desk,A3038,0,,499900.0,4999.0,RETURN-QC-OK,N,legacy_fd,legacy_fd,False,unique_record,rule2_single_source_record
TK-242643,2025-06-09 11:10,2025-06-10 11:58,resolved,social,C109002,VR902929,VR902929,quoted_valid,VA-SW-FIT,Delivery & Shipping,Normal,Logistics,A3028,0,,199900.0,1999.0,RETURN-QC-OK,N,legacy_fd,legacy_fd,False,unique_record,rule2_single_source_record
TK-242646,2025-06-09 12:11,2025-06-09 12:43,resolved,chat,C106221,VR902437,VR902437,quoted_valid,VA-EB-PL1,Delivery & Shipping,Normal,Logistics,A3027,0,3.0,249900.0,2499.0,WTY-BUYBACK,N,legacy_fd,legacy_fd,False,unique_record,rule2_single_source_record
TK-242647,2025-06-09 17:30,2025-06-09 17:55,resolved,chat,C107861,VR899714,VR899714,quoted_valid,VA-EB-AIR,Billing & Payments,High,Billing,A3035,0,3.0,17100.0,171.0,DUP-PAYMENT,N,legacy_fd,legacy_fd,False,unique_record,rule2_single_source_record
TK-242648,2025-06-09 19:58,2025-06-09 20:24,resolved,chat,C102697,,VR892614,fallback_single,VA-EB-AIR,Other,Normal,Chat Frontline,A3005,0,,323800.0,3238.0,GW-OTHER,N,legacy_fd,legacy_fd,False,unique_record,rule2_single_source_record
TK-242658,2025-06-10 07:58,2025-06-16 00:35,resolved,email,C105079,VR891795,VR891795,quoted_valid,VA-SP-MINI,Delivery & Shipping,Low,Logistics,A3031,0,2.0,2374.0,2374.0,RETURN-QC-OK,N,helpdesk,helpdesk,True,reconciled_migration_pair,rule1_verified_migration_duplicate_helpdesk_selected
TK-242662,2025-06-10 10:24,2025-06-10 12:53,resolved,email,C106231,VR887248,VR887248,quoted_valid,VA-HP-ST3,Delivery & Shipping,High,Logistics,A3027,0,,6999.0,6999.0,DOA-REPL,N,helpdesk,helpdesk,True,reconciled_migration_pair,rule1_verified_migration_duplicate_helpdesk_selected
TK-242665,2025-06-10 15:29,2025-06-11 03:57,resolved,email,C109002,VR902929,VR902929,quoted_valid,VA-SW-FIT,Billing & Payments,High,Billing,A3034,0,4.0,199900.0,1999.0,DUP-PAYMENT,N,legacy_fd,legacy_fd,False,unique_record,rule2_single_source_record
TK-242666,2025-06-10 17:34,2025-06-10 17:47,resolved,chat,C103061,,VR894985,fallback_single,VA-SP-MINI,Other,Normal,Chat Frontline,A3012,0,,249900.0,2499.0,GW-OTHER,N,legacy_fd,legacy_fd,False,unique_record,rule2_single_source_record
TK-242670,2025-06-10 19:33,2025-06-10 20:11,resolved,chat,C107555,VR902155,VR902155,quoted_valid,VA-NB-ARC,Connectivity,Normal,Chat Frontline,A3012,0,,129900.0,1299.0,GW-OTHER,N,legacy_fd,legacy_fd,False,unique_record,rule2_single_source_record
TK-242674,2025-06-10 20:54,2025-06-13 21:22,resolved,chat,C100507,VR906586,VR906586,quoted_valid,VA-HP-ST2,Returns & Refunds,Normal,Returns Desk,A3036,0,4.0,237400.0,2374.0,RETURN-QC-OK,N,legacy_fd,legacy_fd,False,unique_record,rule2_single_source_record
TK-242680,2025-06-11 10:12,2025-06-11 10:38,resolved,chat,C105939,VR909147,VR909147,quoted_valid,VA-HP-ST2,Billing & Payments,High,Billing,A3020,1,,399900.0,3999.0,GW-OTHER,N,legacy_fd,legacy_fd,False,unique_record,rule2_single_source_record
TK-242686,2025-06-11 12:27,2025-06-11 16:33,resolved,email,C106716,VR897050,VR897050,quoted_valid,VA-SW-NX1,Billing & Payments,High,Billing,A3035,0,3.0,4999.0,4999.0,GW-OTHER,N,helpdesk,helpdesk,True,reconciled_migration_pair,rule1_verified_migration_duplicate_helpdesk_selected
TK-242693,2025-06-11 16:55,2025-06-13 17:55,resolved,chat,C104914,VR902719,VR902719,quoted_valid,VA-SW-FIT,Warranty & Repair,Normal,Escalations & Warranty,A3044,0,4.0,159900.0,1599.0,DOA-REPL,N,legacy_fd,legacy_fd,False,unique_record,rule2_single_source_record
TK-242698,2025-06-11 20:10,2025-06-12 03:26,resolved,social,C103809,VR898237,VR898237,quoted_valid,VA-SP-MINI,Billing & Payments,Normal,Billing,A3033,0,3.0,249900.0,2499.0,PRICE-ADJ,N,legacy_fd,legacy_fd,False,unique_record,rule2_single_source_record
TK-242715,2025-06-12 13:58,2025-06-13 14:13,resolved,chat,C107808,VR901648,VR901648,quoted_valid,VA-SW-FIT,Returns & Refunds,Normal,Returns Desk,A3038,0,,90000.0,900.0,GW-OTHER,N,legacy_fd,legacy_fd,False,unique_record,rule2_single_source_record
TK-242730,2025-06-14 09:27,2025-06-17 09:44,resolved,chat,C100717,,VR886963,fallback_single,VA-SW-FIT,Returns & Refunds,Normal,Returns Desk,A3038,0,,339800.0,3398.0,GW-OTHER,N,legacy_fd,legacy_fd,False,unique_record,rule2_single_source_record
TK-242736,2025-06-14 15:33,2025-06-14 19:23,resolved,email,C107923,VR888826,VR888826,quoted_valid,VA-EB-AIR,Billing & Payments,High,Billing,A3035,0,2.0,179900.0,1799.0,GW-OTHER,N,legacy_fd,legacy_fd,False,unique_record,rule2_single_source_record
TK-242747,2025-06-14 20:20,2025-06-14 22:08,resolved,email,C102065,VR896253,VR896253,quoted_valid,VA-SP-MINI,Billing & Payments,Normal,Billing,A3035,0,,249900.0,2499.0,DUP-PAYMENT,N,legacy_fd,legacy_fd,False,unique_record,rule2_single_source_record
TK-242752,2025-06-15 00:11,2025-06-18 00:37,resolved,chat,C107507,,VR899048,fallback_single,VA-SW-NX2,Returns & Refunds,Normal,Returns Desk,A3038,0,4.0,6499.0,6499.0,GW-OTHER,N,helpdesk,helpdesk,True,reconciled_migration_pair,rule1_verified_migration_duplicate_helpdesk_selected
TK-242771,2025-06-15 20:52,2025-06-15 21:32,resolved,voice,C102558,,VR880756,fallback_single,VA-EB-AIR,Charging & Battery,Normal,Voice Frontline,A3036,1,,152900.0,1529.0,GW-OTHER,Y,legacy_fd,legacy_fd,False,unique_record,rule2_single_source_record
TK-242778,2025-06-16 11:05,2025-06-17 11:19,resolved,chat,C104965,,VR908410,fallback_single,VA-SP-MINI,Returns & Refunds,Normal,Returns Desk,A3037,0,3.0,35600.0,356.0,GW-OTHER,N,legacy_fd,legacy_fd,False,unique_record,rule2_single_source_record
TK-242786,2025-06-16 13:58,2025-06-16 19:14,resolved,email,C106779,,VR894917,fallback_single,VA-SW-NX2,Returns & Refunds,Normal,Returns Desk,A3036,0,4.0,6499.0,6499.0,GW-OTHER,N,helpdesk,helpdesk,True,reconciled_migration_pair,rule1_verified_migration_duplicate_helpdesk_selected
TK-242790,2025-06-16 15:38,2025-06-17 18:07,closed,email,C100641,,VR897251,fallback_single,VA-EB-PL1,Returns & Refunds,Normal,Returns Desk,A3036,0,4.0,499800.0,4998.0,RETURN-QC-OK,N,legacy_fd,legacy_fd,False,unique_record,rule2_single_source_record
TK-242794,2025-06-16 21:04,2025-06-19 21:44,resolved,chat,C108521,,VR893126,fallback_single,VA-EB-AIR,Billing & Payments,High,Billing,A3035,0,4.0,1799.0,1799.0,RETURN-QC-OK,N,helpdesk,helpdesk,True,reconciled_migration_pair,rule1_verified_migration_duplicate_helpdesk_selected
TK-242795,2025-06-16 22:42,2025-06-17 00:14,resolved,email,C101968,VR894949,VR894949,quoted_valid,VA-SW-NX2,Other,High,Email Frontline,A3001,0,4.0,649900.0,6499.0,CANCEL,N,legacy_fd,legacy_fd,False,unique_record,rule2_single_source_record
TK-242799,2025-06-17 09:36,2025-06-20 13:55,closed,email,C107628,VR907031,VR907031,quoted_valid,VA-SW-FIT,Returns & Refunds,Normal,Returns Desk,A3038,0,4.0,199900.0,1999.0,GW-OTHER,N,legacy_fd,legacy_fd,False,unique_record,rule2_single_source_record
TK-242826,2025-06-18 21:14,2025-06-19 01:00,resolved,email,C103515,VR906513,VR906513,quoted_valid,VA-EB-PL1,Billing & Payments,Normal,Billing,A3034,0,4.0,249900.0,2499.0,DUP-PAYMENT,N,legacy_fd,legacy_fd,False,unique_record,rule2_single_source_record
TK-242828,2025-06-18 23:20,2025-06-18 23:59,resolved,chat,C100182,VR882845,VR882845,quoted_valid,VA-HP-ST3,Billing & Payments,High,Billing,A3033,0,5.0,699900.0,6999.0,DUP-PAYMENT,N,legacy_fd,legacy_fd,False,unique_record,rule2_single_source_record
TK-242830,2025-06-19 09:28,2025-06-22 10:17,resolved,voice,C105153,VR890272,VR890272,quoted_valid,VA-EB-PL1,Delivery & Shipping,Normal,Logistics,A3029,0,,212400.0,2124.0,DOA-REPL,N,legacy_fd,legacy_fd,False,unique_record,rule2_single_source_record
TK-242835,2025-06-19 13:22,2025-06-19 13:42,resolved,chat,C100282,VR890669,VR890669,quoted_valid,VA-SW-FIT,Other,Low,Chat Frontline,A3011,0,4.0,199900.0,1999.0,PRICE-ADJ,N,legacy_fd,legacy_fd,False,unique_record,rule2_single_source_record
TK-242841,2025-06-19 18:25,2025-06-20 18:53,closed,chat,C108371,VR896344,VR896344,quoted_valid,VA-AC-CH65,Other,Normal,Chat Frontline,A3009,0,,1499.0,1499.0,LOST-TRANSIT,N,helpdesk,helpdesk,True,reconciled_migration_pair,rule1_verified_migration_duplicate_helpdesk_selected
TK-242842,2025-06-19 18:26,2025-06-20 21:07,resolved,email,C103931,VR909499,VR909499,quoted_valid,VA-SW-FIT,Billing & Payments,High,Billing,A3035,0,3.0,1799.0,1799.0,RETURN-QC-OK,N,helpdesk,helpdesk,True,reconciled_migration_pair,rule1_verified_migration_duplicate_helpdesk_selected
TK-242848,2025-06-19 21:32,2025-06-19 23:07,resolved,email,C105398,,VR897048,fallback_single,VA-HP-ST3,Charging & Battery,Normal,Email Frontline,A3001,0,2.0,664900.0,6649.0,DOA-REPL,N,legacy_fd,legacy_fd,False,unique_record,rule2_single_source_record
TK-242870,2025-06-21 11:36,2025-06-22 15:32,resolved,email,C105350,VR902827,VR902827,quoted_valid,VA-SW-NX2,Returns & Refunds,Normal,Returns Desk,A3036,0,4.0,584900.0,5849.0,RETURN-QC-OK,N,legacy_fd,legacy_fd,False,unique_record,rule2_single_source_record
TK-242872,2025-06-21 11:44,2025-06-21 12:05,closed,chat,C107214,VR882086,VR882086,quoted_valid,VA-AC-CH65,Other,Normal,Chat Frontline,A3037,1,3.0,134900.0,1349.0,PRICE-ADJ,N,legacy_fd,legacy_fd,False,unique_record,rule2_single_source_record
TK-242876,2025-06-21 20:31,2025-06-21 21:55,resolved,social,C106594,VR898581,VR898581,quoted_valid,VA-EB-PL1,Billing & Payments,High,Billing,A3035,0,,249900.0,2499.0,DUP-PAYMENT,N,legacy_fd,legacy_fd,False,unique_record,rule2_single_source_record
TK-242877,2025-06-21 21:28,2025-06-21 23:04,resolved,social,C105538,,VR886517,fallback_single,VA-NB-ARC,Billing & Payments,High,Billing,A3033,0,,116900.0,1169.0,GW-OTHER,N,legacy_fd,legacy_fd,False,unique_record,rule2_single_source_record
TK-242878,2025-06-21 22:56,2025-06-22 03:20,resolved,email,C107133,VR909454,VR909454,quoted_valid,VA-SW-NX2,Other,Normal,Email Frontline,A3002,0,,617400.0,6174.0,DUP-PAYMENT,N,legacy_fd,legacy_fd,False,unique_record,rule2_single_source_record
TK-242887,2025-06-22 21:42,2025-06-22 22:03,resolved,voice,C109182,VR907444,VR907444,quoted_valid,VA-SW-FIT,Other,Normal,Voice Frontline,A3026,0,4.0,20000.0,200.0,CANCEL,N,legacy_fd,legacy_fd,False,unique_record,rule2_single_source_record
TK-242897,2025-06-23 11:05,2025-06-23 11:46,resolved,voice,C106816,VR904878,VR904878,quoted_valid,VA-EB-AIR,Billing & Payments,High,Billing,A3033,0,,81000.0,810.0,DUP-PAYMENT,N,legacy_fd,legacy_fd,False,unique_record,rule2_single_source_record
TK-242906,2025-06-23 17:43,2025-06-23 21:26,resolved,email,C100149,,VR891142,fallback_single,VA-SP-MINI,Connectivity,Low,Email Frontline,A3018,0,,2499.0,2499.0,GW-OTHER,N,helpdesk,helpdesk,True,reconciled_migration_pair,rule1_verified_migration_duplicate_helpdesk_selected
TK-242928,2025-06-24 17:13,2025-06-25 02:49,resolved,social,C106567,VR897135,VR897135,quoted_valid,VA-SW-NX2,Billing & Payments,Normal,Billing,A3033,0,,649900.0,6499.0,DUP-PAYMENT,N,legacy_fd,legacy_fd,False,unique_record,rule2_single_source_record
TK-242930,2025-06-24 19:15,2025-06-26 19:32,resolved,email,C108895,,VR887339,fallback_single,VA-EB-AIR,Returns & Refunds,Normal,Returns Desk,A3036,0,,30600.0,306.0,RETURN-QC-OK,N,legacy_fd,legacy_fd,False,unique_record,rule2_single_source_record
TK-242935,2025-06-24 21:38,2025-06-25 07:04,resolved,email,C101809,VR902127,VR902127,quoted_valid,VA-EB-AIR,Other,Normal,Email Frontline,A3020,0,4.0,61200.0,612.0,CANCEL,N,legacy_fd,legacy_fd,False,unique_record,rule2_single_source_record
TK-242937,2025-06-25 07:17,2025-06-26 09:02,resolved,social,C102132,VR900238,VR900238,quoted_valid,VA-EB-PL1,Delivery & Shipping,Normal,Logistics,A3027,0,,200.0,200.0,RETURN-QC-OK,N,helpdesk,helpdesk,True,reconciled_migration_pair,rule1_verified_migration_duplicate_helpdesk_selected
TK-242944,2025-06-25 10:22,2025-06-25 14:15,resolved,email,C102067,VR882621,VR882621,quoted_valid,VA-SW-NX2,Other,Normal,Email Frontline,A3020,0,3.0,519900.0,5199.0,DUP-PAYMENT,N,legacy_fd,legacy_fd,False,unique_record,rule2_single_source_record
TK-242950,2025-06-25 14:08,2025-06-25 14:20,resolved,chat,C102428,,VR897092,fallback_single,VA-SW-NX2,Other,Low,Chat Frontline,A3004,0,,552400.0,5524.0,CANCEL,N,legacy_fd,legacy_fd,False,unique_record,rule2_single_source_record
TK-242957,2025-06-25 19:02,2025-07-07 23:06,resolved,email,C106204,VR903167,VR903167,quoted_valid,VA-SW-FIT,Warranty & Repair,Low,Escalations & Warranty,A3040,0,,169900.0,1699.0,GW-OTHER,N,legacy_fd,legacy_fd,False,unique_record,rule2_single_source_record
TK-242963,2025-06-25 22:35,2025-06-25 22:52,resolved,chat,C107490,VR891435,VR891435,quoted_valid,VA-SW-NX2,Other,Normal,Chat Frontline,A3002,0,5.0,61700.0,617.0,GW-OTHER,N,legacy_fd,legacy_fd,False,unique_record,rule2_single_source_record
TK-242965,2025-06-26 07:01,,open,email,C106069,VR892307,VR892307,quoted_valid,VA-NB-ARC,Delivery & Shipping,Normal,Logistics,A3031,0,,129900.0,1299.0,GW-OTHER,N,legacy_fd,legacy_fd,False,unique_record,rule2_single_source_record
TK-242973,2025-06-26 11:11,2025-06-26 11:33,resolved,voice,C108464,VR906024,VR906024,quoted_valid,VA-SP-MINI,Returns & Refunds,Normal,Returns Desk,A3037,0,,237400.0,2374.0,GW-OTHER,N,legacy_fd,legacy_fd,False,unique_record,rule2_single_source_record
TK-242985,2025-06-26 21:47,2025-06-27 00:32,resolved,email,C109453,VR901741,VR901741,quoted_valid,VA-HP-ST3,Connectivity,Normal,Email Frontline,A3017,0,4.0,699900.0,6999.0,GW-OTHER,Y,legacy_fd,legacy_fd,False,unique_record,rule2_single_source_record
TK-242987,2025-06-26 23:04,2025-06-27 06:32,resolved,email,C105609,,VR908579,fallback_single,VA-EB-AIR,Other,Normal,Email Frontline,A3022,0,,1799.0,1799.0,GW-OTHER,N,helpdesk,helpdesk,True,reconciled_migration_pair,rule1_verified_migration_duplicate_helpdesk_selected
TK-242991,2025-06-27 09:56,2025-06-27 10:28,resolved,chat,C104894,VR899671,VR899671,quoted_valid,VA-SW-FIT,Returns & Refunds,Normal,Returns Desk,A3037,0,,199900.0,1999.0,GW-OTHER,N,legacy_fd,legacy_fd,False,unique_record,rule2_single_source_record
TK-242993,2025-06-27 11:33,2025-06-27 12:41,resolved,voice,C106592,VR892407,VR892407,quoted_valid,VA-SP-MINI,Billing & Payments,High,Billing,A3032,0,,249900.0,2499.0,DUP-PAYMENT,N,legacy_fd,legacy_fd,False,unique_record,rule2_single_source_record
TK-242996,2025-06-27 13:21,2025-06-29 15:26,resolved,email,C103793,VR901995,VR901995,quoted_valid,VA-SP-MINI,Returns & Refunds,Normal,Returns Desk,A3032,1,,237400.0,2374.0,RETURN-QC-OK,N,legacy_fd,legacy_fd,False,unique_record,rule2_single_source_record
TK-243009,2025-06-28 12:40,2025-06-28 12:56,resolved,chat,C104894,VR899671,VR899671,quoted_valid,VA-SW-FIT,Other,Normal,Chat Frontline,A3011,0,3.0,199900.0,1999.0,CANCEL,N,legacy_fd,legacy_fd,False,unique_record,rule2_single_source_record
TK-243010,2025-06-28 12:40,2025-06-28 12:58,resolved,chat,C102225,VR893507,VR893507,quoted_valid,VA-AC-CH65,Other,Normal,Chat Frontline,A3006,0,3.0,127400.0,1274.0,CANCEL,N,legacy_fd,legacy_fd,False,unique_record,rule2_single_source_record
TK-243019,2025-06-28 18:27,2025-07-01 21:07,resolved,voice,C104676,VR908378,VR908378,quoted_valid,VA-SW-NX2,Returns & Refunds,Low,Returns Desk,A3036,0,,617400.0,6174.0,RETURN-QC-OK,N,legacy_fd,legacy_fd,False,unique_record,rule2_single_source_record
TK-243037,2025-06-29 19:29,,open,chat,C105338,VR882487,VR882487,quoted_valid,VA-EB-AIR,Billing & Payments,High,Billing,A3035,0,3.0,1799.0,1799.0,GW-OTHER,N,helpdesk,helpdesk,True,reconciled_migration_pair,rule1_verified_migration_duplicate_helpdesk_selected
TK-243045,2025-06-30 10:47,2025-06-30 11:29,resolved,chat,C105814,VR889967,VR889967,quoted_valid,VA-SW-NX2,Billing & Payments,High,Billing,A3032,0,3.0,519900.0,5199.0,DUP-PAYMENT,N,legacy_fd,legacy_fd,False,unique_record,rule2_single_source_record
TK-243051,2025-06-30 11:53,2025-06-30 12:45,resolved,chat,C102646,VR893418,VR893418,quoted_valid,VA-NB-ARC,Billing & Payments,High,Billing,A3034,0,,129900.0,1299.0,PRICE-ADJ,N,legacy_fd,legacy_fd,False,unique_record,rule2_single_source_record
TK-243054,2025-06-30 12:37,2025-07-03 13:07,resolved,email,C107560,VR888812,VR888812,quoted_valid,VA-SP-MINI,Delivery & Shipping,Normal,Logistics,A3027,0,,22500.0,225.0,DOA-REPL,N,legacy_fd,legacy_fd,False,unique_record,rule2_single_source_record
TK-243064,2025-06-30 18:37,2025-07-03 19:16,resolved,chat,C104708,,VR883033,fallback_single,VA-SW-FIT,Returns & Refunds,Normal,Returns Desk,A3036,0,3.0,179900.0,1799.0,RETURN-QC-OK,N,legacy_fd,legacy_fd,False,unique_record,rule2_single_source_record
TK-243070,2025-07-01 09:08,2025-07-01 13:58,resolved,email,C102590,,VR903381,fallback_single,VA-HP-ST3,Billing & Payments,Normal,Billing,A3034,0,,629900.0,6299.0,DUP-PAYMENT,N,legacy_fd,legacy_fd,False,unique_record,rule2_single_source_record
TK-243071,2025-07-01 12:21,2025-07-01 12:47,resolved,chat,C107108,VR888010,VR888010,quoted_valid,VA-SP-MINI,Returns & Refunds,Normal,Returns Desk,A3037,0,,249900.0,2499.0,GW-OTHER,N,legacy_fd,legacy_fd,False,unique_record,rule2_single_source_record
TK-243075,2025-07-01 17:48,2025-07-01 23:27,resolved,email,C107733,VR899208,VR899208,quoted_valid,VA-NB-ARC,Connectivity,Normal,Email Frontline,A3001,0,5.0,19500.0,195.0,WTY-BUYBACK,N,legacy_fd,legacy_fd,False,unique_record,rule2_single_source_record
TK-243079,2025-07-02 02:36,2025-07-02 03:05,resolved,chat,C101481,VR905880,VR905880,quoted_valid,VA-EB-PL1,Delivery & Shipping,High,Logistics,A3031,0,,249900.0,2499.0,LOST-TRANSIT,N,legacy_fd,legacy_fd,False,unique_record,rule2_single_source_record
TK-243080,2025-07-02 08:59,2025-07-02 09:24,closed,chat,C108002,VR887583,VR887583,quoted_valid,VA-NB-ARC,Other,Normal,Chat Frontline,A3013,0,3.0,110400.0,1104.0,CANCEL,N,legacy_fd,legacy_fd,False,unique_record,rule2_single_source_record
TK-243085,2025-07-02 11:52,2025-07-05 14:52,resolved,email,C100646,,VR900630,fallback_single,VA-NB-ARC,Delivery & Shipping,Normal,Logistics,A3030,0,,110400.0,1104.0,WTY-BUYBACK,Y,legacy_fd,legacy_fd,False,unique_record,rule2_single_source_record
TK-243086,2025-07-02 14:10,2025-07-02 14:44,resolved,voice,C101283,VR902989,VR902989,quoted_valid,VA-SP-MINI,Other,Normal,Voice Frontline,A3026,0,4.0,2374.0,2374.0,GW-OTHER,N,helpdesk,helpdesk,True,reconciled_migration_pair,rule1_verified_migration_duplicate_helpdesk_selected
TK-243096,2025-07-02 22:04,2025-07-02 22:30,resolved,chat,C109096,VR894745,VR894745,quoted_valid,VA-SW-NX1,Other,Low,Chat Frontline,A3001,0,5.0,4999.0,4999.0,CANCEL,N,helpdesk,helpdesk,True,reconciled_migration_pair,rule1_verified_migration_duplicate_helpdesk_selected
TK-243097,2025-07-02 22:58,2025-07-03 00:45,resolved,email,C101347,VR909251,VR909251,quoted_valid,VA-HP-ST3,Other,Normal,Email Frontline,A3016,0,3.0,5599.0,5599.0,GW-OTHER,N,helpdesk,helpdesk,True,reconciled_migration_pair,rule1_verified_migration_duplicate_helpdesk_selected
TK-243098,2025-07-03 00:38,2025-07-08 07:45,resolved,email,C107023,,VR899468,fallback_single,VA-EB-PL1,Warranty & Repair,High,Escalations & Warranty,A3039,0,,249900.0,2499.0,GW-OTHER,Y,legacy_fd,legacy_fd,False,unique_record,rule2_single_source_record
TK-243119,2025-07-03 19:41,2025-07-03 22:30,resolved,social,C102717,VR899453,VR899453,quoted_valid,VA-EB-AIR,Billing & Payments,High,Billing,A3035,0,3.0,152900.0,1529.0,DUP-PAYMENT,N,legacy_fd,legacy_fd,False,unique_record,rule2_single_source_record
TK-243130,2025-07-04 12:33,2025-07-06 13:12,resolved,chat,C103050,VR906615,VR906615,quoted_valid,VA-SW-NX2,Returns & Refunds,Normal,Returns Desk,A3010,2,2.0,78000.0,780.0,RETURN-QC-OK,N,legacy_fd,legacy_fd,False,unique_record,rule2_single_source_record
TK-243141,2025-07-04 17:07,2025-07-06 17:43,resolved,chat,C105023,,VR891328,fallback_single,VA-SP-MINI,Returns & Refunds,Normal,Returns Desk,A3036,0,,237400.0,2374.0,GW-OTHER,N,legacy_fd,legacy_fd,False,unique_record,rule2_single_source_record
TK-243154,2025-07-05 10:43,2025-07-10 13:05,resolved,email,C106567,VR897135,VR897135,quoted_valid,VA-SW-NX2,Delivery & Shipping,Normal,Logistics,A3028,0,5.0,6499.0,6499.0,GW-OTHER,N,helpdesk,helpdesk,True,reconciled_migration_pair,rule1_verified_migration_duplicate_helpdesk_selected
TK-243157,2025-07-05 12:06,2025-07-10 13:39,resolved,email,C106231,VR906031,VR906031,quoted_valid,VA-SW-NX2,Delivery & Shipping,High,Logistics,A3029,0,4.0,1299800.0,12998.0,GW-OTHER,N,legacy_fd,legacy_fd,False,unique_record,rule2_single_source_record
TK-243163,2025-07-05 14:32,2025-07-06 16:53,resolved,email,C100156,,,ambiguous,VA-HP-ST3,Delivery & Shipping,Normal,Logistics,A3030,0,3.0,699900.0,6999.0,LOST-TRANSIT,N,legacy_fd,legacy_fd,False,unique_record,rule2_single_source_record
TK-243166,2025-07-05 17:28,2025-07-05 18:15,resolved,chat,C100791,VR887519,VR887519,quoted_valid,VA-SW-FIT,Billing & Payments,High,Billing,A3035,0,3.0,189900.0,1899.0,DUP-PAYMENT,N,legacy_fd,legacy_fd,False,unique_record,rule2_single_source_record
TK-243169,2025-07-05 22:52,2025-07-05 23:22,resolved,chat,C105208,VR885780,VR885780,quoted_valid,VA-SP-MINI,Delivery & Shipping,Normal,Logistics,A3027,0,4.0,2499.0,2499.0,CANCEL,N,helpdesk,helpdesk,True,reconciled_migration_pair,rule1_verified_migration_duplicate_helpdesk_selected
TK-243185,2025-07-06 16:49,2025-07-06 17:25,resolved,chat,C102911,,VR904320,fallback_single,VA-EB-PL1,Billing & Payments,High,Billing,A3035,0,3.0,249900.0,2499.0,GW-OTHER,N,legacy_fd,legacy_fd,False,unique_record,rule2_single_source_record
TK-243188,2025-07-06 21:27,2025-07-09 23:28,resolved,voice,C104739,VR895867,VR895867,quoted_valid,VA-SW-NX2,Returns & Refunds,Normal,Returns Desk,A3037,0,4.0,552400.0,5524.0,RETURN-QC-OK,N,legacy_fd,legacy_fd,False,unique_record,rule2_single_source_record
TK-243207,2025-07-07 16:02,2025-07-07 16:52,resolved,voice,C106843,VR887082,VR887082,quoted_valid,VA-EB-PL1,App & Firmware,Normal,Voice Frontline,A3026,0,4.0,199900.0,1999.0,GW-OTHER,N,legacy_fd,legacy_fd,False,unique_record,rule2_single_source_record
TK-243210,2025-07-07 19:38,2025-07-08 20:41,resolved,chat,C108634,VR890279,VR890279,quoted_valid,VA-EB-PL1,Delivery & Shipping,Normal,Logistics,A3030,0,,249900.0,2499.0,GW-OTHER,Y,legacy_fd,legacy_fd,False,unique_record,rule2_single_source_record
TK-243212,2025-07-07 20:18,2025-07-08 09:48,resolved,email,C100892,,VR896956,fallback_single,VA-HP-ST2,Audio Quality,Normal,Email Frontline,A3020,0,,449900.0,4499.0,GW-OTHER,N,legacy_fd,legacy_fd,False,unique_record,rule2_single_source_record
TK-243215,2025-07-07 21:39,,pending,email,C106231,VR906031,VR906031,quoted_valid,VA-SW-NX2,Delivery & Shipping,Low,Logistics,A3027,0,4.0,1299800.0,12998.0,GW-OTHER,N,legacy_fd,legacy_fd,False,unique_record,rule2_single_source_record
TK-243220,2025-07-07 22:56,2025-07-07 23:17,resolved,chat,C108144,VR884744,VR884744,quoted_valid,VA-SW-NX2,Returns & Refunds,Normal,Returns Desk,A3038,0,,585.0,585.0,RETURN-QC-OK,N,helpdesk,helpdesk,True,reconciled_migration_pair,rule1_verified_migration_duplicate_helpdesk_selected
TK-243224,2025-07-08 01:34,2025-07-08 12:02,resolved,email,C102831,VR899108,VR899108,quoted_valid,VA-EB-PL1,Billing & Payments,High,Billing,A3032,0,,224900.0,2249.0,GW-OTHER,N,legacy_fd,legacy_fd,False,unique_record,rule2_single_source_record
TK-243234,2025-07-08 16:16,2025-07-08 16:37,resolved,chat,C100298,VR905462,VR905462,quoted_valid,VA-SP-MINI,Billing & Payments,Normal,Billing,A3035,0,,22500.0,225.0,DUP-PAYMENT,N,legacy_fd,legacy_fd,False,unique_record,rule2_single_source_record
TK-243238,2025-07-08 17:44,2025-07-08 18:18,resolved,chat,C108685,VR904401,VR904401,quoted_valid,VA-SW-FIT,Other,Low,Chat Frontline,A3009,0,,189900.0,1899.0,DUP-PAYMENT,N,legacy_fd,legacy_fd,False,unique_record,rule2_single_source_record
TK-243247,2025-07-09 07:35,2025-07-09 07:53,resolved,chat,C104970,VR899904,VR899904,quoted_valid,VA-HP-ST3,Billing & Payments,Normal,Billing,A3032,0,,112000.0,1120.0,DUP-PAYMENT,N,legacy_fd,legacy_fd,False,unique_record,rule2_single_source_record
TK-243253,2025-07-09 15:12,2025-07-09 18:41,resolved,email,C100791,VR887519,VR887519,quoted_valid,VA-SW-FIT,Other,Normal,Email Frontline,A3018,0,,189900.0,1899.0,CANCEL,N,legacy_fd,legacy_fd,False,unique_record,rule2_single_source_record
TK-243262,2025-07-10 01:57,2025-07-10 02:14,resolved,chat,C107231,VR906873,VR906873,quoted_valid,VA-AC-CH65,Billing & Payments,High,Billing,A3032,0,3.0,28500.0,285.0,CANCEL,N,legacy_fd,legacy_fd,False,unique_record,rule2_single_source_record
TK-243268,2025-07-10 14:46,2025-07-13 15:37,resolved,email,C109461,VR908654,VR908654,quoted_valid,VA-EB-PL1,Billing & Payments,High,Billing,A3035,0,5.0,224900.0,2249.0,RETURN-QC-OK,N,legacy_fd,legacy_fd,False,unique_record,rule2_single_source_record
TK-243270,2025-07-10 17:04,2025-07-10 17:17,resolved,chat,C105338,VR882487,VR882487,quoted_valid,VA-EB-AIR,Other,Normal,Chat Frontline,A3009,0,,179900.0,1799.0,CANCEL,N,legacy_fd,legacy_fd,False,unique_record,rule2_single_source_record
TK-243273,2025-07-10 18:59,2025-07-10 19:37,resolved,chat,C108257,VR903653,VR903653,quoted_valid,VA-EB-AIR,Billing & Payments,High,Billing,A3035,0,5.0,179900.0,1799.0,GW-OTHER,N,legacy_fd,legacy_fd,False,unique_record,rule2_single_source_record
TK-243279,2025-07-11 09:54,2025-07-12 11:02,resolved,social,C103724,,,ambiguous,VA-EB-PL1,Returns & Refunds,Normal,Returns Desk,A3038,0,,100000.0,1000.0,RETURN-QC-OK,N,legacy_fd,legacy_fd,False,unique_record,rule2_single_source_record
TK-243284,2025-07-11 14:39,2025-07-13 15:12,resolved,chat,C103248,VR898155,VR898155,quoted_valid,VA-SP-MINI,Returns & Refunds,Normal,Returns Desk,A3036,0,4.0,237400.0,2374.0,RETURN-QC-OK,N,legacy_fd,legacy_fd,False,unique_record,rule2_single_source_record
TK-243286,2025-07-11 14:55,2025-07-11 16:40,resolved,voice,C103494,VR902274,VR902274,quoted_valid,VA-AC-CBL,Billing & Payments,High,Billing,A3035,0,3.0,37900.0,379.0,GW-OTHER,N,legacy_fd,legacy_fd,False,unique_record,rule2_single_source_record
TK-243292,2025-07-12 14:30,2025-07-13 14:57,resolved,chat,C104151,VR905359,VR905359,quoted_valid,VA-SW-FIT,Returns & Refunds,Normal,Returns Desk,A3036,0,,30000.0,300.0,RETURN-QC-OK,N,legacy_fd,legacy_fd,False,unique_record,rule2_single_source_record
TK-243305,2025-07-13 19:00,2025-07-14 00:26,resolved,social,C106626,VR901307,VR901307,quoted_valid,VA-EB-PL1,Delivery & Shipping,Normal,Logistics,A3028,0,,249900.0,2499.0,GW-OTHER,N,legacy_fd,legacy_fd,False,unique_record,rule2_single_source_record
TK-243324,2025-07-14 19:25,2025-07-14 19:49,resolved,chat,C107806,VR889458,VR889458,quoted_valid,VA-SW-NX2,Billing & Payments,Normal,Billing,A3035,0,4.0,552400.0,5524.0,DUP-PAYMENT,N,legacy_fd,legacy_fd,False,unique_record,rule2_single_source_record
TK-243329,2025-07-15 00:57,2025-07-15 01:37,resolved,chat,C100641,,VR901378,fallback_single,VA-EB-PL2,Returns & Refunds,Normal,Returns Desk,A3038,0,,31500.0,315.0,GW-OTHER,N,legacy_fd,legacy_fd,False,unique_record,rule2_single_source_record
TK-243337,2025-07-15 12:55,2025-07-15 14:00,resolved,voice,C105586,VR886671,VR886671,quoted_valid,VA-EB-AIR,Billing & Payments,High,Billing,A3033,0,,170900.0,1709.0,GW-OTHER,N,legacy_fd,legacy_fd,False,unique_record,rule2_single_source_record
TK-243338,2025-07-15 15:18,2025-07-17 18:17,resolved,email,C105946,VR890335,VR890335,quoted_valid,VA-NB-ARC,Returns & Refunds,Normal,Returns Desk,A3036,0,3.0,1169.0,1169.0,RETURN-QC-OK,N,helpdesk,helpdesk,True,reconciled_migration_pair,rule1_verified_migration_duplicate_helpdesk_selected
TK-243341,2025-07-15 16:13,2025-07-15 17:44,resolved,voice,C106486,VR899885,VR899885,quoted_valid,VA-EB-AIR,Charging & Battery,Normal,Voice Frontline,A3026,0,,179900.0,1799.0,GW-OTHER,N,legacy_fd,legacy_fd,False,unique_record,rule2_single_source_record
TK-243343,2025-07-15 17:12,2025-07-15 17:31,resolved,chat,C100341,VR904104,VR904104,quoted_valid,VA-EB-AIR,Other,Normal,Chat Frontline,A3015,0,,179900.0,1799.0,DUP-PAYMENT,N,legacy_fd,legacy_fd,False,unique_record,rule2_single_source_record
TK-243357,2025-07-16 17:15,2025-07-16 19:32,resolved,email,C104276,VR889291,VR889291,quoted_valid,VA-SW-NX1,Delivery & Shipping,Normal,Logistics,A3030,0,5.0,499900.0,4999.0,GW-OTHER,N,legacy_fd,legacy_fd,False,unique_record,rule2_single_source_record
TK-243366,2025-07-17 04:51,2025-07-17 05:57,resolved,social,C101721,VR903943,VR903943,quoted_valid,VA-EB-PL1,Charging & Battery,Normal,Chat Frontline,A3017,0,,237400.0,2374.0,WTY-BUYBACK,Y,legacy_fd,legacy_fd,False,unique_record,rule2_single_source_record
TK-243374,2025-07-17 11:33,2025-07-17 12:18,resolved,email,C101938,VR903079,VR903079,quoted_valid,VA-EB-PL1,Other,High,Email Frontline,A3021,0,,212400.0,2124.0,CANCEL,N,legacy_fd,legacy_fd,False,unique_record,rule2_single_source_record
TK-243380,2025-07-17 19:24,2025-07-17 20:01,resolved,chat,C107066,VR898659,VR898659,quoted_valid,VA-HP-ST3,Other,Normal,Chat Frontline,A3015,0,3.0,350000.0,3500.0,DUP-PAYMENT,N,legacy_fd,legacy_fd,False,unique_record,rule2_single_source_record
TK-243385,2025-07-17 20:46,2025-07-17 20:55,resolved,chat,C102638,VR894874,VR894874,quoted_valid,VA-HP-ST3,Other,Normal,Chat Frontline,A3004,0,,559900.0,5599.0,CANCEL,N,legacy_fd,legacy_fd,False,unique_record,rule2_single_source_record
TK-243391,2025-07-18 12:04,2025-07-19 14:52,resolved,voice,C103196,,VR888568,fallback_single,VA-SW-NX2,Billing & Payments,Normal,Billing,A3035,0,2.0,5199.0,5199.0,RETURN-QC-OK,N,helpdesk,helpdesk,True,reconciled_migration_pair,rule1_verified_migration_duplicate_helpdesk_selected
TK-243392,2025-07-18 12:12,2025-07-18 12:30,resolved,chat,C108594,VR901743,VR901743,quoted_valid,VA-SW-NX2,Other,Normal,Chat Frontline,A3010,0,,617400.0,6174.0,GW-OTHER,N,legacy_fd,legacy_fd,False,unique_record,rule2_single_source_record
TK-243394,2025-07-18 13:54,2025-07-18 14:31,resolved,chat,C104052,VR901102,VR901102,quoted_valid,VA-EB-AIR,Other,Normal,Chat Frontline,A3004,2,3.0,1619.0,1619.0,CANCEL,N,helpdesk,helpdesk,True,reconciled_migration_pair,rule1_verified_migration_duplicate_helpdesk_selected
TK-243395,2025-07-18 17:58,2025-07-23 18:51,resolved,chat,C100705,VR883780,VR883780,quoted_valid,VA-SW-NX2,Warranty & Repair,Normal,Escalations & Warranty,A3044,0,5.0,617400.0,6174.0,GW-OTHER,N,legacy_fd,legacy_fd,False,unique_record,rule2_single_source_record
TK-243401,2025-07-18 23:28,,open,email,C108067,VR891711,VR891711,quoted_valid,VA-EB-PL2,Billing & Payments,High,Billing,A3032,0,,332400.0,3324.0,GW-OTHER,N,legacy_fd,legacy_fd,False,unique_record,rule2_single_source_record
TK-243402,2025-07-19 11:11,2025-07-21 12:04,resolved,voice,C108301,VR884737,VR884737,quoted_valid,VA-EB-AIR,Delivery & Shipping,Low,Logistics,A3027,0,3.0,170900.0,1709.0,GW-OTHER,Y,legacy_fd,legacy_fd,False,unique_record,rule2_single_source_record
TK-243408,2025-07-19 13:12,2025-07-19 13:52,resolved,chat,C107861,,VR899714,fallback_single,VA-EB-AIR,Connectivity,Low,Chat Frontline,A3013,0,3.0,170900.0,1709.0,GW-OTHER,N,legacy_fd,legacy_fd,False,unique_record,rule2_single_source_record
TK-243414,2025-07-19 15:09,2025-07-24 15:51,resolved,chat,C109321,VR897706,VR897706,quoted_valid,VA-NB-ARC,Delivery & Shipping,Normal,Logistics,A3030,0,,116900.0,1169.0,DOA-REPL,N,legacy_fd,legacy_fd,False,unique_record,rule2_single_source_record
TK-243417,2025-07-19 17:13,2025-07-19 18:24,resolved,voice,C104839,VR889642,VR889642,quoted_valid,VA-SW-FIT,Other,Normal,Voice Frontline,A3026,0,,30000.0,300.0,CANCEL,N,legacy_fd,legacy_fd,False,unique_record,rule2_single_source_record
TK-243419,2025-07-19 17:27,2025-07-31 20:16,resolved,chat,C105940,VR902823,VR902823,quoted_valid,VA-HP-ST3,Warranty & Repair,Low,Escalations & Warranty,A3044,0,,699900.0,6999.0,DOA-REPL,N,legacy_fd,legacy_fd,False,unique_record,rule2_single_source_record
TK-243424,2025-07-20 00:58,2025-07-20 05:56,resolved,email,C100086,,VR889355,fallback_single,VA-SW-NX2,Other,Normal,Email Frontline,A3016,0,3.0,110500.0,1105.0,CANCEL,N,legacy_fd,legacy_fd,False,unique_record,rule2_single_source_record
TK-243425,2025-07-20 02:06,2025-07-20 03:10,closed,social,C101494,,VR880254,fallback_single,VA-EB-PL1,Product Enquiry,High,Chat Frontline,A3002,0,,118700.0,1187.0,PRICE-ADJ,N,legacy_fd,legacy_fd,False,unique_record,rule2_single_source_record
TK-243434,2025-07-20 17:11,2025-07-20 18:05,resolved,chat,C108690,VR898629,VR898629,quoted_valid,VA-SW-NX2,Other,Normal,Chat Frontline,A3009,0,,260000.0,2600.0,DUP-PAYMENT,N,legacy_fd,legacy_fd,False,unique_record,rule2_single_source_record
TK-243441,2025-07-20 23:08,2025-07-20 23:31,resolved,chat,C104082,,VR897280,fallback_single,VA-HP-ST3,Billing & Payments,Low,Billing,A3034,0,3.0,699900.0,6999.0,DUP-PAYMENT,N,legacy_fd,legacy_fd,False,unique_record,rule2_single_source_record
TK-243449,2025-07-21 12:16,2025-07-23 12:51,resolved,chat,C108027,VR905401,VR905401,quoted_valid,VA-HP-ST3,Returns & Refunds,Normal,Returns Desk,A3037,0,,699900.0,6999.0,RETURN-QC-OK,N,legacy_fd,legacy_fd,False,unique_record,rule2_single_source_record
TK-243451,2025-07-21 13:15,2025-07-21 13:26,resolved,chat,C102839,VR885365,VR885365,quoted_valid,VA-SP-ORB,Other,Normal,Chat Frontline,A3013,0,4.0,1199800.0,11998.0,CANCEL,N,legacy_fd,legacy_fd,False,unique_record,rule2_single_source_record
TK-243461,2025-07-21 18:43,2025-07-24 02:23,resolved,email,C100613,,,ambiguous,VA-SW-FIT,Delivery & Shipping,Low,Logistics,A3031,0,2.0,199900.0,1999.0,GW-OTHER,N,legacy_fd,legacy_fd,False,unique_record,rule2_single_source_record
TK-243465,2025-07-21 21:53,2025-07-22 00:19,resolved,email,C105247,VR888744,VR888744,quoted_valid,VA-EB-PL2,Billing & Payments,High,Billing,A3033,0,,297400.0,2974.0,DUP-PAYMENT,N,legacy_fd,legacy_fd,False,unique_record,rule2_single_source_record
TK-243479,2025-07-22 14:35,2025-07-22 14:54,resolved,chat,C105588,VR904650,VR904650,quoted_valid,VA-EB-PL2,Billing & Payments,High,Billing,A3035,1,,119000.0,1190.0,CANCEL,N,legacy_fd,legacy_fd,False,unique_record,rule2_single_source_record
TK-243482,2025-07-22 16:46,2025-07-24 17:13,resolved,chat,C103650,,VR890268,fallback_single,VA-HP-ST3,Returns & Refunds,Low,Returns Desk,A3036,0,,629900.0,6299.0,RETURN-QC-OK,N,legacy_fd,legacy_fd,False,unique_record,rule2_single_source_record
TK-243486,2025-07-22 20:11,2025-07-22 21:05,resolved,social,C105936,VR906346,VR906346,quoted_valid,VA-HP-ST2,Billing & Payments,High,Billing,A3018,1,,225000.0,2250.0,GW-OTHER,N,legacy_fd,legacy_fd,False,unique_record,rule2_single_source_record
TK-243490,2025-07-23 10:10,2025-07-23 12:27,resolved,voice,C101798,VR899238,VR899238,quoted_valid,VA-EB-PL2,Charging & Battery,High,Voice Frontline,A3024,0,4.0,279900.0,2799.0,GW-OTHER,N,legacy_fd,legacy_fd,False,unique_record,rule2_single_source_record
TK-243492,2025-07-23 10:34,2025-07-24 11:25,closed,social,C100816,,VR892222,fallback_single,VA-SW-NX1,Delivery & Shipping,Normal,Logistics,A3028,0,3.0,474900.0,4749.0,GW-OTHER,N,legacy_fd,legacy_fd,False,unique_record,rule2_single_source_record
TK-243496,2025-07-23 11:43,2025-07-23 17:48,resolved,email,C101694,VR892644,VR892644,quoted_valid,VA-EB-PL1,Delivery & Shipping,Normal,Logistics,A3030,0,,224900.0,2249.0,GW-OTHER,N,legacy_fd,legacy_fd,False,unique_record,rule2_single_source_record
TK-243501,2025-07-23 16:52,2025-07-26 18:06,resolved,voice,C107915,VR880989,VR880989,quoted_valid,VA-AC-CH65,Returns & Refunds,Normal,Returns Desk,A3036,0,,254800.0,2548.0,GW-OTHER,N,legacy_fd,legacy_fd,False,unique_record,rule2_single_source_record
TK-243514,2025-07-23 21:50,2025-07-23 23:29,resolved,social,C104428,VR883131,VR883131,quoted_valid,VA-SP-MINI,Billing & Payments,Normal,Billing,A3033,0,5.0,212400.0,2124.0,GW-OTHER,N,legacy_fd,legacy_fd,False,unique_record,rule2_single_source_record
TK-243522,2025-07-24 11:52,2025-08-01 19:09,resolved,email,C103152,VR906367,VR906367,quoted_valid,VA-SW-NX2,Warranty & Repair,Normal,Escalations & Warranty,A3041,0,4.0,584900.0,5849.0,WTY-BUYBACK,N,legacy_fd,legacy_fd,False,unique_record,rule2_single_source_record
TK-243531,2025-07-24 22:04,2025-07-26 22:24,resolved,chat,C101524,,VR896442,fallback_single,VA-SP-MINI,Returns & Refunds,Normal,Returns Desk,A3037,0,3.0,2499.0,2499.0,RETURN-QC-OK,N,helpdesk,helpdesk,True,reconciled_migration_pair,rule1_verified_migration_duplicate_helpdesk_selected
TK-243538,2025-07-25 09:22,2025-07-25 10:01,resolved,chat,C104256,,VR904287,fallback_single,VA-EB-PL2,Billing & Payments,High,Billing,A3034,0,,595.0,595.0,DUP-PAYMENT,N,helpdesk,helpdesk,True,reconciled_migration_pair,rule1_verified_migration_duplicate_helpdesk_selected
TK-243542,2025-07-25 13:02,2025-07-25 13:40,resolved,voice,C100848,VR889547,VR889547,quoted_valid,VA-SP-ORB,Billing & Payments,High,Billing,A3032,0,4.0,72000.0,720.0,GW-OTHER,N,legacy_fd,legacy_fd,False,unique_record,rule2_single_source_record
TK-243544,2025-07-25 13:23,2025-07-28 17:20,resolved,email,C105564,,VR903338,fallback_single,VA-SW-NX2,Delivery & Shipping,Normal,Logistics,A3030,0,,649900.0,6499.0,RETURN-QC-OK,N,legacy_fd,legacy_fd,False,unique_record,rule2_single_source_record
TK-243549,2025-07-25 16:37,2025-07-25 17:29,resolved,voice,C108065,VR880533,VR880533,quoted_valid,VA-EB-PL1,Billing & Payments,Normal,Billing,A3035,0,,224900.0,2249.0,PRICE-ADJ,N,legacy_fd,legacy_fd,False,unique_record,rule2_single_source_record
TK-243552,2025-07-25 19:33,2025-07-28 20:37,resolved,social,C103997,VR909338,VR909338,quoted_valid,VA-EB-AIR,Returns & Refunds,Normal,Returns Desk,A3036,0,,152900.0,1529.0,RETURN-QC-OK,N,legacy_fd,legacy_fd,False,unique_record,rule2_single_source_record
TK-243553,2025-07-25 20:02,2025-07-30 20:19,resolved,chat,C105516,VR882406,VR882406,quoted_valid,VA-HP-ST3,Delivery & Shipping,Normal,Logistics,A3014,1,,94500.0,945.0,DOA-REPL,N,legacy_fd,legacy_fd,False,unique_record,rule2_single_source_record
TK-243554,2025-07-25 20:21,2025-07-26 21:00,resolved,chat,C105915,,VR895435,fallback_single,VA-SP-MINI,Returns & Refunds,Normal,Returns Desk,A3036,1,3.0,249900.0,2499.0,GW-OTHER,N,legacy_fd,legacy_fd,False,unique_record,rule2_single_source_record
TK-243565,2025-07-26 10:51,2025-07-26 12:11,resolved,voice,C103446,VR889715,VR889715,quoted_valid,VA-EB-PL2,Billing & Payments,High,Billing,A3022,2,,349900.0,3499.0,GW-OTHER,N,legacy_fd,legacy_fd,False,unique_record,rule2_single_source_record
TK-243574,2025-07-26 16:30,2025-07-26 17:11,resolved,voice,C107595,VR902335,VR902335,quoted_valid,VA-HP-ST2,Billing & Payments,Normal,Billing,A3035,0,,474900.0,4749.0,PRICE-ADJ,N,legacy_fd,legacy_fd,False,unique_record,rule2_single_source_record
TK-243578,2025-07-26 18:14,2025-07-27 18:37,resolved,chat,C108690,VR888239,VR888239,quoted_valid,VA-EB-PL2,Delivery & Shipping,Normal,Logistics,A3030,0,,35000.0,350.0,LOST-TRANSIT,N,legacy_fd,legacy_fd,False,unique_record,rule2_single_source_record
TK-243586,2025-07-26 21:07,2025-07-26 22:38,resolved,email,C101760,VR887006,VR887006,quoted_valid,VA-EB-AIR,Billing & Payments,Normal,Billing,A3032,0,,179900.0,1799.0,GW-OTHER,N,legacy_fd,legacy_fd,False,unique_record,rule2_single_source_record
TK-243592,2025-07-27 08:27,2025-07-27 10:47,closed,social,C104296,VR900476,VR900476,quoted_valid,VA-SW-FIT,Other,High,Chat Frontline,A3010,0,,199900.0,1999.0,GW-OTHER,N,legacy_fd,legacy_fd,False,unique_record,rule2_single_source_record
TK-243594,2025-07-27 09:06,2025-07-27 09:22,resolved,chat,C102976,VR894402,VR894402,quoted_valid,VA-EB-PL2,Billing & Payments,Normal,Billing,A3033,0,,3499.0,3499.0,PRICE-ADJ,N,helpdesk,helpdesk,True,reconciled_migration_pair,rule1_verified_migration_duplicate_helpdesk_selected
TK-243600,2025-07-27 13:41,2025-07-27 20:29,closed,social,C105313,VR900423,VR900423,quoted_valid,VA-EB-PL2,Billing & Payments,Normal,Billing,A3035,0,5.0,44600.0,446.0,GW-OTHER,N,legacy_fd,legacy_fd,False,unique_record,rule2_single_source_record
TK-243601,2025-07-27 13:44,2025-07-27 14:09,closed,chat,C106910,VR890103,VR890103,quoted_valid,VA-AC-CBL,Other,Normal,Chat Frontline,A3013,0,3.0,33900.0,339.0,GW-OTHER,N,legacy_fd,legacy_fd,False,unique_record,rule2_single_source_record
TK-243603,2025-07-27 14:23,2025-07-27 14:48,resolved,chat,C105809,,VR893802,fallback_single,VA-EB-AIR,Delivery & Shipping,High,Logistics,A3030,0,4.0,170900.0,1709.0,GW-OTHER,N,legacy_fd,legacy_fd,False,unique_record,rule2_single_source_record
TK-243615,2025-07-27 20:27,2025-07-27 20:48,resolved,chat,C106098,VR895003,VR895003,quoted_valid,VA-SW-FIT,Other,Normal,Chat Frontline,A3012,0,,199900.0,1999.0,DUP-PAYMENT,N,legacy_fd,legacy_fd,False,unique_record,rule2_single_source_record
TK-243619,2025-07-27 22:32,2025-07-28 00:09,resolved,email,C106464,VR904698,VR904698,quoted_valid,VA-AC-CBL,Returns & Refunds,High,Returns Desk,A3038,0,4.0,5700.0,57.0,RETURN-QC-OK,N,legacy_fd,legacy_fd,False,unique_record,rule2_single_source_record
TK-243620,2025-07-27 22:44,2025-07-27 23:13,resolved,chat,C108690,,VR898629,fallback_single,VA-SW-NX2,Billing & Payments,Normal,Billing,A3032,0,3.0,519900.0,5199.0,DUP-PAYMENT,N,legacy_fd,legacy_fd,False,unique_record,rule2_single_source_record
TK-243626,2025-07-28 11:25,2025-07-31 12:31,resolved,social,C102440,VR899207,VR899207,quoted_valid,VA-EB-PL1,Delivery & Shipping,Normal,Logistics,A3027,0,,45000.0,450.0,LOST-TRANSIT,N,legacy_fd,legacy_fd,False,unique_record,rule2_single_source_record
TK-243634,2025-07-28 18:07,,pending,chat,C105170,VR883944,VR883944,quoted_valid,VA-EB-PL1,Other,Normal,Chat Frontline,A3005,0,,212400.0,2124.0,DUP-PAYMENT,N,legacy_fd,legacy_fd,False,unique_record,rule2_single_source_record
TK-243635,2025-07-28 18:28,2025-07-28 19:32,resolved,social,C108679,VR904577,VR904577,quoted_valid,VA-SP-ORB,Billing & Payments,High,Billing,A3035,0,,599900.0,5999.0,DUP-PAYMENT,N,legacy_fd,legacy_fd,False,unique_record,rule2_single_source_record
TK-243645,2025-07-28 21:42,2025-07-28 22:01,closed,chat,C108445,VR909813,VR909813,quoted_valid,VA-EB-PL2,Other,Normal,Chat Frontline,A3029,1,,664800.0,6648.0,CANCEL,N,legacy_fd,legacy_fd,False,unique_record,rule2_single_source_record
TK-243653,2025-07-29 08:26,2025-08-03 09:04,closed,chat,C106168,VR885577,VR885577,quoted_valid,VA-EB-PL2,Delivery & Shipping,Low,Logistics,A3029,0,4.0,349900.0,3499.0,DOA-REPL,N,legacy_fd,legacy_fd,False,unique_record,rule2_single_source_record
TK-243657,2025-07-29 09:28,2025-07-29 10:15,resolved,voice,C105636,VR897206,VR897206,quoted_valid,VA-SW-NX1,Billing & Payments,Normal,Billing,A3033,0,3.0,75000.0,750.0,GW-OTHER,N,legacy_fd,legacy_fd,False,unique_record,rule2_single_source_record
TK-243659,2025-07-29 10:09,2025-07-29 10:41,resolved,voice,C105318,VR884765,VR884765,quoted_valid,VA-SW-NX2,Billing & Payments,High,Billing,A3034,0,,649900.0,6499.0,GW-OTHER,N,legacy_fd,legacy_fd,False,unique_record,rule2_single_source_record
TK-243661,2025-07-29 10:29,2025-07-31 13:19,resolved,email,C104256,,VR904287,fallback_single,VA-EB-PL2,Returns & Refunds,Normal,Returns Desk,A3038,0,,297400.0,2974.0,GW-OTHER,N,legacy_fd,legacy_fd,False,unique_record,rule2_single_source_record
TK-243662,2025-07-29 10:32,2025-07-29 10:49,resolved,chat,C105502,,VR896175,fallback_single,VA-EB-PL1,Delivery & Shipping,Normal,Logistics,A3029,0,,47500.0,475.0,CANCEL,N,legacy_fd,legacy_fd,False,unique_record,rule2_single_source_record
TK-243667,2025-07-29 12:13,2025-07-29 22:34,closed,email,C103028,,VR907605,fallback_single,VA-SW-NX2,Other,Normal,Email Frontline,A3037,1,,650.0,650.0,CANCEL,N,helpdesk,helpdesk,True,reconciled_migration_pair,rule1_verified_migration_duplicate_helpdesk_selected
TK-243676,2025-07-29 15:09,2025-08-03 15:37,resolved,voice,C100848,VR889547,VR889547,quoted_valid,VA-SP-ORB,Delivery & Shipping,High,Logistics,A3030,0,,4799.0,4799.0,GW-OTHER,N,helpdesk,helpdesk,True,reconciled_migration_pair,rule1_verified_migration_duplicate_helpdesk_selected
TK-243681,2025-07-29 17:52,2025-07-29 18:16,resolved,chat,C104879,VR895807,VR895807,quoted_valid,VA-SP-MINI,Connectivity,Low,Chat Frontline,A3014,0,5.0,249900.0,2499.0,GW-OTHER,N,legacy_fd,legacy_fd,False,unique_record,rule2_single_source_record
TK-243697,2025-07-30 14:13,2025-08-01 16:12,resolved,email,C108140,,VR882552,fallback_single,VA-AC-CBL,Delivery & Shipping,High,Logistics,A3030,0,2.0,79800.0,798.0,DOA-REPL,N,legacy_fd,legacy_fd,False,unique_record,rule2_single_source_record
TK-243704,2025-07-30 21:42,,open,email,C106603,VR891215,VR891215,quoted_valid,VA-EB-PL2,Billing & Payments,High,Billing,A3032,0,,3324.0,3324.0,DUP-PAYMENT,N,helpdesk,helpdesk,True,reconciled_migration_pair,rule1_verified_migration_duplicate_helpdesk_selected
TK-243707,2025-07-30 23:11,2025-07-31 01:54,resolved,social,C109469,VR880818,VR880818,quoted_valid,VA-EB-AIR,Billing & Payments,High,Billing,A3034,0,,161900.0,1619.0,DUP-PAYMENT,N,legacy_fd,legacy_fd,False,unique_record,rule2_single_source_record
TK-243710,2025-07-31 08:08,2025-07-31 08:36,resolved,chat,C100429,,VR896854,fallback_single,VA-HP-ST2,Charging & Battery,Normal,Chat Frontline,A3010,0,,449900.0,4499.0,DOA-REPL,Y,legacy_fd,legacy_fd,False,unique_record,rule2_single_source_record
TK-243715,2025-07-31 10:15,2025-08-02 18:38,resolved,email,C105044,VR896370,VR896370,quoted_valid,VA-SW-NX2,Returns & Refunds,Normal,Returns Desk,A3036,0,,649900.0,6499.0,RETURN-QC-OK,N,legacy_fd,legacy_fd,False,unique_record,rule2_single_source_record
TK-243716,2025-07-31 10:19,2025-08-02 11:11,resolved,voice,C105551,VR902466,VR902466,quoted_valid,VA-EB-PL1,Returns & Refunds,Normal,Returns Desk,A3038,0,3.0,237400.0,2374.0,RETURN-QC-OK,N,legacy_fd,legacy_fd,False,unique_record,rule2_single_source_record
TK-243718,2025-07-31 12:13,2025-08-01 12:36,closed,chat,C107176,,VR893999,fallback_single,VA-SW-FIT,Delivery & Shipping,Normal,Logistics,A3031,0,4.0,199900.0,1999.0,GW-OTHER,N,legacy_fd,legacy_fd,False,unique_record,rule2_single_source_record
TK-243723,2025-07-31 17:18,2025-07-31 23:53,closed,social,C109008,,VR886115,fallback_single,VA-NB-ARC,Other,Normal,Chat Frontline,A3002,0,,129900.0,1299.0,CANCEL,N,legacy_fd,legacy_fd,False,unique_record,rule2_single_source_record
TK-243724,2025-07-31 17:33,,open,chat,C100264,VR898602,VR898602,quoted_valid,VA-SW-FIT,Other,Normal,Chat Frontline,A3014,0,,199900.0,1999.0,LOST-TRANSIT,N,legacy_fd,legacy_fd,False,unique_record,rule2_single_source_record
TK-243730,2025-07-31 20:33,2025-07-31 21:21,closed,voice,C102786,,VR887982,fallback_single,VA-SP-ORB,Delivery & Shipping,Normal,Logistics,A3030,0,4.0,539900.0,5399.0,CANCEL,N,legacy_fd,legacy_fd,False,unique_record,rule2_single_source_record
TK-243738,2025-08-01 10:11,2025-08-03 14:50,resolved,email,C105636,VR897206,VR897206,quoted_valid,VA-SW-NX1,Returns & Refunds,Low,Returns Desk,A3036,0,3.0,499900.0,4999.0,GW-OTHER,N,legacy_fd,legacy_fd,False,unique_record,rule2_single_source_record
TK-243765,2025-08-02 09:55,2025-08-03 10:21,resolved,chat,C109491,VR880308,VR880308,quoted_valid,VA-EB-PL2,Delivery & Shipping,Normal,Logistics,A3028,0,4.0,279900.0,2799.0,RETURN-QC-OK,N,legacy_fd,legacy_fd,False,unique_record,rule2_single_source_record
TK-243771,2025-08-02 11:49,2025-08-04 14:10,resolved,voice,C103028,,VR907605,fallback_single,VA-SW-NX2,Delivery & Shipping,High,Logistics,A3029,0,,649900.0,6499.0,LOST-TRANSIT,N,legacy_fd,legacy_fd,False,unique_record,rule2_single_source_record
TK-243778,2025-08-02 17:36,2025-08-04 18:46,resolved,email,C100077,,VR905304,fallback_single,VA-EB-PL2,Returns & Refunds,Low,Returns Desk,A3036,0,5.0,297400.0,2974.0,GW-OTHER,N,legacy_fd,legacy_fd,False,unique_record,rule2_single_source_record
TK-243781,2025-08-02 22:24,2025-08-02 23:29,resolved,chat,C105318,,VR884765,fallback_single,VA-SW-NX2,Other,Normal,Chat Frontline,A3017,0,,6499.0,6499.0,CANCEL,N,helpdesk,helpdesk,True,reconciled_migration_pair,rule1_verified_migration_duplicate_helpdesk_selected
TK-243784,2025-08-03 01:18,2025-08-03 01:50,resolved,chat,C102710,,VR891533,fallback_single,VA-EB-PL2,Other,Normal,Chat Frontline,A3017,1,3.0,349900.0,3499.0,GW-OTHER,N,legacy_fd,legacy_fd,False,unique_record,rule2_single_source_record
TK-243789,2025-08-03 11:42,2025-08-06 13:32,resolved,chat,C102343,VR902850,VR902850,quoted_valid,VA-SW-NX2,Warranty & Repair,Normal,Escalations & Warranty,A3039,0,4.0,649900.0,6499.0,GW-OTHER,N,legacy_fd,legacy_fd,False,unique_record,rule2_single_source_record
TK-243792,2025-08-03 12:51,2025-08-06 14:32,resolved,chat,C103050,VR906615,VR906615,quoted_valid,VA-SW-NX2,Warranty & Repair,Normal,Escalations & Warranty,A3039,0,4.0,5199.0,5199.0,GW-OTHER,Y,helpdesk,helpdesk,True,reconciled_migration_pair,rule1_verified_migration_duplicate_helpdesk_selected
TK-243794,2025-08-03 13:29,2025-08-03 16:10,resolved,email,C102852,VR889243,VR889243,quoted_valid,VA-SP-ORB,Other,Normal,Email Frontline,A3018,0,,5399.0,5399.0,CANCEL,N,helpdesk,helpdesk,True,reconciled_migration_pair,rule1_verified_migration_duplicate_helpdesk_selected
TK-243796,2025-08-03 13:30,2025-08-03 14:50,resolved,email,C109129,VR901269,VR901269,quoted_valid,VA-EB-PL2,Delivery & Shipping,Normal,Logistics,A3030,0,5.0,314900.0,3149.0,GW-OTHER,N,legacy_fd,legacy_fd,False,unique_record,rule2_single_source_record
TK-243800,2025-08-03 15:41,2025-08-04 16:02,resolved,chat,C100895,,VR901654,fallback_single,VA-EB-PL2,Delivery & Shipping,Normal,Logistics,A3030,0,4.0,332400.0,3324.0,WTY-BUYBACK,Y,legacy_fd,legacy_fd,False,unique_record,rule2_single_source_record
TK-243806,2025-08-03 20:15,2025-08-03 22:51,resolved,email,C106151,,VR888594,fallback_single,VA-EB-PL2,Returns & Refunds,Low,Returns Desk,A3037,0,3.0,175000.0,1750.0,RETURN-QC-OK,N,legacy_fd,legacy_fd,False,unique_record,rule2_single_source_record
TK-243814,2025-08-04 09:08,2025-08-04 09:42,resolved,chat,C107439,VR880419,VR880419,quoted_valid,VA-SW-NX2,Connectivity,Normal,Chat Frontline,A3007,0,,649900.0,6499.0,GW-OTHER,Y,legacy_fd,legacy_fd,False,unique_record,rule2_single_source_record
TK-243820,2025-08-04 11:41,2025-08-04 12:07,resolved,chat,C103644,VR887112,VR887112,quoted_valid,VA-SP-ORB,Billing & Payments,Normal,Billing,A3033,0,3.0,599900.0,5999.0,DUP-PAYMENT,N,legacy_fd,legacy_fd,False,unique_record,rule2_single_source_record
TK-243823,2025-08-04 14:01,2025-08-07 14:20,resolved,chat,C107445,VR893621,VR893621,quoted_valid,VA-EB-AIR,Delivery & Shipping,High,Logistics,A3030,0,,143900.0,1439.0,GW-OTHER,N,legacy_fd,legacy_fd,False,unique_record,rule2_single_source_record
TK-243824,2025-08-04 14:26,2025-08-05 15:27,resolved,voice,C101417,VR895351,VR895351,quoted_valid,VA-EB-PL2,Delivery & Shipping,Normal,Logistics,A3030,1,,314900.0,3149.0,LOST-TRANSIT,N,legacy_fd,legacy_fd,False,unique_record,rule2_single_source_record
TK-243828,2025-08-04 15:25,2025-08-04 15:53,resolved,chat,C107158,VR896909,VR896909,quoted_valid,VA-EB-PL1,Billing & Payments,High,Billing,A3035,0,,1000.0,1000.0,DUP-PAYMENT,N,helpdesk,helpdesk,True,reconciled_migration_pair,rule1_verified_migration_duplicate_helpdesk_selected
TK-243829,2025-08-04 17:09,2025-08-09 17:28,resolved,chat,C109019,VR890489,VR890489,quoted_valid,VA-SP-ORB,Delivery & Shipping,Normal,Logistics,A3030,0,,569900.0,5699.0,LOST-TRANSIT,N,legacy_fd,legacy_fd,False,unique_record,rule2_single_source_record
TK-243834,2025-08-04 18:10,2025-08-04 21:39,resolved,email,C108371,,VR898094,fallback_single,VA-AC-CASE,Billing & Payments,High,Billing,A3035,0,3.0,1299.0,1299.0,GW-OTHER,N,helpdesk,helpdesk,True,reconciled_migration_pair,rule1_verified_migration_duplicate_helpdesk_selected
TK-243843,2025-08-05 08:10,2025-08-08 08:54,resolved,chat,C104970,VR899904,VR899904,quoted_valid,VA-HP-ST3,Returns & Refunds,Normal,Returns Desk,A3038,0,,559900.0,5599.0,GW-OTHER,N,legacy_fd,legacy_fd,False,unique_record,rule2_single_source_record
TK-243880,2025-08-06 13:12,2025-08-06 13:30,resolved,chat,C106306,VR887489,VR887489,quoted_valid,VA-EB-PL2,Delivery & Shipping,Normal,Logistics,A3029,0,2.0,279900.0,2799.0,GW-OTHER,N,legacy_fd,legacy_fd,False,unique_record,rule2_single_source_record
TK-243881,2025-08-06 14:02,2025-08-07 18:44,closed,email,C101609,VR901695,VR901695,quoted_valid,VA-EB-PL1,Billing & Payments,High,Billing,A3035,0,3.0,249900.0,2499.0,CANCEL,N,legacy_fd,legacy_fd,False,unique_record,rule2_single_source_record
TK-243889,2025-08-06 21:37,2025-08-06 21:59,resolved,chat,C108418,VR897932,VR897932,quoted_valid,VA-SW-NX2,Delivery & Shipping,Normal,Logistics,A3030,0,,649900.0,6499.0,CANCEL,N,legacy_fd,legacy_fd,False,unique_record,rule2_single_source_record
TK-243895,2025-08-07 10:26,2025-08-10 12:27,resolved,social,C101763,,VR908140,fallback_single,VA-EB-PL1,Returns & Refunds,Low,Returns Desk,A3037,0,4.0,33700.0,337.0,GW-OTHER,N,legacy_fd,legacy_fd,False,unique_record,rule2_single_source_record
TK-243900,2025-08-07 14:37,2025-08-07 15:16,resolved,chat,C102218,VR900570,VR900570,quoted_valid,VA-EB-AIR,Other,Normal,Chat Frontline,A3008,0,,179900.0,1799.0,WTY-BUYBACK,N,legacy_fd,legacy_fd,False,unique_record,rule2_single_source_record
TK-243902,2025-08-07 16:25,2025-08-07 16:47,resolved,chat,C104996,VR905305,VR905305,quoted_valid,VA-EB-AIR,Other,Normal,Chat Frontline,A3004,0,,287800.0,2878.0,PRICE-ADJ,N,legacy_fd,legacy_fd,False,unique_record,rule2_single_source_record
TK-243905,2025-08-07 19:10,2025-08-10 19:45,resolved,chat,C108737,,VR884443,fallback_single,VA-SW-FIT,Returns & Refunds,Normal,Returns Desk,A3036,0,3.0,1999.0,1999.0,GW-OTHER,N,helpdesk,helpdesk,True,reconciled_migration_pair,rule1_verified_migration_duplicate_helpdesk_selected
TK-243908,2025-08-08 04:59,2025-08-08 07:10,resolved,email,C107902,VR903768,VR903768,quoted_valid,VA-EB-PL2,Other,Normal,Email Frontline,A3022,0,,332400.0,3324.0,DUP-PAYMENT,N,legacy_fd,legacy_fd,False,unique_record,rule2_single_source_record
TK-243913,2025-08-08 10:05,2025-08-09 10:28,resolved,chat,C109321,VR897706,VR897706,quoted_valid,VA-NB-ARC,Returns & Refunds,Normal,Returns Desk,A3038,0,2.0,23400.0,234.0,RETURN-QC-OK,N,legacy_fd,legacy_fd,False,unique_record,rule2_single_source_record
TK-243914,2025-08-08 11:28,2025-08-08 12:14,resolved,voice,C106415,VR901722,VR901722,quoted_valid,VA-EB-PL2,Billing & Payments,High,Billing,A3034,0,,175000.0,1750.0,CANCEL,N,legacy_fd,legacy_fd,False,unique_record,rule2_single_source_record
TK-243917,2025-08-08 12:59,2025-08-09 13:48,resolved,social,C109494,VR898785,VR898785,quoted_valid,VA-SP-ORB,Returns & Refunds,Normal,Returns Desk,A3038,0,,270000.0,2700.0,RETURN-QC-OK,N,legacy_fd,legacy_fd,False,unique_record,rule2_single_source_record
TK-243931,2025-08-08 21:41,2025-08-08 23:16,resolved,email,C103921,VR907066,VR907066,quoted_valid,VA-HP-ST3,Other,Low,Email Frontline,A3001,0,,6299.0,6299.0,CANCEL,N,helpdesk,helpdesk,True,reconciled_migration_pair,rule1_verified_migration_duplicate_helpdesk_selected
TK-243932,2025-08-08 22:50,2025-08-08 23:57,resolved,social,C106454,VR890553,VR890553,quoted_valid,VA-EB-PL2,Billing & Payments,Normal,Billing,A3033,0,3.0,332400.0,3324.0,DUP-PAYMENT,N,legacy_fd,legacy_fd,False,unique_record,rule2_single_source_record
TK-243933,2025-08-09 00:24,2025-08-09 00:57,resolved,chat,C103556,VR902798,VR902798,quoted_valid,VA-SW-NX1,Billing & Payments,Normal,Billing,A3034,0,,474900.0,4749.0,GW-OTHER,N,legacy_fd,legacy_fd,False,unique_record,rule2_single_source_record
TK-243944,2025-08-09 13:24,2025-08-09 18:44,resolved,email,C107349,VR888930,VR888930,quoted_valid,VA-EB-PL2,Returns & Refunds,Normal,Returns Desk,A3036,0,3.0,314900.0,3149.0,RETURN-QC-OK,N,legacy_fd,legacy_fd,False,unique_record,rule2_single_source_record
TK-243946,2025-08-09 15:34,2025-08-21 17:00,resolved,chat,C102926,,VR887035,fallback_single,VA-EB-PL2,Warranty & Repair,High,Escalations & Warranty,A3044,0,,349900.0,3499.0,DOA-REPL,N,legacy_fd,legacy_fd,False,unique_record,rule2_single_source_record
TK-243961,2025-08-09 22:26,2025-08-09 23:02,resolved,chat,C105625,,VR885056,fallback_single,VA-EB-AIR,Charging & Battery,Normal,Chat Frontline,A3017,0,,161900.0,1619.0,GW-OTHER,Y,legacy_fd,legacy_fd,False,unique_record,rule2_single_source_record
TK-243965,2025-08-10 04:19,2025-08-11 04:52,resolved,chat,C106351,VR880697,VR880697,quoted_valid,VA-SP-MINI,Returns & Refunds,Normal,Returns Desk,A3038,0,,2499.0,2499.0,GW-OTHER,N,helpdesk,helpdesk,True,reconciled_migration_pair,rule1_verified_migration_duplicate_helpdesk_selected
TK-243973,2025-08-10 13:31,2025-08-10 14:04,resolved,chat,C105387,VR886338,VR886338,quoted_valid,VA-EB-PL2,Billing & Payments,High,Billing,A3032,0,,35000.0,350.0,DUP-PAYMENT,N,legacy_fd,legacy_fd,False,unique_record,rule2_single_source_record
TK-243984,2025-08-10 21:02,2025-08-10 22:18,resolved,email,C100811,VR903699,VR903699,quoted_valid,VA-NB-ARC,Other,Normal,Email Frontline,A3018,0,5.0,22100.0,221.0,DUP-PAYMENT,N,legacy_fd,legacy_fd,False,unique_record,rule2_single_source_record
TK-243991,2025-08-11 08:13,2025-08-13 15:56,resolved,email,C109469,,VR880818,fallback_single,VA-EB-AIR,Returns & Refunds,Normal,Returns Desk,A3036,0,2.0,161900.0,1619.0,GW-OTHER,N,legacy_fd,legacy_fd,False,unique_record,rule2_single_source_record
TK-243993,2025-08-11 09:42,2025-08-11 10:33,resolved,chat,C103810,,VR908810,fallback_single,VA-EB-AIR,Audio Quality,Normal,Chat Frontline,A3007,0,,143900.0,1439.0,DOA-REPL,Y,legacy_fd,legacy_fd,False,unique_record,rule2_single_source_record
TK-243994,2025-08-11 09:50,2025-08-11 10:15,resolved,chat,C109440,,VR889762,fallback_single,VA-EB-AIR,Returns & Refunds,Normal,Returns Desk,A3037,0,,179900.0,1799.0,RETURN-QC-OK,N,legacy_fd,legacy_fd,False,unique_record,rule2_single_source_record
TK-244000,2025-08-11 13:35,2025-08-13 13:57,resolved,chat,C106593,,VR889280,fallback_single,VA-EB-AIR,Returns & Refunds,Normal,Returns Desk,A3038,0,,161900.0,1619.0,GW-OTHER,N,legacy_fd,legacy_fd,False,unique_record,rule2_single_source_record
TK-244007,2025-08-11 15:16,2025-08-12 15:52,resolved,voice,C104809,,VR894677,fallback_single,VA-EB-PL2,Delivery & Shipping,High,Logistics,A3030,0,,297400.0,2974.0,DOA-REPL,N,legacy_fd,legacy_fd,False,unique_record,rule2_single_source_record
TK-244010,2025-08-11 16:38,2025-08-13 18:01,resolved,social,C107982,,VR894939,fallback_single,VA-SP-MINI,Returns & Refunds,High,Returns Desk,A3006,2,3.0,237400.0,2374.0,GW-OTHER,N,legacy_fd,legacy_fd,False,unique_record,rule2_single_source_record
TK-244018,2025-08-11 20:27,2025-08-11 22:36,resolved,social,C105588,VR904650,VR904650,quoted_valid,VA-EB-PL2,Returns & Refunds,Normal,Returns Desk,A3037,0,,594800.0,5948.0,GW-OTHER,N,legacy_fd,legacy_fd,False,unique_record,rule2_single_source_record
TK-244024,2025-08-12 07:20,2025-08-13 10:06,resolved,email,C108679,VR904577,VR904577,quoted_valid,VA-SP-ORB,Returns & Refunds,Normal,Returns Desk,A3037,0,4.0,599900.0,5999.0,RETURN-QC-OK,N,legacy_fd,legacy_fd,False,unique_record,rule2_single_source_record
TK-244026,2025-08-12 11:19,2025-08-12 12:20,resolved,voice,C101535,,VR886478,fallback_single,VA-EB-PL2,Billing & Payments,High,Billing,A3032,0,5.0,349900.0,3499.0,CANCEL,N,legacy_fd,legacy_fd,False,unique_record,rule2_single_source_record
TK-244029,2025-08-12 16:16,2025-08-15 16:43,resolved,chat,C104061,,VR909439,fallback_single,VA-EB-PL2,Returns & Refunds,Low,Returns Desk,A3036,0,4.0,332400.0,3324.0,GW-OTHER,N,legacy_fd,legacy_fd,False,unique_record,rule2_single_source_record
TK-244031,2025-08-12 16:59,2025-08-12 17:37,resolved,chat,C103455,VR882709,VR882709,quoted_valid,VA-HP-ST2,Returns & Refunds,Normal,Returns Desk,A3036,0,,499900.0,4999.0,GW-OTHER,N,legacy_fd,legacy_fd,False,unique_record,rule2_single_source_record
TK-244034,2025-08-12 21:04,2025-08-14 22:13,resolved,email,C101256,,VR896078,fallback_single,VA-EB-PL2,Returns & Refunds,Normal,Returns Desk,A3036,0,2.0,349900.0,3499.0,RETURN-QC-OK,N,legacy_fd,legacy_fd,False,unique_record,rule2_single_source_record
TK-244040,2025-08-13 07:49,2025-08-16 08:31,resolved,chat,C106492,,VR883861,fallback_single,VA-SW-NX2,Returns & Refunds,Normal,Returns Desk,A3037,0,,6174.0,6174.0,GW-OTHER,Y,helpdesk,helpdesk,True,reconciled_migration_pair,rule1_verified_migration_duplicate_helpdesk_selected
TK-244042,2025-08-13 09:18,2025-08-13 09:37,closed,chat,C105782,,,ambiguous,VA-EB-PL2,Returns & Refunds,Normal,Returns Desk,A3038,0,4.0,35000.0,350.0,RETURN-QC-OK,N,legacy_fd,legacy_fd,False,unique_record,rule2_single_source_record
TK-244054,2025-08-13 17:14,2025-08-15 17:54,resolved,voice,C104995,,VR904586,fallback_single,VA-HP-ST3,Delivery & Shipping,Normal,Logistics,A3030,0,,5949.0,5949.0,GW-OTHER,N,helpdesk,helpdesk,True,reconciled_migration_pair,rule1_verified_migration_duplicate_helpdesk_selected
TK-244074,2025-08-14 19:33,2025-08-14 20:16,resolved,voice,C105908,VR880886,VR880886,quoted_valid,VA-EB-PL2,Billing & Payments,High,Billing,A3035,0,4.0,314900.0,3149.0,DUP-PAYMENT,N,legacy_fd,legacy_fd,False,unique_record,rule2_single_source_record
TK-244078,2025-08-14 20:22,2025-08-15 21:05,resolved,chat,C107204,,,ambiguous,VA-EB-PL2,Returns & Refunds,Normal,Returns Desk,A3036,0,,47200.0,472.0,GW-OTHER,N,legacy_fd,legacy_fd,False,unique_record,rule2_single_source_record
TK-244084,2025-08-15 02:48,2025-08-18 03:16,resolved,chat,C101974,,VR900421,fallback_single,VA-SP-MINI,Returns & Refunds,Normal,Returns Desk,A3032,1,3.0,50000.0,500.0,RETURN-QC-OK,N,legacy_fd,legacy_fd,False,unique_record,rule2_single_source_record
TK-244086,2025-08-15 14:09,2025-08-15 14:42,resolved,chat,C103586,VR886720,VR886720,quoted_valid,VA-SP-ORB,Billing & Payments,High,Billing,A3035,0,4.0,599900.0,5999.0,DUP-PAYMENT,N,legacy_fd,legacy_fd,False,unique_record,rule2_single_source_record
TK-244095,2025-08-15 18:01,2025-08-15 18:59,resolved,chat,C105269,VR894470,VR894470,quoted_valid,VA-HP-ST3,Other,Normal,Chat Frontline,A3014,0,2.0,559900.0,5599.0,GW-OTHER,N,legacy_fd,legacy_fd,False,unique_record,rule2_single_source_record
TK-244097,2025-08-15 18:47,2025-08-15 19:15,resolved,chat,C104301,VR882908,VR882908,quoted_valid,VA-EB-PL1,Returns & Refunds,Normal,Returns Desk,A3036,0,3.0,249900.0,2499.0,RETURN-QC-OK,N,legacy_fd,legacy_fd,False,unique_record,rule2_single_source_record
TK-244111,2025-08-16 11:01,2025-08-16 11:20,resolved,chat,C102643,,VR898193,fallback_single,VA-SW-NX2,Other,Normal,Chat Frontline,A3011,0,4.0,649900.0,6499.0,CANCEL,N,legacy_fd,legacy_fd,False,unique_record,rule2_single_source_record
TK-244116,2025-08-16 12:24,2025-08-16 17:19,resolved,email,C108140,,VR882552,fallback_single,VA-AC-CBL,Returns & Refunds,Normal,Returns Desk,A3036,0,2.0,120.0,120.0,RETURN-QC-OK,N,helpdesk,helpdesk,True,reconciled_migration_pair,rule1_verified_migration_duplicate_helpdesk_selected
TK-244125,2025-08-16 18:41,2025-08-16 19:33,resolved,voice,C108416,VR908047,VR908047,quoted_valid,VA-EB-PL2,Billing & Payments,High,Billing,A3035,0,5.0,3499.0,3499.0,DUP-PAYMENT,N,helpdesk,helpdesk,True,reconciled_migration_pair,rule1_verified_migration_duplicate_helpdesk_selected
TK-244134,2025-08-17 08:22,2025-08-17 08:56,resolved,chat,C107463,,VR880371,fallback_single,VA-SW-NX2,Billing & Payments,High,Billing,A3033,0,,649900.0,6499.0,DUP-PAYMENT,N,legacy_fd,legacy_fd,False,unique_record,rule2_single_source_record
TK-244146,2025-08-17 14:32,2025-08-19 15:41,resolved,email,C108046,VR882635,VR882635,quoted_valid,VA-EB-PL2,Returns & Refunds,Normal,Returns Desk,A3036,0,,332400.0,3324.0,RETURN-QC-OK,N,legacy_fd,legacy_fd,False,unique_record,rule2_single_source_record
TK-244151,2025-08-17 20:24,2025-08-20 01:40,closed,social,C104230,VR909432,VR909432,quoted_valid,VA-EB-PL2,Returns & Refunds,Normal,Returns Desk,A3007,1,,349900.0,3499.0,GW-OTHER,N,legacy_fd,legacy_fd,False,unique_record,rule2_single_source_record
TK-244152,2025-08-17 20:43,2025-08-17 21:00,resolved,chat,C107335,,,ambiguous,VA-EB-PL2,Billing & Payments,High,Billing,A3035,0,4.0,279900.0,2799.0,GW-OTHER,N,legacy_fd,legacy_fd,False,unique_record,rule2_single_source_record
TK-244153,2025-08-17 21:03,2025-08-19 02:14,resolved,email,C102354,,VR882584,fallback_single,VA-SW-NX2,Delivery & Shipping,Normal,Logistics,A3031,0,3.0,61700.0,617.0,LOST-TRANSIT,N,legacy_fd,legacy_fd,False,unique_record,rule2_single_source_record
TK-244162,2025-08-18 17:51,2025-08-26 19:23,resolved,chat,C101737,VR892562,VR892562,quoted_valid,VA-SP-MINI,Other,Low,Chat Frontline,A3014,0,,2249.0,2249.0,GW-OTHER,N,helpdesk,helpdesk,True,reconciled_migration_pair,rule1_verified_migration_duplicate_helpdesk_selected
TK-244164,2025-08-18 19:48,2025-08-18 20:29,resolved,chat,C101256,,VR896078,fallback_single,VA-EB-PL2,Billing & Payments,High,Billing,A3035,0,,52500.0,525.0,GW-OTHER,N,legacy_fd,legacy_fd,False,unique_record,rule2_single_source_record
TK-244165,2025-08-18 20:07,,open,chat,C108703,VR899010,VR899010,quoted_valid,VA-EB-PL2,Other,Normal,Chat Frontline,A3005,0,3.0,349900.0,3499.0,GW-OTHER,N,legacy_fd,legacy_fd,False,unique_record,rule2_single_source_record
TK-244167,2025-08-18 20:09,2025-08-24 00:46,resolved,voice,C106022,VR902066,VR902066,quoted_valid,VA-SP-ORB,Warranty & Repair,Normal,Escalations & Warranty,A3042,0,,599900.0,5999.0,DOA-REPL,N,legacy_fd,legacy_fd,False,unique_record,rule2_single_source_record
TK-244172,2025-08-19 07:24,2025-08-19 10:45,resolved,email,C104752,VR906783,VR906783,quoted_valid,VA-SP-MINI,Connectivity,Normal,Email Frontline,A3022,0,,199900.0,1999.0,GW-OTHER,N,legacy_fd,legacy_fd,False,unique_record,rule2_single_source_record
TK-244176,2025-08-19 11:21,2025-08-24 11:49,resolved,voice,C108183,,VR887628,fallback_single,VA-SP-ORB,Returns & Refunds,Low,Returns Desk,A3037,0,2.0,1080.0,1080.0,RETURN-QC-OK,Y,helpdesk,helpdesk,True,reconciled_migration_pair,rule1_verified_migration_duplicate_helpdesk_selected
TK-244185,2025-08-19 14:58,2025-08-22 16:20,resolved,social,C104511,VR895804,VR895804,quoted_valid,VA-EB-PL2,Returns & Refunds,Normal,Returns Desk,A3036,0,3.0,349900.0,3499.0,WTY-BUYBACK,Y,legacy_fd,legacy_fd,False,unique_record,rule2_single_source_record
TK-244187,2025-08-19 15:32,2025-08-21 16:33,resolved,social,C101703,VR890984,VR890984,quoted_valid,VA-EB-PL2,Billing & Payments,Normal,Billing,A3035,0,3.0,700.0,700.0,RETURN-QC-OK,N,helpdesk,helpdesk,True,reconciled_migration_pair,rule1_verified_migration_duplicate_helpdesk_selected
TK-244190,2025-08-19 17:38,2025-08-24 17:57,closed,chat,C104758,VR902737,VR902737,quoted_valid,VA-SW-NX2,Delivery & Shipping,High,Logistics,A3030,0,,649900.0,6499.0,DOA-REPL,Y,legacy_fd,legacy_fd,False,unique_record,rule2_single_source_record
TK-244194,2025-08-19 19:26,,open,email,C102354,,VR882584,fallback_single,VA-SW-NX2,Billing & Payments,Normal,Billing,A3034,0,,123500.0,1235.0,RETURN-QC-OK,N,legacy_fd,legacy_fd,False,unique_record,rule2_single_source_record
TK-244209,2025-08-20 14:17,2025-08-20 14:44,closed,voice,C106359,,VR904028,fallback_single,VA-SP-MINI,Other,Normal,Voice Frontline,A3026,0,,249900.0,2499.0,CANCEL,N,legacy_fd,legacy_fd,False,unique_record,rule2_single_source_record
TK-244210,2025-08-20 14:30,2025-08-20 14:49,resolved,chat,C107817,,VR901265,fallback_single,VA-SW-FIT,Billing & Payments,High,Billing,A3035,0,,159900.0,1599.0,DUP-PAYMENT,N,legacy_fd,legacy_fd,False,unique_record,rule2_single_source_record
TK-244212,2025-08-20 16:17,2025-08-20 17:13,resolved,voice,C109016,,VR890235,fallback_single,VA-EB-PL2,Other,Normal,Voice Frontline,A3026,0,4.0,349900.0,3499.0,CANCEL,N,legacy_fd,legacy_fd,False,unique_record,rule2_single_source_record
TK-244216,2025-08-20 20:31,2025-08-20 22:44,resolved,social,C108925,,,ambiguous,VA-EB-PL1,Billing & Payments,Normal,Billing,A3033,0,,237400.0,2374.0,DUP-PAYMENT,N,legacy_fd,legacy_fd,False,unique_record,rule2_single_source_record
TK-244218,2025-08-20 22:07,2025-08-20 22:38,resolved,chat,C107132,VR894921,VR894921,quoted_valid,VA-EB-PL2,Delivery & Shipping,Normal,Logistics,A3027,0,5.0,349900.0,3499.0,LOST-TRANSIT,N,legacy_fd,legacy_fd,False,unique_record,rule2_single_source_record
TK-244220,2025-08-20 22:09,2025-08-21 22:31,resolved,chat,C106656,VR897002,VR897002,quoted_valid,VA-EB-PL2,Returns & Refunds,Normal,Returns Desk,A3037,0,3.0,349900.0,3499.0,GW-OTHER,N,legacy_fd,legacy_fd,False,unique_record,rule2_single_source_record
TK-244224,2025-08-21 09:00,2025-08-22 10:31,resolved,email,C102794,,,ambiguous,VA-EB-PL2,Returns & Refunds,Normal,Returns Desk,A3038,0,,2799.0,2799.0,RETURN-QC-OK,N,helpdesk,helpdesk,True,reconciled_migration_pair,rule1_verified_migration_duplicate_helpdesk_selected
TK-244228,2025-08-21 10:31,2025-09-02 15:29,resolved,chat,C103757,,VR907304,fallback_single,VA-EB-PL2,Warranty & Repair,Normal,Escalations & Warranty,A3039,0,,349900.0,3499.0,GW-OTHER,N,legacy_fd,legacy_fd,False,unique_record,rule2_single_source_record
TK-244231,2025-08-21 14:33,2025-08-21 14:46,resolved,chat,C101417,VR880738,VR880738,quoted_valid,VA-EB-PL2,Other,Normal,Chat Frontline,A3012,0,,140000.0,1400.0,GW-OTHER,N,legacy_fd,legacy_fd,False,unique_record,rule2_single_source_record
TK-244241,2025-08-21 20:41,2025-08-21 21:59,resolved,email,C107173,VR899027,VR899027,quoted_valid,VA-EB-PL1,Billing & Payments,High,Billing,A3035,0,,249900.0,2499.0,PRICE-ADJ,N,legacy_fd,legacy_fd,False,unique_record,rule2_single_source_record
TK-244243,2025-08-21 21:29,2025-08-23 03:27,resolved,chat,C104301,VR882908,VR882908,quoted_valid,VA-EB-PL1,Warranty & Repair,Low,Escalations & Warranty,A3041,0,,249900.0,2499.0,WTY-BUYBACK,N,legacy_fd,legacy_fd,False,unique_record,rule2_single_source_record
TK-244273,2025-08-23 10:13,2025-08-23 11:33,resolved,email,C104356,VR895937,VR895937,quoted_valid,VA-EB-PL2,Delivery & Shipping,Normal,Logistics,A3029,0,3.0,2799.0,2799.0,GW-OTHER,N,helpdesk,helpdesk,True,reconciled_migration_pair,rule1_verified_migration_duplicate_helpdesk_selected
TK-244276,2025-08-23 12:19,2025-08-23 13:23,resolved,voice,C109459,VR883569,VR883569,quoted_valid,VA-EB-PL2,Billing & Payments,High,Billing,A3033,0,,2799.0,2799.0,DUP-PAYMENT,N,helpdesk,helpdesk,True,reconciled_migration_pair,rule1_verified_migration_duplicate_helpdesk_selected
TK-244281,2025-08-23 14:59,2025-08-23 16:34,resolved,email,C104018,VR886489,VR886489,quoted_valid,VA-NB-ARC,Audio Quality,Normal,Email Frontline,A3018,0,,116900.0,1169.0,DOA-REPL,N,legacy_fd,legacy_fd,False,unique_record,rule2_single_source_record
TK-244293,2025-08-24 06:29,2025-08-24 06:57,resolved,chat,C107367,VR880872,VR880872,quoted_valid,VA-EB-PL1,Returns & Refunds,Normal,Returns Desk,A3037,0,,249900.0,2499.0,RETURN-QC-OK,N,legacy_fd,legacy_fd,False,unique_record,rule2_single_source_record
TK-244294,2025-08-24 07:09,2025-08-25 07:31,resolved,chat,C103479,VR899914,VR899914,quoted_valid,VA-EB-PL2,Returns & Refunds,Normal,Returns Desk,A3038,0,4.0,349900.0,3499.0,RETURN-QC-OK,N,legacy_fd,legacy_fd,False,unique_record,rule2_single_source_record
TK-244296,2025-08-24 08:05,2025-08-24 08:20,resolved,chat,C107472,,VR897728,fallback_single,VA-EB-PL2,Billing & Payments,High,Billing,A3034,0,,157400.0,1574.0,RETURN-QC-OK,N,legacy_fd,legacy_fd,False,unique_record,rule2_single_source_record
TK-244300,2025-08-24 10:07,2025-08-27 11:03,resolved,voice,C104349,VR889335,VR889335,quoted_valid,VA-HP-ST2,Returns & Refunds,Normal,Returns Desk,A3038,0,,399900.0,3999.0,RETURN-QC-OK,N,legacy_fd,legacy_fd,False,unique_record,rule2_single_source_record
TK-244310,2025-08-24 21:36,2025-08-24 23:32,closed,email,C100719,VR906714,VR906714,quoted_valid,VA-SW-NX1,Billing & Payments,High,Billing,A3034,0,,47500.0,475.0,GW-OTHER,N,legacy_fd,legacy_fd,False,unique_record,rule2_single_source_record
TK-244317,2025-08-25 13:07,,open,chat,C104047,VR893243,VR893243,quoted_valid,VA-EB-PL1,Other,Normal,Chat Frontline,A3007,0,,249900.0,2499.0,GW-OTHER,N,legacy_fd,legacy_fd,False,unique_record,rule2_single_source_record
TK-244323,2025-08-25 20:28,2025-08-25 22:32,resolved,social,C105743,VR891943,VR891943,quoted_valid,VA-SP-ORB,Billing & Payments,High,Billing,A3032,0,,81000.0,810.0,GW-OTHER,N,legacy_fd,legacy_fd,False,unique_record,rule2_single_source_record
TK-244330,2025-08-26 10:30,2025-08-28 10:57,resolved,chat,C103114,VR898873,VR898873,quoted_valid,VA-EB-PL2,Returns & Refunds,Normal,Returns Desk,A3037,0,,148700.0,1487.0,GW-OTHER,N,legacy_fd,legacy_fd,False,unique_record,rule2_single_source_record
TK-244333,2025-08-26 12:30,2025-08-26 18:15,resolved,social,C106171,VR888191,VR888191,quoted_valid,VA-EB-PL2,Returns & Refunds,Normal,Returns Desk,A3036,0,3.0,349900.0,3499.0,GW-OTHER,N,legacy_fd,legacy_fd,False,unique_record,rule2_single_source_record
TK-244345,2025-08-27 01:10,2025-08-29 05:31,resolved,email,C104412,VR905033,VR905033,quoted_valid,VA-SW-NX2,Returns & Refunds,Normal,Returns Desk,A3038,0,,649900.0,6499.0,RETURN-QC-OK,N,legacy_fd,legacy_fd,False,unique_record,rule2_single_source_record
TK-244347,2025-08-27 07:25,2025-08-29 08:16,resolved,chat,C108394,,VR901405,fallback_single,VA-EB-PL2,Returns & Refunds,Normal,Returns Desk,A3034,1,3.0,420.0,420.0,RETURN-QC-OK,N,helpdesk,helpdesk,True,reconciled_migration_pair,rule1_verified_migration_duplicate_helpdesk_selected
TK-244349,2025-08-27 09:15,2025-08-30 09:34,resolved,voice,C100172,VR889018,VR889018,quoted_valid,VA-EB-PL2,Other,Normal,Voice Frontline,A3025,0,,297400.0,2974.0,GW-OTHER,N,legacy_fd,legacy_fd,False,unique_record,rule2_single_source_record
TK-244354,2025-08-27 12:19,2025-08-27 13:09,resolved,social,C100087,VR906207,VR906207,quoted_valid,VA-SW-FIT,Billing & Payments,High,Billing,A3033,0,3.0,1999.0,1999.0,GW-OTHER,N,helpdesk,helpdesk,True,reconciled_migration_pair,rule1_verified_migration_duplicate_helpdesk_selected
TK-244355,2025-08-27 12:22,2025-08-27 13:05,resolved,chat,C107923,VR888826,VR888826,quoted_valid,VA-EB-AIR,Charging & Battery,Normal,Chat Frontline,A3006,0,3.0,179900.0,1799.0,GW-OTHER,N,legacy_fd,legacy_fd,False,unique_record,rule2_single_source_record
TK-244356,2025-08-27 12:50,2025-08-27 13:20,resolved,chat,C107418,,,ambiguous,VA-SW-NX1,Delivery & Shipping,Low,Logistics,A3031,0,,499900.0,4999.0,DOA-REPL,N,legacy_fd,legacy_fd,False,unique_record,rule2_single_source_record
TK-244364,2025-08-27 19:25,2025-08-28 21:40,resolved,email,C108690,VR888239,VR888239,quoted_valid,VA-EB-PL2,Returns & Refunds,Normal,Returns Desk,A3036,0,,52500.0,525.0,RETURN-QC-OK,N,legacy_fd,legacy_fd,False,unique_record,rule2_single_source_record
TK-244366,2025-08-27 19:29,2025-08-30 20:04,resolved,chat,C103609,,VR909502,fallback_single,VA-EB-PL2,Returns & Refunds,Normal,Returns Desk,A3036,0,3.0,279900.0,2799.0,RETURN-QC-OK,N,legacy_fd,legacy_fd,False,unique_record,rule2_single_source_record
TK-244373,2025-08-28 11:23,2025-08-30 13:58,resolved,email,C108073,VR906554,VR906554,quoted_valid,VA-EB-PL1,Delivery & Shipping,Normal,Logistics,A3028,0,,249900.0,2499.0,RETURN-QC-OK,N,legacy_fd,legacy_fd,False,unique_record,rule2_single_source_record
TK-244379,2025-08-28 15:58,2025-08-31 17:58,resolved,email,C104212,VR902690,VR902690,quoted_valid,VA-SW-FIT,Warranty & Repair,Normal,Escalations & Warranty,A3040,0,3.0,199900.0,1999.0,DOA-REPL,N,legacy_fd,legacy_fd,False,unique_record,rule2_single_source_record
TK-244383,2025-08-29 07:44,2025-08-30 08:15,resolved,chat,C100366,,VR895916,fallback_single,VA-SW-NX2,Returns & Refunds,Normal,Returns Desk,A3038,0,,649900.0,6499.0,RETURN-QC-OK,N,legacy_fd,legacy_fd,False,unique_record,rule2_single_source_record
TK-244386,2025-08-29 08:40,,pending,chat,C100650,VR897936,VR897936,quoted_valid,VA-SP-ORB,Billing & Payments,Normal,Billing,A3032,0,2.0,102000.0,1020.0,DUP-PAYMENT,N,legacy_fd,legacy_fd,False,unique_record,rule2_single_source_record
TK-244392,2025-08-29 11:25,2025-08-29 11:52,resolved,chat,C104376,VR898859,VR898859,quoted_valid,VA-EB-PL2,Charging & Battery,Normal,Chat Frontline,A3010,0,,314900.0,3149.0,GW-OTHER,Y,legacy_fd,legacy_fd,False,unique_record,rule2_single_source_record
TK-244396,2025-08-29 12:37,2025-08-31 13:00,resolved,chat,C104334,VR891936,VR891936,quoted_valid,VA-SP-MINI,Returns & Refunds,High,Returns Desk,A3038,0,2.0,45000.0,450.0,RETURN-QC-OK,N,legacy_fd,legacy_fd,False,unique_record,rule2_single_source_record
TK-244422,2025-08-30 09:55,2025-08-30 10:15,closed,chat,C101787,VR887377,VR887377,quoted_valid,VA-EB-PL2,Billing & Payments,High,Billing,A3033,0,4.0,52500.0,525.0,DUP-PAYMENT,N,legacy_fd,legacy_fd,False,unique_record,rule2_single_source_record
TK-244423,2025-08-30 10:28,2025-08-30 11:38,resolved,voice,C100783,,VR888928,fallback_single,VA-EB-PL1,Other,Normal,Voice Frontline,A3025,0,3.0,249900.0,2499.0,GW-OTHER,N,legacy_fd,legacy_fd,False,unique_record,rule2_single_source_record
TK-244425,2025-08-30 10:44,2025-08-30 14:27,resolved,email,C104030,VR897892,VR897892,quoted_valid,VA-SP-MINI,Billing & Payments,Normal,Billing,A3035,0,2.0,1250.0,1250.0,DUP-PAYMENT,N,helpdesk,helpdesk,True,reconciled_migration_pair,rule1_verified_migration_duplicate_helpdesk_selected
TK-244430,2025-08-30 16:43,2025-08-30 19:24,resolved,email,C102679,VR897182,VR897182,quoted_valid,VA-EB-PL2,Other,High,Email Frontline,A3018,0,,31500.0,315.0,CANCEL,N,legacy_fd,legacy_fd,False,unique_record,rule2_single_source_record
TK-244433,2025-08-30 19:35,2025-08-30 19:51,resolved,chat,C102271,,VR898827,fallback_single,VA-EB-AIR,Other,Normal,Chat Frontline,A3005,0,,810.0,810.0,GW-OTHER,N,helpdesk,helpdesk,True,reconciled_migration_pair,rule1_verified_migration_duplicate_helpdesk_selected
TK-244436,2025-08-30 20:14,2025-08-30 20:31,resolved,chat,C104617,VR900679,VR900679,quoted_valid,VA-EB-PL1,Other,Normal,Chat Frontline,A3014,0,,224900.0,2249.0,CANCEL,N,legacy_fd,legacy_fd,False,unique_record,rule2_single_source_record
TK-244445,2025-08-31 09:28,2025-09-03 10:04,resolved,chat,C105204,,VR883077,fallback_single,VA-EB-PL1,Returns & Refunds,Low,Returns Desk,A3038,0,4.0,249900.0,2499.0,RETURN-QC-OK,N,legacy_fd,legacy_fd,False,unique_record,rule2_single_source_record
TK-244456,2025-08-31 15:38,2025-09-03 16:08,resolved,chat,C106689,VR899312,VR899312,quoted_valid,VA-EB-PL2,Delivery & Shipping,High,Logistics,A3030,0,4.0,332400.0,3324.0,GW-OTHER,N,legacy_fd,legacy_fd,False,unique_record,rule2_single_source_record
TK-244458,2025-08-31 19:27,2025-08-31 21:07,resolved,email,C105887,,VR897847,fallback_single,VA-EB-PL1,Delivery & Shipping,High,Logistics,A3030,0,4.0,22500.0,225.0,GW-OTHER,N,legacy_fd,legacy_fd,False,unique_record,rule2_single_source_record
TK-244481,2025-09-01 11:52,2025-09-04 14:44,resolved,voice,C108479,,VR896043,fallback_single,VA-SW-NX2,Warranty & Repair,Normal,Escalations & Warranty,A3039,0,,97500.0,975.0,DOA-REPL,N,legacy_fd,legacy_fd,False,unique_record,rule2_single_source_record
TK-244482,2025-09-01 13:57,2025-09-01 14:31,resolved,social,C107599,,VR885423,fallback_single,VA-EB-PL2,Returns & Refunds,Normal,Returns Desk,A3036,0,,349900.0,3499.0,RETURN-QC-OK,N,legacy_fd,legacy_fd,False,unique_record,rule2_single_source_record
TK-244484,2025-09-01 14:54,,pending,email,C105873,VR882747,VR882747,quoted_valid,VA-EB-PL1,Delivery & Shipping,Normal,Logistics,A3028,0,,249900.0,2499.0,GW-OTHER,N,legacy_fd,legacy_fd,False,unique_record,rule2_single_source_record
TK-244490,2025-09-01 19:30,2025-09-01 20:09,closed,chat,C103167,VR880736,VR880736,quoted_valid,VA-EB-PL2,Billing & Payments,High,Billing,A3035,0,3.0,314900.0,3149.0,DUP-PAYMENT,N,legacy_fd,legacy_fd,False,unique_record,rule2_single_source_record
TK-244492,2025-09-01 19:56,2025-09-02 23:25,resolved,email,C107510,,VR881462,fallback_single,VA-EB-PL2,Returns & Refunds,Low,Returns Desk,A3017,2,,279900.0,2799.0,GW-OTHER,N,legacy_fd,legacy_fd,False,unique_record,rule2_single_source_record
TK-244495,2025-09-01 23:47,2025-09-02 00:06,resolved,chat,C108690,,VR898629,fallback_single,VA-SW-NX2,Other,Normal,Chat Frontline,A3038,1,2.0,519900.0,5199.0,GW-OTHER,N,legacy_fd,legacy_fd,False,unique_record,rule2_single_source_record
TK-244497,2025-09-02 07:20,2025-09-02 10:02,resolved,email,C109077,VR900694,VR900694,quoted_valid,VA-EB-AIR,Billing & Payments,Normal,Billing,A3034,0,4.0,179900.0,1799.0,DUP-PAYMENT,N,legacy_fd,legacy_fd,False,unique_record,rule2_single_source_record
TK-244498,2025-09-02 07:46,2025-09-05 08:14,closed,chat,C103082,VR894885,VR894885,quoted_valid,VA-HP-ST2,Delivery & Shipping,High,Logistics,A3027,0,,499900.0,4999.0,DOA-REPL,N,legacy_fd,legacy_fd,False,unique_record,rule2_single_source_record
TK-244500,2025-09-02 10:17,2025-09-02 10:49,resolved,chat,C107744,VR882499,VR882499,quoted_valid,VA-EB-PL2,Delivery & Shipping,Normal,Logistics,A3027,0,3.0,297400.0,2974.0,DOA-REPL,Y,legacy_fd,legacy_fd,False,unique_record,rule2_single_source_record
TK-244510,2025-09-02 15:57,2025-09-02 16:21,resolved,chat,C107013,,VR908197,fallback_single,VA-SW-FIT,Billing & Payments,Normal,Billing,A3020,2,,199900.0,1999.0,GW-OTHER,N,legacy_fd,legacy_fd,False,unique_record,rule2_single_source_record
TK-244515,2025-09-02 17:09,2025-09-02 17:43,resolved,chat,C104514,VR882896,VR882896,quoted_valid,VA-EB-AIR,Charging & Battery,Low,Chat Frontline,A3015,0,4.0,170900.0,1709.0,GW-OTHER,Y,legacy_fd,legacy_fd,False,unique_record,rule2_single_source_record
TK-244528,2025-09-03 10:13,2025-09-03 14:49,resolved,email,C100983,VR904029,VR904029,quoted_valid,VA-EB-AIR,Billing & Payments,High,Billing,A3035,0,,1799.0,1799.0,DUP-PAYMENT,N,helpdesk,helpdesk,True,reconciled_migration_pair,rule1_verified_migration_duplicate_helpdesk_selected
TK-244544,2025-09-03 19:01,2025-09-06 21:19,resolved,email,C100157,VR908486,VR908486,quoted_valid,VA-EB-PL2,Delivery & Shipping,Normal,Logistics,A3030,0,,35000.0,350.0,RETURN-QC-OK,N,legacy_fd,legacy_fd,False,unique_record,rule2_single_source_record
TK-244550,2025-09-03 22:02,2025-09-03 22:26,resolved,chat,C107125,VR893723,VR893723,quoted_valid,VA-EB-PL2,Returns & Refunds,Normal,Returns Desk,A3037,0,4.0,56000.0,560.0,RETURN-QC-OK,N,legacy_fd,legacy_fd,False,unique_record,rule2_single_source_record
TK-244553,2025-09-04 07:15,2025-09-04 07:38,resolved,chat,C106027,,,ambiguous,VA-EB-PL1,Other,Normal,Chat Frontline,A3006,0,,249900.0,2499.0,GW-OTHER,N,legacy_fd,legacy_fd,False,unique_record,rule2_single_source_record
TK-244556,2025-09-04 10:20,2025-09-07 11:27,resolved,voice,C105204,,VR900879,fallback_single,VA-EB-PL2,Delivery & Shipping,Normal,Logistics,A3029,0,3.0,279900.0,2799.0,GW-OTHER,N,legacy_fd,legacy_fd,False,unique_record,rule2_single_source_record
TK-244561,2025-09-04 16:04,2025-09-04 16:49,resolved,chat,C108716,VR904924,VR904924,quoted_valid,VA-EB-PL1,Billing & Payments,High,Billing,A3035,0,,249900.0,2499.0,GW-OTHER,N,legacy_fd,legacy_fd,False,unique_record,rule2_single_source_record
TK-244563,2025-09-04 16:56,2025-09-04 19:34,resolved,social,C101605,VR892454,VR892454,quoted_valid,VA-SW-NX2,Other,Normal,Chat Frontline,A3008,0,,325000.0,3250.0,CANCEL,N,legacy_fd,legacy_fd,False,unique_record,rule2_single_source_record
TK-244570,2025-09-05 07:29,2025-09-07 08:59,resolved,chat,C102976,VR894402,VR894402,quoted_valid,VA-EB-PL2,Warranty & Repair,Normal,Escalations & Warranty,A3039,0,4.0,3499.0,3499.0,GW-OTHER,N,helpdesk,helpdesk,True,reconciled_migration_pair,rule1_verified_migration_duplicate_helpdesk_selected
TK-244573,2025-09-05 08:44,2025-09-05 09:34,resolved,voice,C107938,,VR891562,fallback_single,VA-EB-AIR,Charging & Battery,Low,Voice Frontline,A3025,0,3.0,152900.0,1529.0,GW-OTHER,N,legacy_fd,legacy_fd,False,unique_record,rule2_single_source_record
TK-244575,2025-09-05 09:05,,pending,chat,C108146,,VR904643,fallback_single,VA-EB-PL2,Returns & Refunds,High,Returns Desk,A3038,0,5.0,349900.0,3499.0,RETURN-QC-OK,N,legacy_fd,legacy_fd,False,unique_record,rule2_single_source_record
TK-244578,2025-09-05 10:52,2025-09-10 11:26,resolved,chat,C106343,,VR907167,fallback_single,VA-EB-PL2,Other,Normal,Chat Frontline,A3010,0,,297400.0,2974.0,DOA-REPL,Y,legacy_fd,legacy_fd,False,unique_record,rule2_single_source_record
TK-244583,2025-09-05 12:07,2025-09-05 12:22,resolved,chat,C106864,VR898341,VR898341,quoted_valid,VA-SP-MINI,Billing & Payments,High,Billing,A3034,0,,224900.0,2249.0,CANCEL,N,legacy_fd,legacy_fd,False,unique_record,rule2_single_source_record
TK-244599,2025-09-06 03:14,2025-09-06 04:01,resolved,social,C104274,VR895143,VR895143,quoted_valid,VA-EB-PL2,Billing & Payments,High,Billing,A3033,0,5.0,332400.0,3324.0,DUP-PAYMENT,N,legacy_fd,legacy_fd,False,unique_record,rule2_single_source_record
TK-244606,2025-09-06 09:00,2025-09-09 09:33,resolved,chat,C107256,,VR883894,fallback_single,VA-SW-NX2,Delivery & Shipping,High,Logistics,A3031,0,3.0,649900.0,6499.0,DOA-REPL,N,legacy_fd,legacy_fd,False,unique_record,rule2_single_source_record
TK-244608,2025-09-06 09:18,2025-09-06 10:00,resolved,chat,C107105,VR908455,VR908455,quoted_valid,VA-AC-CASE,Billing & Payments,High,Billing,A3034,0,,116900.0,1169.0,DUP-PAYMENT,N,legacy_fd,legacy_fd,False,unique_record,rule2_single_source_record
TK-244610,2025-09-06 11:25,2025-09-06 15:03,resolved,email,C107958,VR905251,VR905251,quoted_valid,VA-HP-ST2,Billing & Payments,High,Billing,A3035,0,4.0,399900.0,3999.0,PRICE-ADJ,N,legacy_fd,legacy_fd,False,unique_record,rule2_single_source_record
TK-244611,2025-09-06 13:17,2025-09-06 14:19,closed,email,C107367,VR880872,VR880872,quoted_valid,VA-EB-PL1,Other,Normal,Email Frontline,A3018,0,,249900.0,2499.0,CANCEL,N,legacy_fd,legacy_fd,False,unique_record,rule2_single_source_record
TK-244615,2025-09-06 14:54,2025-09-06 15:09,resolved,chat,C106919,VR895152,VR895152,quoted_valid,VA-EB-PL2,Other,Normal,Chat Frontline,A3015,0,4.0,175000.0,1750.0,CANCEL,N,legacy_fd,legacy_fd,False,unique_record,rule2_single_source_record
TK-244622,2025-09-06 20:42,2025-09-06 22:09,resolved,social,C105565,,VR896980,fallback_single,VA-NB-ARC,Connectivity,Normal,Chat Frontline,A3009,0,3.0,123400.0,1234.0,GW-OTHER,N,legacy_fd,legacy_fd,False,unique_record,rule2_single_source_record
TK-244624,2025-09-07 03:14,2025-09-07 05:37,resolved,email,C101974,,,ambiguous,VA-EB-PL2,Billing & Payments,High,Billing,A3033,0,5.0,140000.0,1400.0,PRICE-ADJ,N,legacy_fd,legacy_fd,False,unique_record,rule2_single_source_record
TK-244629,2025-09-07 11:38,2025-09-12 11:59,resolved,chat,C104030,VR897892,VR897892,quoted_valid,VA-SP-MINI,Delivery & Shipping,Normal,Logistics,A3028,0,,249900.0,2499.0,LOST-TRANSIT,N,legacy_fd,legacy_fd,False,unique_record,rule2_single_source_record
TK-244635,2025-09-07 12:54,2025-09-07 14:44,closed,voice,C108533,,VR890643,fallback_single,VA-EB-PL2,Other,High,Voice Frontline,A3026,0,5.0,31500.0,315.0,GW-OTHER,N,legacy_fd,legacy_fd,False,unique_record,rule2_single_source_record
TK-244639,2025-09-07 14:24,2025-09-10 15:35,resolved,voice,C102107,VR900260,VR900260,quoted_valid,VA-AC-CASE,Billing & Payments,High,Billing,A3035,0,,617.0,617.0,RETURN-QC-OK,N,helpdesk,helpdesk,True,reconciled_migration_pair,rule1_verified_migration_duplicate_helpdesk_selected
TK-244642,2025-09-07 15:02,2025-09-10 19:06,resolved,email,C101187,,VR906773,fallback_single,VA-SP-MINI,Returns & Refunds,Normal,Returns Desk,A3036,0,,212400.0,2124.0,GW-OTHER,N,legacy_fd,legacy_fd,False,unique_record,rule2_single_source_record
TK-244644,2025-09-07 15:14,2025-09-09 15:50,resolved,chat,C105100,VR899211,VR899211,quoted_valid,VA-SW-NX2,Delivery & Shipping,Low,Logistics,A3030,0,,649900.0,6499.0,WTY-BUYBACK,N,legacy_fd,legacy_fd,False,unique_record,rule2_single_source_record
TK-244645,2025-09-07 15:57,2025-09-10 16:19,resolved,chat,C100133,VR906919,VR906919,quoted_valid,VA-EB-PL2,Returns & Refunds,Normal,Returns Desk,A3036,0,5.0,349900.0,3499.0,RETURN-QC-OK,N,legacy_fd,legacy_fd,False,unique_record,rule2_single_source_record
TK-244674,2025-09-08 11:34,2025-09-08 13:04,closed,voice,C105910,,VR891519,fallback_single,VA-AC-CASE,Billing & Payments,High,Billing,A3033,0,,103900.0,1039.0,PRICE-ADJ,N,legacy_fd,legacy_fd,False,unique_record,rule2_single_source_record
TK-244677,2025-09-08 12:23,2025-09-08 13:02,resolved,chat,C109474,,VR898778,fallback_single,VA-HP-ST3,Connectivity,Normal,Chat Frontline,A3013,0,4.0,6999.0,6999.0,GW-OTHER,Y,helpdesk,helpdesk,True,reconciled_migration_pair,rule1_verified_migration_duplicate_helpdesk_selected
TK-244687,2025-09-08 17:34,2025-09-10 19:08,resolved,voice,C102539,,VR896976,fallback_single,VA-EB-PL2,Delivery & Shipping,Normal,Logistics,A3030,0,,349900.0,3499.0,LOST-TRANSIT,N,legacy_fd,legacy_fd,False,unique_record,rule2_single_source_record
TK-244700,2025-09-09 10:53,2025-09-12 13:10,resolved,social,C102816,VR885946,VR885946,quoted_valid,VA-EB-PL2,Delivery & Shipping,High,Logistics,A3028,0,2.0,349900.0,3499.0,RETURN-QC-OK,N,legacy_fd,legacy_fd,False,unique_record,rule2_single_source_record
TK-244708,2025-09-09 16:10,2025-09-09 16:42,closed,chat,C107978,VR883371,VR883371,quoted_valid,VA-HP-ST2,Billing & Payments,High,Billing,A3035,0,,449900.0,4499.0,DUP-PAYMENT,N,legacy_fd,legacy_fd,False,unique_record,rule2_single_source_record
TK-244710,2025-09-09 16:23,2025-09-10 17:52,resolved,email,C108394,,VR901405,fallback_single,VA-EB-PL2,Returns & Refunds,Normal,Returns Desk,A3036,0,2.0,279900.0,2799.0,RETURN-QC-OK,N,legacy_fd,legacy_fd,False,unique_record,rule2_single_source_record
TK-244715,2025-09-09 18:20,2025-09-09 19:13,resolved,social,C109418,VR894590,VR894590,quoted_valid,VA-EB-PL2,Billing & Payments,High,Billing,A3035,0,,664800.0,6648.0,DUP-PAYMENT,N,legacy_fd,legacy_fd,False,unique_record,rule2_single_source_record
TK-244725,2025-09-10 09:58,2025-09-10 10:16,resolved,chat,C102906,VR882311,VR882311,quoted_valid,VA-EB-PL2,Other,Normal,Chat Frontline,A3007,0,3.0,279900.0,2799.0,CANCEL,N,legacy_fd,legacy_fd,False,unique_record,rule2_single_source_record
TK-244726,2025-09-10 10:05,2025-09-10 11:16,closed,social,C104781,,VR892762,fallback_single,VA-EB-AIR,Other,Normal,Chat Frontline,A3013,0,3.0,34200.0,342.0,CANCEL,N,legacy_fd,legacy_fd,False,unique_record,rule2_single_source_record
TK-244727,2025-09-10 11:09,2025-09-10 12:18,resolved,voice,C107314,,VR892829,fallback_single,VA-HP-ST3,Other,Normal,Voice Frontline,A3024,0,,1119800.0,11198.0,CANCEL,N,legacy_fd,legacy_fd,False,unique_record,rule2_single_source_record
TK-244733,2025-09-10 14:46,2025-09-10 15:21,resolved,chat,C101783,VR905751,VR905751,quoted_valid,VA-AC-CH65,Billing & Payments,Normal,Billing,A3035,0,,60000.0,600.0,GW-OTHER,N,legacy_fd,legacy_fd,False,unique_record,rule2_single_source_record
TK-244743,2025-09-10 18:52,2025-09-10 20:04,resolved,social,C106648,VR895763,VR895763,quoted_valid,VA-SW-NX2,Delivery & Shipping,Normal,Logistics,A3030,0,4.0,1300.0,1300.0,RETURN-QC-OK,N,helpdesk,helpdesk,True,reconciled_migration_pair,rule1_verified_migration_duplicate_helpdesk_selected
TK-244746,2025-09-10 19:05,2025-09-10 19:26,closed,chat,C108398,VR893356,VR893356,quoted_valid,VA-HP-ST2,Other,Low,Chat Frontline,A3005,0,4.0,71200.0,712.0,GW-OTHER,N,legacy_fd,legacy_fd,False,unique_record,rule2_single_source_record
TK-244754,2025-09-10 22:22,2025-09-15 22:49,resolved,chat,C108256,VR892934,VR892934,quoted_valid,VA-EB-PL1,Delivery & Shipping,Normal,Logistics,A3031,0,,224900.0,2249.0,WTY-BUYBACK,N,legacy_fd,legacy_fd,False,unique_record,rule2_single_source_record
TK-244756,2025-09-10 23:07,2025-09-11 00:04,resolved,chat,C107259,,VR887111,fallback_single,VA-SP-MINI,Billing & Payments,Low,Billing,A3032,0,,75000.0,750.0,PRICE-ADJ,N,legacy_fd,legacy_fd,False,unique_record,rule2_single_source_record
TK-244757,2025-09-11 01:35,2025-09-11 03:08,resolved,email,C103993,,VR907631,fallback_single,VA-SP-MINI,Billing & Payments,Normal,Billing,A3034,0,,100000.0,1000.0,GW-OTHER,N,legacy_fd,legacy_fd,False,unique_record,rule2_single_source_record
TK-244768,2025-09-11 11:11,2025-09-11 14:08,resolved,email,C106962,VR892215,VR892215,quoted_valid,VA-EB-PL1,Billing & Payments,High,Billing,A3034,0,,249900.0,2499.0,DUP-PAYMENT,N,legacy_fd,legacy_fd,False,unique_record,rule2_single_source_record
TK-244772,2025-09-11 12:33,2025-09-14 13:00,resolved,chat,C109222,VR893988,VR893988,quoted_valid,VA-EB-PL2,Returns & Refunds,Normal,Returns Desk,A3038,0,3.0,5948.0,5948.0,GW-OTHER,N,helpdesk,helpdesk,True,reconciled_migration_pair,rule1_verified_migration_duplicate_helpdesk_selected
TK-244780,2025-09-11 16:24,2025-09-12 21:51,resolved,social,C102654,,VR888748,fallback_single,VA-SP-MINI,Warranty & Repair,Normal,Escalations & Warranty,A3040,0,4.0,118700.0,1187.0,DOA-REPL,N,legacy_fd,legacy_fd,False,unique_record,rule2_single_source_record
TK-244794,2025-09-12 08:41,2025-09-12 13:12,resolved,email,C107265,VR885161,VR885161,quoted_valid,VA-EB-PL2,Other,Normal,Email Frontline,A3021,0,5.0,28000.0,280.0,CANCEL,N,legacy_fd,legacy_fd,False,unique_record,rule2_single_source_record
TK-244802,2025-09-12 12:35,2025-09-14 14:00,resolved,social,C102287,VR884784,VR884784,quoted_valid,VA-EB-PL1,Returns & Refunds,Normal,Returns Desk,A3037,0,,212400.0,2124.0,RETURN-QC-OK,N,legacy_fd,legacy_fd,False,unique_record,rule2_single_source_record
TK-244806,2025-09-12 13:32,2025-09-15 14:37,resolved,email,C100073,,,ambiguous,VA-SW-NX2,Returns & Refunds,Normal,Returns Desk,A3036,0,5.0,649900.0,6499.0,RETURN-QC-OK,N,legacy_fd,legacy_fd,False,unique_record,rule2_single_source_record
TK-244815,2025-09-12 19:21,2025-09-12 19:39,resolved,chat,C101447,VR881352,VR881352,quoted_valid,VA-EB-PL2,Returns & Refunds,Normal,Returns Desk,A3036,0,,349900.0,3499.0,RETURN-QC-OK,N,legacy_fd,legacy_fd,False,unique_record,rule2_single_source_record
TK-244820,2025-09-12 23:25,2025-09-13 11:13,resolved,email,C102146,VR895685,VR895685,quoted_valid,VA-EB-AIR,Returns & Refunds,Normal,Returns Desk,A3037,0,2.0,152900.0,1529.0,RETURN-QC-OK,N,legacy_fd,legacy_fd,False,unique_record,rule2_single_source_record
TK-244824,2025-09-13 09:23,2025-09-16 10:54,closed,email,C104393,,,ambiguous,VA-EB-PL2,Returns & Refunds,Normal,Returns Desk,A3038,0,,349900.0,3499.0,GW-OTHER,N,legacy_fd,legacy_fd,False,unique_record,rule2_single_source_record
TK-244840,2025-09-13 20:34,2025-09-13 21:34,resolved,chat,C101688,,VR883717,fallback_single,VA-EB-PL2,Other,Normal,Chat Frontline,A3014,0,,2974.0,2974.0,GW-OTHER,N,helpdesk,helpdesk,True,reconciled_migration_pair,rule1_verified_migration_duplicate_helpdesk_selected
TK-244843,2025-09-13 21:12,2025-09-14 23:22,resolved,voice,C107391,,VR906961,fallback_single,VA-HP-ST3,Returns & Refunds,Low,Returns Desk,A3037,0,,559900.0,5599.0,GW-OTHER,N,legacy_fd,legacy_fd,False,unique_record,rule2_single_source_record
TK-244844,2025-09-13 21:27,2025-09-13 22:20,resolved,voice,C101608,VR884919,VR884919,quoted_valid,VA-SW-NX2,Other,Low,Voice Frontline,A3003,0,4.0,617400.0,6174.0,GW-OTHER,N,legacy_fd,legacy_fd,False,unique_record,rule2_single_source_record
TK-244845,2025-09-13 23:35,2025-09-15 06:26,resolved,email,C108879,VR907682,VR907682,quoted_valid,VA-EB-PL2,Returns & Refunds,Normal,Returns Desk,A3038,0,,297400.0,2974.0,GW-OTHER,N,legacy_fd,legacy_fd,False,unique_record,rule2_single_source_record
TK-244850,2025-09-14 09:17,2025-09-16 09:48,resolved,chat,C107365,,VR885013,fallback_single,VA-EB-AIR,Returns & Refunds,Normal,Returns Desk,A3037,0,,1439.0,1439.0,RETURN-QC-OK,N,helpdesk,helpdesk,False,unique_record,rule2_single_source_record
TK-244856,2025-09-14 10:38,2025-09-14 11:05,closed,chat,C100621,VR886123,VR886123,quoted_valid,VA-EB-PL2,Returns & Refunds,Normal,Returns Desk,A3038,0,3.0,472.0,472.0,RETURN-QC-OK,N,helpdesk,helpdesk,False,unique_record,rule2_single_source_record
TK-244859,2025-09-14 12:37,,pending,social,C100283,VR891180,VR891180,quoted_valid,VA-EB-PL1,Returns & Refunds,Low,Returns Desk,A3037,0,3.0,2124.0,2124.0,RETURN-QC-OK,N,helpdesk,helpdesk,False,unique_record,rule2_single_source_record
TK-244861,2025-09-14 12:40,2025-09-14 12:52,resolved,chat,C108761,VR894578,VR894578,quoted_valid,VA-EB-PL1,Other,Normal,Chat Frontline,A3010,0,4.0,319.0,319.0,CANCEL,N,helpdesk,helpdesk,False,unique_record,rule2_single_source_record
TK-244867,2025-09-14 14:33,2025-09-14 15:04,resolved,chat,C106509,,,ambiguous,VA-EB-PL2,Audio Quality,High,Chat Frontline,A3015,0,,3499.0,3499.0,WTY-BUYBACK,N,helpdesk,helpdesk,False,unique_record,rule2_single_source_record
TK-244872,2025-09-14 18:39,2025-09-19 19:06,resolved,chat,C108761,VR894578,VR894578,quoted_valid,VA-EB-PL1,Delivery & Shipping,Normal,Logistics,A3030,0,,2124.0,2124.0,GW-OTHER,Y,helpdesk,helpdesk,False,unique_record,rule2_single_source_record
TK-244880,2025-09-14 23:14,2025-09-15 06:36,resolved,email,C104362,VR887389,VR887389,quoted_valid,VA-EB-AIR,Charging & Battery,Normal,Email Frontline,A3016,0,2.0,1799.0,1799.0,GW-OTHER,N,helpdesk,helpdesk,False,unique_record,rule2_single_source_record
TK-244887,2025-09-15 12:21,2025-09-15 12:44,resolved,chat,C109088,VR887714,VR887714,quoted_valid,VA-EB-PL2,Billing & Payments,High,Billing,A3033,0,,3499.0,3499.0,DUP-PAYMENT,N,helpdesk,helpdesk,False,unique_record,rule2_single_source_record
TK-244891,2025-09-15 13:36,2025-09-15 14:26,resolved,voice,C109295,,VR909586,fallback_single,VA-EB-PL2,Other,Normal,Voice Frontline,A3026,0,4.0,3499.0,3499.0,GW-OTHER,N,helpdesk,helpdesk,False,unique_record,rule2_single_source_record
TK-244910,2025-09-15 21:07,2025-09-15 22:33,resolved,voice,C101252,,VR898551,fallback_single,VA-EB-AIR,Connectivity,High,Voice Frontline,A3003,0,,1799.0,1799.0,GW-OTHER,Y,helpdesk,helpdesk,False,unique_record,rule2_single_source_record
TK-244911,2025-09-15 21:36,2025-09-15 22:20,resolved,chat,C107901,VR907936,VR907936,quoted_valid,VA-HP-ST2,Billing & Payments,High,Billing,A3035,0,,4249.0,4249.0,GW-OTHER,N,helpdesk,helpdesk,False,unique_record,rule2_single_source_record
TK-244928,2025-09-16 12:36,2025-09-16 13:04,closed,chat,C105660,VR897627,VR897627,quoted_valid,VA-SP-MINI,Billing & Payments,Normal,Billing,A3032,0,,2499.0,2499.0,DUP-PAYMENT,N,helpdesk,helpdesk,False,unique_record,rule2_single_source_record
TK-244931,2025-09-16 13:58,,pending,chat,C107146,VR895727,VR895727,quoted_valid,VA-SW-NX2,Billing & Payments,High,Billing,A3037,2,3.0,5199.0,5199.0,GW-OTHER,N,helpdesk,helpdesk,False,unique_record,rule2_single_source_record
TK-244934,2025-09-16 17:51,2025-09-16 18:09,resolved,chat,C103912,VR892629,VR892629,quoted_valid,VA-EB-AIR,Other,Normal,Chat Frontline,A3004,0,3.0,162.0,162.0,GW-OTHER,N,helpdesk,helpdesk,False,unique_record,rule2_single_source_record
TK-244940,2025-09-16 19:58,2025-09-16 20:15,resolved,chat,C108242,,,ambiguous,VA-EB-PL2,Other,Normal,Chat Frontline,A3005,0,,297.0,297.0,CANCEL,N,helpdesk,helpdesk,False,unique_record,rule2_single_source_record
TK-244941,2025-09-16 20:04,2025-09-17 00:14,resolved,social,C100308,,,ambiguous,VA-NB-ARC,Billing & Payments,High,Billing,A3034,0,,117.0,117.0,DUP-PAYMENT,N,helpdesk,helpdesk,False,unique_record,rule2_single_source_record
TK-244950,2025-09-17 09:08,2025-09-17 09:27,resolved,chat,C109162,,VR892087,fallback_single,VA-EB-PL1,Billing & Payments,High,Billing,A3034,0,4.0,1999.0,1999.0,PRICE-ADJ,N,helpdesk,helpdesk,False,unique_record,rule2_single_source_record
TK-244952,2025-09-17 11:45,2025-09-20 12:37,resolved,voice,C101104,VR894042,VR894042,quoted_valid,VA-EB-PL2,Returns & Refunds,Normal,Returns Desk,A3038,0,,3149.0,3149.0,RETURN-QC-OK,N,helpdesk,helpdesk,False,unique_record,rule2_single_source_record
TK-244959,2025-09-17 20:39,2025-09-18 11:30,resolved,email,C107294,VR887175,VR887175,quoted_valid,VA-SP-MINI,Returns & Refunds,Low,Returns Desk,A3037,0,,319.0,319.0,RETURN-QC-OK,N,helpdesk,helpdesk,False,unique_record,rule2_single_source_record
TK-244962,2025-09-18 08:12,2025-09-18 18:37,closed,email,C105769,VR901072,VR901072,quoted_valid,VA-EB-PL1,Other,High,Email Frontline,A3018,0,5.0,2124.0,2124.0,GW-OTHER,N,helpdesk,helpdesk,False,unique_record,rule2_single_source_record
TK-244966,2025-09-18 09:46,2025-09-18 17:37,resolved,email,C106077,VR900494,VR900494,quoted_valid,VA-EB-PL2,Delivery & Shipping,Normal,Logistics,A3030,0,3.0,3324.0,3324.0,GW-OTHER,Y,helpdesk,helpdesk,False,unique_record,rule2_single_source_record
TK-244967,2025-09-18 10:39,,pending,voice,C101070,VR903844,VR903844,quoted_valid,VA-EB-PL2,Other,Normal,Voice Frontline,A3025,0,3.0,2974.0,2974.0,GW-OTHER,N,helpdesk,helpdesk,False,unique_record,rule2_single_source_record
TK-244968,2025-09-18 10:44,2025-09-19 11:10,closed,chat,C108979,VR884531,VR884531,quoted_valid,VA-AC-CASE,Returns & Refunds,Normal,Returns Desk,A3038,0,3.0,247.0,247.0,RETURN-QC-OK,N,helpdesk,helpdesk,False,unique_record,rule2_single_source_record
TK-244969,2025-09-18 11:08,2025-09-18 12:49,resolved,email,C104230,VR888885,VR888885,quoted_valid,VA-EB-PL1,Delivery & Shipping,Normal,Logistics,A3031,0,4.0,2499.0,2499.0,GW-OTHER,N,helpdesk,helpdesk,False,unique_record,rule2_single_source_record
TK-244971,2025-09-18 11:47,2025-09-18 12:45,resolved,social,C109377,VR900247,VR900247,quoted_valid,VA-EB-PL2,Billing & Payments,Normal,Billing,A3032,0,,3499.0,3499.0,GW-OTHER,N,helpdesk,helpdesk,False,unique_record,rule2_single_source_record
TK-244974,2025-09-18 12:06,2025-09-18 18:19,resolved,email,C100268,VR908315,VR908315,quoted_valid,VA-HP-ST2,Other,Normal,Email Frontline,A3018,0,,4999.0,4999.0,GW-OTHER,N,helpdesk,helpdesk,False,unique_record,rule2_single_source_record
TK-244981,2025-09-18 16:09,2025-09-18 16:30,resolved,chat,C101989,VR882913,VR882913,quoted_valid,VA-EB-AIR,Other,Normal,Chat Frontline,A3004,0,,1439.0,1439.0,CANCEL,N,helpdesk,helpdesk,False,unique_record,rule2_single_source_record
TK-244983,2025-09-18 16:48,2025-09-19 19:27,resolved,voice,C107803,,,ambiguous,VA-EB-PL2,Delivery & Shipping,High,Logistics,A3030,0,2.0,3499.0,3499.0,RETURN-QC-OK,N,helpdesk,helpdesk,False,unique_record,rule2_single_source_record
TK-245000,2025-09-19 11:54,2025-09-21 12:45,resolved,voice,C100459,VR884350,VR884350,quoted_valid,VA-EB-PL2,Billing & Payments,High,Billing,A3032,0,3.0,3499.0,3499.0,GW-OTHER,N,helpdesk,helpdesk,False,unique_record,rule2_single_source_record
TK-245003,2025-09-19 13:07,2025-09-21 13:32,resolved,chat,C100395,VR880975,VR880975,quoted_valid,VA-EB-AIR,Returns & Refunds,Low,Returns Desk,A3038,0,3.0,360.0,360.0,RETURN-QC-OK,N,helpdesk,helpdesk,False,unique_record,rule2_single_source_record
TK-245009,2025-09-19 14:42,2025-09-19 15:03,resolved,chat,C106953,VR901302,VR901302,quoted_valid,VA-HP-ST2,Billing & Payments,High,Billing,A3035,0,2.0,900.0,900.0,DUP-PAYMENT,N,helpdesk,helpdesk,False,unique_record,rule2_single_source_record
TK-245011,2025-09-19 17:37,,open,social,C109290,,VR898122,fallback_single,VA-EB-AIR,Other,Normal,Chat Frontline,A3008,0,,216.0,216.0,CANCEL,N,helpdesk,helpdesk,False,unique_record,rule2_single_source_record
TK-245014,2025-09-19 19:01,2025-09-19 20:03,resolved,email,C101872,VR899449,VR899449,quoted_valid,VA-SP-ORB,Other,Low,Email Frontline,A3018,0,2.0,855.0,855.0,GW-OTHER,N,helpdesk,helpdesk,False,unique_record,rule2_single_source_record
TK-245021,2025-09-19 23:55,2025-09-20 00:18,resolved,social,C106169,,VR886972,fallback_single,VA-SP-MINI,Returns & Refunds,Normal,Returns Desk,A3037,0,4.0,2374.0,2374.0,RETURN-QC-OK,N,helpdesk,helpdesk,False,unique_record,rule2_single_source_record
TK-245039,2025-09-20 20:48,2025-09-20 21:48,resolved,email,C106036,VR907181,VR907181,quoted_valid,VA-EB-PL2,Other,Normal,Email Frontline,A3018,0,,2974.0,2974.0,CANCEL,N,helpdesk,helpdesk,False,unique_record,rule2_single_source_record
TK-245040,2025-09-20 22:35,2025-09-24 01:48,resolved,email,C102026,,VR887375,fallback_single,VA-SW-NX2,Returns & Refunds,Normal,Returns Desk,A3038,0,,520.0,520.0,RETURN-QC-OK,N,helpdesk,helpdesk,False,unique_record,rule2_single_source_record
TK-245047,2025-09-21 09:38,2025-09-23 13:17,resolved,email,C103751,VR884812,VR884812,quoted_valid,VA-EB-PL2,Returns & Refunds,Normal,Returns Desk,A3037,0,5.0,297.0,297.0,RETURN-QC-OK,N,helpdesk,helpdesk,False,unique_record,rule2_single_source_record
TK-245048,2025-09-21 09:39,2025-09-21 10:10,resolved,chat,C106044,VR891232,VR891232,quoted_valid,VA-HP-ST3,Billing & Payments,Normal,Billing,A3034,0,4.0,6999.0,6999.0,GW-OTHER,N,helpdesk,helpdesk,False,unique_record,rule2_single_source_record
TK-245050,2025-09-21 10:34,2025-09-21 11:34,resolved,voice,C105168,VR904191,VR904191,quoted_valid,VA-EB-PL2,Connectivity,Normal,Voice Frontline,A3024,0,3.0,700.0,700.0,WTY-BUYBACK,N,helpdesk,helpdesk,False,unique_record,rule2_single_source_record
TK-245058,2025-09-21 20:11,2025-09-21 21:26,closed,email,C108257,VR881405,VR881405,quoted_valid,VA-EB-AIR,Other,Normal,Email Frontline,A3018,0,,1439.0,1439.0,DOA-REPL,N,helpdesk,helpdesk,False,unique_record,rule2_single_source_record
TK-245069,2025-09-22 09:31,2025-09-22 17:39,resolved,email,C103410,VR898376,VR898376,quoted_valid,VA-EB-PL2,Billing & Payments,High,Billing,A3035,0,,3499.0,3499.0,GW-OTHER,N,helpdesk,helpdesk,False,unique_record,rule2_single_source_record
TK-245071,2025-09-22 10:32,,pending,chat,C106777,,,ambiguous,VA-EB-PL2,Billing & Payments,High,Billing,A3032,0,,2799.0,2799.0,GW-OTHER,N,helpdesk,helpdesk,False,unique_record,rule2_single_source_record
TK-245076,2025-09-22 12:56,2025-09-24 14:41,resolved,email,C108149,,VR887458,fallback_single,VA-SP-ORB,Other,Normal,Email Frontline,A3018,0,,5999.0,5999.0,LOST-TRANSIT,N,helpdesk,helpdesk,False,unique_record,rule2_single_source_record
TK-245079,2025-09-22 16:13,,open,chat,C101032,,,ambiguous,VA-SW-NX2,Billing & Payments,High,Billing,A3035,0,4.0,5524.0,5524.0,DUP-PAYMENT,N,helpdesk,helpdesk,False,unique_record,rule2_single_source_record
TK-245083,2025-09-22 18:18,2025-09-25 22:09,resolved,email,C102282,VR897819,VR897819,quoted_valid,VA-SP-MINI,Billing & Payments,Normal,Billing,A3035,0,5.0,2499.0,2499.0,GW-OTHER,N,helpdesk,helpdesk,False,unique_record,rule2_single_source_record
TK-245084,2025-09-22 19:22,,pending,email,C106874,VR908566,VR908566,quoted_valid,VA-HP-ST3,Returns & Refunds,Normal,Returns Desk,A3038,0,,13998.0,13998.0,GW-OTHER,N,helpdesk,helpdesk,False,unique_record,rule2_single_source_record
TK-245092,2025-09-22 21:49,,open,email,C102716,VR897551,VR897551,quoted_valid,VA-EB-PL2,Delivery & Shipping,Normal,Logistics,A3028,0,,2974.0,2974.0,GW-OTHER,N,helpdesk,helpdesk,False,unique_record,rule2_single_source_record
TK-245112,2025-09-23 14:27,2025-09-26 15:07,resolved,voice,C104487,,,ambiguous,VA-HP-ST3,Other,Normal,Voice Frontline,A3026,0,3.0,6299.0,6299.0,GW-OTHER,N,helpdesk,helpdesk,False,unique_record,rule2_single_source_record
TK-245113,2025-09-23 14:28,2025-09-23 19:11,resolved,email,C104118,VR897046,VR897046,quoted_valid,VA-SW-NX1,Other,Normal,Email Frontline,A3018,0,5.0,4999.0,4999.0,DOA-REPL,N,helpdesk,helpdesk,False,unique_record,rule2_single_source_record
TK-245125,2025-09-24 08:44,2025-09-24 09:27,resolved,chat,C101573,VR884998,VR884998,quoted_valid,VA-AC-CH65,Other,Low,Chat Frontline,A3006,0,2.0,1499.0,1499.0,DUP-PAYMENT,N,helpdesk,helpdesk,False,unique_record,rule2_single_source_record
TK-245129,2025-09-24 12:28,2025-09-24 12:48,resolved,chat,C103786,VR892440,VR892440,quoted_valid,VA-SW-NX2,Other,Normal,Chat Frontline,A3013,0,,5524.0,5524.0,PRICE-ADJ,N,helpdesk,helpdesk,False,unique_record,rule2_single_source_record
TK-245132,2025-09-24 14:04,2025-09-24 14:56,resolved,voice,C104980,VR901075,VR901075,quoted_valid,VA-EB-AIR,Other,Low,Voice Frontline,A3026,0,,1439.0,1439.0,DUP-PAYMENT,N,helpdesk,helpdesk,False,unique_record,rule2_single_source_record
TK-245136,2025-09-24 16:32,2025-09-28 21:27,resolved,email,C101109,VR880579,VR880579,quoted_valid,VA-EB-PL2,Returns & Refunds,Normal,Returns Desk,A3036,0,,1487.0,1487.0,GW-OTHER,N,helpdesk,helpdesk,False,unique_record,rule2_single_source_record
TK-245137,2025-09-24 17:44,2025-09-24 18:07,resolved,chat,C107793,VR881725,VR881725,quoted_valid,VA-NB-ARC,Other,Low,Chat Frontline,A3015,0,,520.0,520.0,GW-OTHER,N,helpdesk,helpdesk,False,unique_record,rule2_single_source_record
TK-245140,2025-09-24 20:41,2025-09-26 21:31,resolved,voice,C103284,VR880658,VR880658,quoted_valid,VA-EB-PL2,Returns & Refunds,Low,Returns Desk,A3036,0,3.0,700.0,700.0,GW-OTHER,N,helpdesk,helpdesk,False,unique_record,rule2_single_source_record
TK-245141,2025-09-24 20:52,2025-09-25 01:03,resolved,email,C105833,VR907463,VR907463,quoted_valid,VA-HP-ST3,Delivery & Shipping,Normal,Logistics,A3028,0,,6999.0,6999.0,GW-OTHER,N,helpdesk,helpdesk,False,unique_record,rule2_single_source_record
TK-245158,2025-09-25 12:57,2025-09-26 18:20,resolved,social,C107497,,VR904930,fallback_single,VA-SW-NX2,Returns & Refunds,Low,Returns Desk,A3036,0,,6499.0,6499.0,RETURN-QC-OK,N,helpdesk,helpdesk,False,unique_record,rule2_single_source_record
TK-245160,2025-09-25 15:02,2025-09-28 15:29,resolved,chat,C100394,VR880286,VR880286,quoted_valid,VA-SP-MINI,Returns & Refunds,Low,Returns Desk,A3036,0,,1999.0,1999.0,GW-OTHER,N,helpdesk,helpdesk,False,unique_record,rule2_single_source_record
TK-245163,2025-09-25 15:12,2025-09-26 17:26,resolved,email,C102444,,,ambiguous,VA-EB-PL2,Delivery & Shipping,Low,Logistics,A3030,0,3.0,2799.0,2799.0,GW-OTHER,N,helpdesk,helpdesk,False,unique_record,rule2_single_source_record
TK-245197,2025-09-26 13:03,2025-09-29 17:10,resolved,voice,C102772,VR906567,VR906567,quoted_valid,VA-SW-NX1,Warranty & Repair,Normal,Escalations & Warranty,A3043,0,2.0,4999.0,4999.0,WTY-BUYBACK,N,helpdesk,helpdesk,False,unique_record,rule2_single_source_record
TK-245204,2025-09-26 16:59,2025-09-26 21:39,resolved,email,C103786,VR892440,VR892440,quoted_valid,VA-SW-NX2,Returns & Refunds,Normal,Returns Desk,A3036,0,,5524.0,5524.0,GW-OTHER,N,helpdesk,helpdesk,False,unique_record,rule2_single_source_record
TK-245209,2025-09-26 19:37,2025-09-26 20:52,resolved,voice,C101207,,VR905628,fallback_single,VA-AC-CASE,Billing & Payments,High,Billing,A3035,0,,1039.0,1039.0,GW-OTHER,N,helpdesk,helpdesk,False,unique_record,rule2_single_source_record
TK-245214,2025-09-27 07:31,2025-09-27 14:11,resolved,email,C108393,VR909523,VR909523,quoted_valid,VA-EB-PL2,Billing & Payments,Low,Billing,A3034,0,,525.0,525.0,DUP-PAYMENT,N,helpdesk,helpdesk,False,unique_record,rule2_single_source_record
TK-245216,2025-09-27 08:10,2025-09-29 08:34,resolved,voice,C101097,VR900133,VR900133,quoted_valid,VA-HP-ST2,Returns & Refunds,Normal,Returns Desk,A3037,0,,4999.0,4999.0,GW-OTHER,N,helpdesk,helpdesk,False,unique_record,rule2_single_source_record
TK-245217,2025-09-27 09:07,,open,chat,C100677,,VR886280,fallback_single,VA-SW-NX2,Other,Normal,Chat Frontline,A3006,0,,5199.0,5199.0,CANCEL,N,helpdesk,helpdesk,False,unique_record,rule2_single_source_record
TK-245228,2025-09-27 11:25,2025-09-27 12:14,resolved,chat,C100614,VR909232,VR909232,quoted_valid,VA-EB-PL1,Billing & Payments,Normal,Billing,A3033,0,,1250.0,1250.0,DUP-PAYMENT,N,helpdesk,helpdesk,False,unique_record,rule2_single_source_record
TK-245232,2025-09-27 11:34,2025-09-27 12:40,resolved,voice,C105572,,VR892566,fallback_single,VA-EB-PL2,Returns & Refunds,Normal,Returns Desk,A3038,0,,3499.0,3499.0,GW-OTHER,N,helpdesk,helpdesk,False,unique_record,rule2_single_source_record
TK-245244,2025-09-27 14:48,,pending,email,C108892,,VR901784,fallback_single,VA-SW-FIT,Returns & Refunds,Normal,Returns Desk,A3036,0,3.0,1999.0,1999.0,GW-OTHER,N,helpdesk,helpdesk,False,unique_record,rule2_single_source_record
TK-245256,2025-09-27 19:50,2025-10-02 20:28,resolved,chat,C106492,,VR883861,fallback_single,VA-SW-NX2,Other,Normal,Chat Frontline,A3015,0,,6174.0,6174.0,GW-OTHER,Y,helpdesk,helpdesk,False,unique_record,rule2_single_source_record
TK-245259,2025-09-27 21:12,2025-09-29 22:56,resolved,email,C106776,VR897944,VR897944,quoted_valid,VA-EB-PL2,Returns & Refunds,Normal,Returns Desk,A3038,0,3.0,3499.0,3499.0,RETURN-QC-OK,N,helpdesk,helpdesk,False,unique_record,rule2_single_source_record
TK-245260,2025-09-28 01:27,2025-09-28 02:56,resolved,email,C105565,,VR896980,fallback_single,VA-NB-ARC,Charging & Battery,Normal,Email Frontline,A3002,0,4.0,1234.0,1234.0,GW-OTHER,N,helpdesk,helpdesk,False,unique_record,rule2_single_source_record
TK-245264,2025-09-28 08:10,2025-09-28 11:31,resolved,email,C101207,,VR905628,fallback_single,VA-AC-CASE,Other,High,Email Frontline,A3022,0,4.0,1039.0,1039.0,DUP-PAYMENT,N,helpdesk,helpdesk,False,unique_record,rule2_single_source_record
TK-245265,2025-09-28 08:42,2025-09-30 09:22,closed,social,C108321,VR908934,VR908934,quoted_valid,VA-EB-PL2,Returns & Refunds,High,Returns Desk,A3037,0,2.0,3499.0,3499.0,GW-OTHER,N,helpdesk,helpdesk,False,unique_record,rule2_single_source_record
TK-245266,2025-09-28 09:38,2025-10-01 10:03,resolved,chat,C101079,,VR892093,fallback_single,VA-SP-MINI,Delivery & Shipping,Normal,Logistics,A3028,0,,1999.0,1999.0,GW-OTHER,N,helpdesk,helpdesk,False,unique_record,rule2_single_source_record
TK-245269,2025-09-28 10:08,2025-09-28 11:24,resolved,voice,C101299,,VR895530,fallback_single,VA-EB-PL2,Billing & Payments,Normal,Billing,A3032,0,4.0,700.0,700.0,RETURN-QC-OK,N,helpdesk,helpdesk,False,unique_record,rule2_single_source_record
TK-245272,2025-09-28 14:01,2025-09-28 14:25,resolved,chat,C108235,VR898820,VR898820,quoted_valid,VA-SW-NX2,Other,Normal,Chat Frontline,A3005,0,4.0,6174.0,6174.0,CANCEL,N,helpdesk,helpdesk,False,unique_record,rule2_single_source_record
TK-245274,2025-09-28 15:05,2025-09-29 15:49,resolved,voice,C100373,VR890575,VR890575,quoted_valid,VA-SW-NX1,Returns & Refunds,Low,Returns Desk,A3029,2,,9998.0,9998.0,GW-OTHER,N,helpdesk,helpdesk,False,unique_record,rule2_single_source_record
TK-245280,2025-09-28 18:48,2025-09-28 23:52,resolved,email,C109490,,VR886310,fallback_single,VA-SP-MINI,Returns & Refunds,High,Returns Desk,A3037,0,,2374.0,2374.0,RETURN-QC-OK,N,helpdesk,helpdesk,False,unique_record,rule2_single_source_record
TK-245282,2025-09-28 19:22,2025-09-28 23:32,resolved,email,C107672,VR884262,VR884262,quoted_valid,VA-EB-AIR,App & Firmware,High,Email Frontline,A3016,0,3.0,1799.0,1799.0,GW-OTHER,N,helpdesk,helpdesk,False,unique_record,rule2_single_source_record
TK-245283,2025-09-28 19:27,2025-10-11 02:51,resolved,email,C104471,,VR905744,fallback_single,VA-SW-NX2,Warranty & Repair,Normal,Escalations & Warranty,A3039,0,3.0,6174.0,6174.0,DOA-REPL,N,helpdesk,helpdesk,False,unique_record,rule2_single_source_record
TK-245288,2025-09-28 20:11,2025-09-29 06:37,resolved,email,C108202,VR902530,VR902530,quoted_valid,VA-HP-ST3,Billing & Payments,High,Billing,A3032,0,3.0,700.0,700.0,DUP-PAYMENT,N,helpdesk,helpdesk,False,unique_record,rule2_single_source_record
TK-245289,2025-09-28 20:38,2025-10-03 23:15,resolved,chat,C105469,,VR896702,fallback_single,VA-EB-PL2,Charging & Battery,High,Chat Frontline,A3039,1,3.0,3499.0,3499.0,GW-OTHER,Y,helpdesk,helpdesk,False,unique_record,rule2_single_source_record
TK-245305,2025-09-29 12:08,2025-10-04 14:23,closed,social,C101552,VR885289,VR885289,quoted_valid,VA-HP-ST3,Warranty & Repair,High,Escalations & Warranty,A3039,0,2.0,6999.0,6999.0,DOA-REPL,N,helpdesk,helpdesk,False,unique_record,rule2_single_source_record
TK-245306,2025-09-29 12:43,2025-09-29 13:06,resolved,chat,C102768,VR904043,VR904043,quoted_valid,VA-EB-PL1,Billing & Payments,High,Billing,A3032,0,,2499.0,2499.0,GW-OTHER,N,helpdesk,helpdesk,False,unique_record,rule2_single_source_record
TK-245307,2025-09-29 12:59,2025-10-02 13:21,resolved,chat,C108001,,VR895705,fallback_single,VA-SP-ORB,Returns & Refunds,Normal,Returns Desk,A3038,0,2.0,5699.0,5699.0,GW-OTHER,N,helpdesk,helpdesk,False,unique_record,rule2_single_source_record
TK-245319,2025-09-29 18:14,2025-10-01 07:14,resolved,email,C108310,,VR899800,fallback_single,VA-NB-ARC,Delivery & Shipping,Normal,Logistics,A3031,0,3.0,1299.0,1299.0,GW-OTHER,N,helpdesk,helpdesk,False,unique_record,rule2_single_source_record
TK-245322,2025-09-29 19:12,2025-09-29 20:42,resolved,voice,C108945,VR902018,VR902018,quoted_valid,VA-HP-ST2,Billing & Payments,High,Billing,A3035,0,,4499.0,4499.0,DUP-PAYMENT,N,helpdesk,helpdesk,False,unique_record,rule2_single_source_record
TK-245325,2025-09-29 21:09,2025-09-29 21:30,resolved,chat,C101032,,,ambiguous,VA-SW-NX2,Billing & Payments,Normal,Billing,A3035,0,4.0,5524.0,5524.0,DUP-PAYMENT,N,helpdesk,helpdesk,False,unique_record,rule2_single_source_record
TK-245326,2025-09-29 23:20,2025-10-03 08:01,resolved,email,C101280,VR888288,VR888288,quoted_valid,VA-HP-ST3,Warranty & Repair,Normal,Escalations & Warranty,A3039,0,3.0,6999.0,6999.0,GW-OTHER,N,helpdesk,helpdesk,False,unique_record,rule2_single_source_record
TK-245331,2025-09-30 05:20,2025-09-30 05:43,resolved,chat,C103110,,,ambiguous,VA-EB-PL2,Billing & Payments,Low,Billing,A3033,0,,2974.0,2974.0,DUP-PAYMENT,N,helpdesk,helpdesk,False,unique_record,rule2_single_source_record
TK-245336,2025-09-30 10:48,2025-09-30 14:46,resolved,email,C106167,VR902384,VR902384,quoted_valid,VA-EB-PL1,Audio Quality,Normal,Email Frontline,A3018,0,,2374.0,2374.0,GW-OTHER,N,helpdesk,helpdesk,False,unique_record,rule2_single_source_record
TK-245341,2025-09-30 14:49,2025-10-02 16:24,resolved,email,C109328,VR907588,VR907588,quoted_valid,VA-SW-NX2,Returns & Refunds,High,Returns Desk,A3036,0,,6174.0,6174.0,DOA-REPL,N,helpdesk,helpdesk,False,unique_record,rule2_single_source_record
TK-245345,2025-09-30 15:56,2025-09-30 17:18,resolved,email,C108380,,VR906161,fallback_single,VA-EB-PL2,Returns & Refunds,Normal,Returns Desk,A3036,0,4.0,446.0,446.0,GW-OTHER,N,helpdesk,helpdesk,False,unique_record,rule2_single_source_record
TK-245356,2025-09-30 20:23,2025-10-01 13:04,resolved,email,C107129,VR908638,VR908638,quoted_valid,VA-EB-PL2,Delivery & Shipping,Normal,Logistics,A3027,0,,2799.0,2799.0,GW-OTHER,Y,helpdesk,helpdesk,False,unique_record,rule2_single_source_record
TK-245361,2025-09-30 20:42,2025-09-30 21:12,resolved,voice,C107990,VR882186,VR882186,quoted_valid,VA-EB-PL1,Connectivity,Normal,Voice Frontline,A3026,0,4.0,2499.0,2499.0,WTY-BUYBACK,Y,helpdesk,helpdesk,False,unique_record,rule2_single_source_record
TK-245364,2025-10-01 00:13,,open,chat,C105873,VR903252,VR903252,quoted_valid,VA-HP-ST3,Billing & Payments,High,Billing,A3033,0,,6649.0,6649.0,DUP-PAYMENT,N,helpdesk,helpdesk,False,unique_record,rule2_single_source_record
TK-245367,2025-10-01 09:56,2025-10-02 10:24,resolved,chat,C102692,VR887334,VR887334,quoted_valid,VA-SW-NX2,Returns & Refunds,Normal,Returns Desk,A3038,1,,650.0,650.0,RETURN-QC-OK,N,helpdesk,helpdesk,False,unique_record,rule2_single_source_record
TK-245378,2025-10-01 14:32,2025-10-01 15:19,resolved,chat,C108624,VR882943,VR882943,quoted_valid,VA-AC-CASE,Billing & Payments,High,Billing,A3035,0,3.0,1299.0,1299.0,DUP-PAYMENT,N,helpdesk,helpdesk,False,unique_record,rule2_single_source_record
TK-245381,2025-10-01 16:23,2025-10-02 16:50,resolved,chat,C104873,VR882898,VR882898,quoted_valid,VA-SP-MINI,Delivery & Shipping,High,Logistics,A3030,0,,2249.0,2249.0,GW-OTHER,N,helpdesk,helpdesk,False,unique_record,rule2_single_source_record
TK-245382,2025-10-01 16:37,2025-10-01 18:15,closed,social,C103858,VR906334,VR906334,quoted_valid,VA-EB-AIR,Billing & Payments,High,Billing,A3035,0,4.0,216.0,216.0,GW-OTHER,N,helpdesk,helpdesk,False,unique_record,rule2_single_source_record
TK-245388,2025-10-01 19:52,2025-10-01 20:12,closed,chat,C101047,VR908050,VR908050,quoted_valid,VA-EB-PL1,Other,Normal,Chat Frontline,A3005,0,3.0,2499.0,2499.0,GW-OTHER,N,helpdesk,helpdesk,False,unique_record,rule2_single_source_record
TK-245406,2025-10-02 19:40,2025-10-03 21:34,resolved,voice,C105936,VR906037,VR906037,quoted_valid,VA-SW-FIT,Returns & Refunds,Low,Returns Desk,A3036,0,,1999.0,1999.0,GW-OTHER,N,helpdesk,helpdesk,False,unique_record,rule2_single_source_record
TK-245407,2025-10-02 20:17,2025-10-02 20:54,resolved,chat,C104250,VR883275,VR883275,quoted_valid,VA-AC-CBL,Delivery & Shipping,Normal,Logistics,A3030,0,4.0,379.0,379.0,GW-OTHER,N,helpdesk,helpdesk,False,unique_record,rule2_single_source_record
TK-245408,2025-10-02 20:20,2025-10-02 20:47,closed,chat,C102886,VR881621,VR881621,quoted_valid,VA-HP-ST2,Charging & Battery,Normal,Chat Frontline,A3004,0,,3999.0,3999.0,WTY-BUYBACK,N,helpdesk,helpdesk,False,unique_record,rule2_single_source_record
TK-245411,2025-10-02 21:55,2025-10-03 22:30,resolved,chat,C107411,,VR882138,fallback_single,VA-SW-NX2,Returns & Refunds,Normal,Returns Desk,A3038,0,,6499.0,6499.0,GW-OTHER,N,helpdesk,helpdesk,False,unique_record,rule2_single_source_record
TK-245413,2025-10-02 22:22,2025-10-02 22:32,resolved,chat,C107041,VR899026,VR899026,quoted_valid,VA-SW-NX2,Product Enquiry,High,Chat Frontline,A3016,1,,6174.0,6174.0,PRICE-ADJ,N,helpdesk,helpdesk,False,unique_record,rule2_single_source_record
TK-245423,2025-10-03 12:03,2025-10-04 14:18,resolved,email,C103172,VR904281,VR904281,quoted_valid,VA-EB-PL2,Returns & Refunds,Normal,Returns Desk,A3036,1,,3324.0,3324.0,GW-OTHER,Y,helpdesk,helpdesk,False,unique_record,rule2_single_source_record
TK-245424,2025-10-03 12:36,2025-10-03 13:43,resolved,voice,C102887,,,ambiguous,VA-EB-PL2,Billing & Payments,Normal,Billing,A3032,0,,3324.0,3324.0,GW-OTHER,N,helpdesk,helpdesk,False,unique_record,rule2_single_source_record
TK-245437,2025-10-03 16:30,2025-10-04 17:38,resolved,voice,C100315,VR885023,VR885023,quoted_valid,VA-SW-FIT,Returns & Refunds,Normal,Returns Desk,A3036,0,,200.0,200.0,RETURN-QC-OK,N,helpdesk,helpdesk,False,unique_record,rule2_single_source_record
TK-245440,2025-10-03 18:18,2025-10-04 00:09,resolved,email,C101053,VR880289,VR880289,quoted_valid,VA-HP-ST3,Other,Normal,Email Frontline,A3001,0,3.0,6999.0,6999.0,GW-OTHER,N,helpdesk,helpdesk,False,unique_record,rule2_single_source_record
TK-245442,2025-10-03 19:21,2025-10-03 20:59,resolved,email,C104028,,VR896393,fallback_single,VA-EB-PL2,Connectivity,Normal,Email Frontline,A3018,0,,472.0,472.0,WTY-BUYBACK,N,helpdesk,helpdesk,False,unique_record,rule2_single_source_record
TK-245443,2025-10-03 20:40,2025-10-06 23:18,resolved,voice,C104980,VR901075,VR901075,quoted_valid,VA-EB-AIR,Returns & Refunds,Normal,Returns Desk,A3038,0,4.0,288.0,288.0,GW-OTHER,N,helpdesk,helpdesk,False,unique_record,rule2_single_source_record
TK-245457,2025-10-04 09:57,2025-10-07 12:07,resolved,email,C107242,VR904712,VR904712,quoted_valid,VA-EB-PL1,Returns & Refunds,High,Returns Desk,A3038,0,5.0,450.0,450.0,RETURN-QC-OK,N,helpdesk,helpdesk,False,unique_record,rule2_single_source_record
TK-245466,2025-10-04 12:40,2025-10-04 13:19,resolved,chat,C107409,VR885673,VR885673,quoted_valid,VA-EB-PL1,Billing & Payments,Normal,Billing,A3033,0,4.0,2499.0,2499.0,DUP-PAYMENT,N,helpdesk,helpdesk,False,unique_record,rule2_single_source_record
TK-245478,2025-10-04 20:11,,pending,voice,C104845,VR905334,VR905334,quoted_valid,VA-SW-FIT,Charging & Battery,Low,Voice Frontline,A3026,0,,1999.0,1999.0,DOA-REPL,Y,helpdesk,helpdesk,False,unique_record,rule2_single_source_record
TK-245480,2025-10-04 22:44,2025-10-04 23:36,resolved,chat,C101459,,VR884563,fallback_single,VA-EB-PL2,Other,Normal,Chat Frontline,A3017,0,2.0,3324.0,3324.0,CANCEL,N,helpdesk,helpdesk,False,unique_record,rule2_single_source_record
TK-245486,2025-10-05 10:49,2025-10-05 12:20,resolved,email,C105974,,,ambiguous,VA-EB-PL2,Billing & Payments,High,Billing,A3032,0,5.0,3324.0,3324.0,DUP-PAYMENT,N,helpdesk,helpdesk,False,unique_record,rule2_single_source_record
TK-245488,2025-10-05 13:54,2025-10-05 14:28,closed,voice,C108146,VR890034,VR890034,quoted_valid,VA-HP-ST3,Connectivity,Normal,Voice Frontline,A3026,0,,11898.0,11898.0,GW-OTHER,N,helpdesk,helpdesk,False,unique_record,rule2_single_source_record
TK-245492,2025-10-05 17:06,2025-10-07 03:16,resolved,email,C108462,VR909187,VR909187,quoted_valid,VA-EB-PL2,Returns & Refunds,Normal,Returns Desk,A3037,0,2.0,6998.0,6998.0,RETURN-QC-OK,N,helpdesk,helpdesk,False,unique_record,rule2_single_source_record
TK-245494,2025-10-05 17:27,2025-10-05 18:01,resolved,social,C107350,VR888615,VR888615,quoted_valid,VA-EB-PL2,Billing & Payments,High,Billing,A3035,0,,3499.0,3499.0,GW-OTHER,N,helpdesk,helpdesk,False,unique_record,rule2_single_source_record
TK-245499,2025-10-05 19:13,2025-10-05 19:37,resolved,chat,C102576,VR880924,VR880924,quoted_valid,VA-SP-MINI,Billing & Payments,High,Billing,A3035,2,4.0,2499.0,2499.0,GW-OTHER,N,helpdesk,helpdesk,False,unique_record,rule2_single_source_record
TK-245502,2025-10-05 20:03,2025-10-06 00:21,resolved,email,C105698,VR894087,VR894087,quoted_valid,VA-SP-MINI,Other,Normal,Email Frontline,A3001,0,,2124.0,2124.0,GW-OTHER,N,helpdesk,helpdesk,False,unique_record,rule2_single_source_record
TK-245507,2025-10-06 07:21,2025-10-08 08:30,resolved,social,C106205,VR903977,VR903977,quoted_valid,VA-EB-PL2,Returns & Refunds,Low,Returns Desk,A3037,0,2.0,665.0,665.0,RETURN-QC-OK,N,helpdesk,helpdesk,False,unique_record,rule2_single_source_record
TK-245509,2025-10-06 08:37,2025-10-06 09:49,resolved,social,C100164,VR896450,VR896450,quoted_valid,VA-AC-CBL,Billing & Payments,High,Billing,A3034,0,,32.0,32.0,GW-OTHER,N,helpdesk,helpdesk,False,unique_record,rule2_single_source_record
TK-245523,2025-10-06 16:10,2025-10-06 21:27,resolved,email,C103427,VR905972,VR905972,quoted_valid,VA-EB-PL2,Returns & Refunds,Low,Returns Desk,A3036,0,,350.0,350.0,GW-OTHER,N,helpdesk,helpdesk,False,unique_record,rule2_single_source_record
TK-245534,2025-10-07 09:57,2025-10-08 10:33,resolved,chat,C109053,VR893272,VR893272,quoted_valid,VA-EB-PL2,Returns & Refunds,Normal,Returns Desk,A3037,0,,3499.0,3499.0,RETURN-QC-OK,N,helpdesk,helpdesk,False,unique_record,rule2_single_source_record
TK-245535,2025-10-07 10:13,2025-10-08 12:26,resolved,chat,C105243,VR900623,VR900623,quoted_valid,VA-SW-FIT,Warranty & Repair,Normal,Escalations & Warranty,A3039,0,5.0,1599.0,1599.0,GW-OTHER,N,helpdesk,helpdesk,False,unique_record,rule2_single_source_record
TK-245547,2025-10-07 14:20,2025-10-08 14:42,resolved,chat,C107739,VR907453,VR907453,quoted_valid,VA-EB-PL2,Returns & Refunds,Normal,Returns Desk,A3036,0,,630.0,630.0,RETURN-QC-OK,N,helpdesk,helpdesk,False,unique_record,rule2_single_source_record
TK-245548,2025-10-07 15:44,2025-10-07 17:35,closed,email,C109293,VR892026,VR892026,quoted_valid,VA-EB-PL2,Charging & Battery,Normal,Email Frontline,A3018,0,5.0,3324.0,3324.0,GW-OTHER,N,helpdesk,helpdesk,False,unique_record,rule2_single_source_record
TK-245553,2025-10-07 16:27,2025-10-07 17:00,resolved,voice,C100784,VR894245,VR894245,quoted_valid,VA-EB-AIR,Other,Low,Voice Frontline,A3026,0,,1619.0,1619.0,GW-OTHER,N,helpdesk,helpdesk,False,unique_record,rule2_single_source_record
TK-245563,2025-10-07 19:45,2025-10-07 20:50,resolved,voice,C106134,VR892649,VR892649,quoted_valid,VA-EB-PL2,Returns & Refunds,High,Returns Desk,A3036,0,,3149.0,3149.0,GW-OTHER,N,helpdesk,helpdesk,False,unique_record,rule2_single_source_record
TK-245570,2025-10-07 23:25,2025-10-09 04:46,resolved,email,C102458,,VR880808,fallback_single,VA-EB-AIR,Returns & Refunds,Normal,Returns Desk,A3037,0,3.0,342.0,342.0,RETURN-QC-OK,N,helpdesk,helpdesk,False,unique_record,rule2_single_source_record
TK-245577,2025-10-08 08:36,2025-10-08 08:53,resolved,chat,C109375,VR896055,VR896055,quoted_valid,VA-SW-NX2,Other,Normal,Chat Frontline,A3011,0,3.0,2600.0,2600.0,GW-OTHER,N,helpdesk,helpdesk,False,unique_record,rule2_single_source_record
TK-245582,2025-10-08 10:44,2025-10-08 11:03,resolved,chat,C102556,VR897994,VR897994,quoted_valid,VA-EB-PL2,Other,Normal,Chat Frontline,A3010,0,,6648.0,6648.0,GW-OTHER,N,helpdesk,helpdesk,False,unique_record,rule2_single_source_record
TK-245584,2025-10-08 10:55,2025-10-08 11:20,resolved,chat,C106553,VR886701,VR886701,quoted_valid,VA-EB-PL2,Delivery & Shipping,Normal,Logistics,A3031,0,,3324.0,3324.0,GW-OTHER,N,helpdesk,helpdesk,False,unique_record,rule2_single_source_record
TK-245586,2025-10-08 11:23,2025-10-09 00:06,resolved,email,C107944,VR901872,VR901872,quoted_valid,VA-SW-FIT,Returns & Refunds,Normal,Returns Desk,A3037,0,,900.0,900.0,GW-OTHER,N,helpdesk,helpdesk,False,unique_record,rule2_single_source_record
TK-245589,2025-10-08 11:56,2025-10-09 12:45,resolved,chat,C106801,VR899855,VR899855,quoted_valid,VA-EB-PL1,Delivery & Shipping,High,Logistics,A3028,0,,2374.0,2374.0,GW-OTHER,N,helpdesk,helpdesk,False,unique_record,rule2_single_source_record
TK-245590,2025-10-08 12:05,2025-10-13 13:25,resolved,email,C104270,VR902326,VR902326,quoted_valid,VA-SP-MINI,Delivery & Shipping,Normal,Logistics,A3029,0,3.0,2499.0,2499.0,LOST-TRANSIT,N,helpdesk,helpdesk,False,unique_record,rule2_single_source_record
TK-245606,2025-10-08 16:36,2025-10-08 17:09,closed,chat,C101459,,VR884563,fallback_single,VA-EB-PL2,Other,Normal,Chat Frontline,A3005,0,4.0,3324.0,3324.0,DUP-PAYMENT,N,helpdesk,helpdesk,False,unique_record,rule2_single_source_record
TK-245607,2025-10-08 17:03,2025-10-08 17:52,resolved,chat,C101226,VR895888,VR895888,quoted_valid,VA-EB-PL2,Returns & Refunds,Normal,Returns Desk,A3036,0,2.0,3499.0,3499.0,GW-OTHER,N,helpdesk,helpdesk,False,unique_record,rule2_single_source_record
TK-245610,2025-10-08 18:57,2025-10-08 19:26,resolved,voice,C102098,,VR898768,fallback_single,VA-EB-PL1,Billing & Payments,Normal,Billing,A3035,0,,375.0,375.0,PRICE-ADJ,N,helpdesk,helpdesk,False,unique_record,rule2_single_source_record
TK-245625,2025-10-09 09:14,2025-10-09 09:46,resolved,chat,C101000,VR890253,VR890253,quoted_valid,VA-SW-NX1,Billing & Payments,Normal,Billing,A3034,0,4.0,4999.0,4999.0,GW-OTHER,N,helpdesk,helpdesk,False,unique_record,rule2_single_source_record
TK-245629,2025-10-09 13:53,2025-10-09 14:31,resolved,chat,C107782,,VR893634,fallback_single,VA-EB-PL2,Other,Normal,Chat Frontline,A3009,0,,3499.0,3499.0,GW-OTHER,N,helpdesk,helpdesk,False,unique_record,rule2_single_source_record
TK-245644,2025-10-10 00:42,2025-10-10 01:21,resolved,chat,C106233,VR887755,VR887755,quoted_valid,VA-EB-PL2,Billing & Payments,High,Billing,A3032,0,4.0,2974.0,2974.0,DUP-PAYMENT,N,helpdesk,helpdesk,False,unique_record,rule2_single_source_record
TK-245659,2025-10-10 15:44,2025-10-10 16:34,resolved,voice,C102692,VR887334,VR887334,quoted_valid,VA-SW-NX2,Other,Normal,Voice Frontline,A3026,0,4.0,6499.0,6499.0,CANCEL,N,helpdesk,helpdesk,False,unique_record,rule2_single_source_record
TK-245664,2025-10-10 17:04,2025-10-12 18:00,resolved,voice,C104566,VR886088,VR886088,quoted_valid,VA-AC-CH65,Billing & Payments,Normal,Billing,A3035,0,3.0,1424.0,1424.0,GW-OTHER,N,helpdesk,helpdesk,False,unique_record,rule2_single_source_record
TK-245670,2025-10-10 21:43,2025-10-11 01:36,resolved,email,C104064,,,ambiguous,VA-EB-PL2,Other,Normal,Email Frontline,A3017,0,5.0,3149.0,3149.0,CANCEL,N,helpdesk,helpdesk,False,unique_record,rule2_single_source_record
TK-245672,2025-10-10 22:29,2025-10-10 23:20,resolved,social,C102296,VR891256,VR891256,quoted_valid,VA-EB-PL2,Charging & Battery,Normal,Chat Frontline,A3017,0,,3499.0,3499.0,WTY-BUYBACK,N,helpdesk,helpdesk,False,unique_record,rule2_single_source_record
TK-245685,2025-10-11 12:12,2025-10-11 12:44,resolved,chat,C105605,VR909092,VR909092,quoted_valid,VA-EB-PL2,Delivery & Shipping,Normal,Logistics,A3027,0,2.0,3499.0,3499.0,RETURN-QC-OK,N,helpdesk,helpdesk,False,unique_record,rule2_single_source_record
TK-245687,2025-10-11 12:37,2025-10-11 14:26,closed,social,C103472,VR907494,VR907494,quoted_valid,VA-AC-CH65,Other,Normal,Chat Frontline,A3012,0,5.0,1499.0,1499.0,DUP-PAYMENT,N,helpdesk,helpdesk,False,unique_record,rule2_single_source_record
TK-245697,2025-10-11 19:11,2025-10-11 19:51,resolved,chat,C100872,VR896105,VR896105,quoted_valid,VA-EB-AIR,Delivery & Shipping,High,Logistics,A3030,0,,1529.0,1529.0,GW-OTHER,N,helpdesk,helpdesk,False,unique_record,rule2_single_source_record
TK-245705,2025-10-11 21:43,2025-10-11 23:54,resolved,email,C104135,VR880827,VR880827,quoted_valid,VA-EB-PL1,Other,Low,Email Frontline,A3002,0,,4248.0,4248.0,GW-OTHER,Y,helpdesk,helpdesk,False,unique_record,rule2_single_source_record
TK-245708,2025-10-12 00:25,2025-10-17 01:10,resolved,chat,C100798,VR894340,VR894340,quoted_valid,VA-EB-PL1,Returns & Refunds,Normal,Returns Desk,A3038,0,,2249.0,2249.0,RETURN-QC-OK,N,helpdesk,helpdesk,False,unique_record,rule2_single_source_record
TK-245710,2025-10-12 09:53,2025-10-12 13:29,resolved,email,C101036,VR895424,VR895424,quoted_valid,VA-SP-ORB,Other,Normal,Email Frontline,A3020,0,,5399.0,5399.0,CANCEL,N,helpdesk,helpdesk,False,unique_record,rule2_single_source_record
TK-245716,2025-10-12 13:07,2025-10-14 13:30,closed,chat,C102331,,,ambiguous,VA-EB-PL2,Billing & Payments,High,Billing,A3032,0,,1662.0,1662.0,GW-OTHER,N,helpdesk,helpdesk,False,unique_record,rule2_single_source_record
TK-245721,2025-10-12 15:54,2025-10-12 16:35,closed,chat,C106619,VR909784,VR909784,quoted_valid,VA-EB-PL2,Billing & Payments,Normal,Billing,A3035,0,5.0,525.0,525.0,DUP-PAYMENT,N,helpdesk,helpdesk,False,unique_record,rule2_single_source_record
TK-245734,2025-10-12 20:30,2025-10-12 20:40,resolved,chat,C105789,VR899518,VR899518,quoted_valid,VA-SW-FIT,Billing & Payments,High,Billing,A3009,1,,1699.0,1699.0,CANCEL,N,helpdesk,helpdesk,False,unique_record,rule2_single_source_record
TK-245743,2025-10-12 23:46,2025-10-13 00:28,resolved,chat,C107409,VR885673,VR885673,quoted_valid,VA-EB-PL1,Billing & Payments,High,Billing,A3034,0,,2499.0,2499.0,GW-OTHER,N,helpdesk,helpdesk,False,unique_record,rule2_single_source_record
TK-245745,2025-10-13 01:26,2025-10-15 13:45,resolved,email,C105874,,VR883384,fallback_single,VA-HP-ST3,Delivery & Shipping,High,Logistics,A3002,1,1.0,6999.0,6999.0,GW-OTHER,N,helpdesk,helpdesk,False,unique_record,rule2_single_source_record
TK-245750,2025-10-13 09:46,2025-10-13 10:07,resolved,voice,C106772,VR909479,VR909479,quoted_valid,VA-EB-PL2,Other,Normal,Voice Frontline,A3023,0,5.0,6998.0,6998.0,GW-OTHER,N,helpdesk,helpdesk,False,unique_record,rule2_single_source_record
TK-245757,2025-10-13 12:18,2025-10-13 12:52,closed,email,C101771,VR892988,VR892988,quoted_valid,VA-EB-PL1,Billing & Payments,High,Billing,A3032,0,,2374.0,2374.0,GW-OTHER,N,helpdesk,helpdesk,False,unique_record,rule2_single_source_record
TK-245764,2025-10-13 15:20,2025-10-15 15:47,resolved,chat,C109210,VR884005,VR884005,quoted_valid,VA-EB-PL2,Returns & Refunds,Normal,Returns Desk,A3036,0,4.0,3149.0,3149.0,GW-OTHER,N,helpdesk,helpdesk,False,unique_record,rule2_single_source_record
TK-245767,2025-10-13 15:44,2025-10-13 16:15,resolved,chat,C107469,,VR904902,fallback_single,VA-EB-PL1,Billing & Payments,High,Billing,A3035,0,,356.0,356.0,DUP-PAYMENT,N,helpdesk,helpdesk,False,unique_record,rule2_single_source_record
TK-245774,2025-10-13 18:30,2025-10-13 18:55,resolved,chat,C100412,VR898999,VR898999,quoted_valid,VA-NB-ARC,Delivery & Shipping,Normal,Logistics,A3032,1,5.0,650.0,650.0,LOST-TRANSIT,N,helpdesk,helpdesk,False,unique_record,rule2_single_source_record
TK-245777,2025-10-13 19:32,2025-10-16 21:26,resolved,voice,C105809,VR902885,VR902885,quoted_valid,VA-EB-PL1,Returns & Refunds,Normal,Returns Desk,A3036,0,4.0,2499.0,2499.0,GW-OTHER,Y,helpdesk,helpdesk,False,unique_record,rule2_single_source_record
TK-245784,2025-10-13 22:28,2025-10-14 03:58,closed,email,C108170,VR890218,VR890218,quoted_valid,VA-NB-ARC,Billing & Payments,Normal,Billing,A3034,0,,1299.0,1299.0,DUP-PAYMENT,N,helpdesk,helpdesk,False,unique_record,rule2_single_source_record
TK-245787,2025-10-14 07:26,2025-10-14 09:33,resolved,email,C101872,VR883923,VR883923,quoted_valid,VA-SW-NX2,Billing & Payments,High,Billing,A3033,0,,5524.0,5524.0,DUP-PAYMENT,N,helpdesk,helpdesk,False,unique_record,rule2_single_source_record
TK-245792,2025-10-14 11:49,2025-10-14 14:22,resolved,email,C104121,VR895460,VR895460,quoted_valid,VA-EB-PL2,Billing & Payments,High,Billing,A3035,0,4.0,1574.0,1574.0,GW-OTHER,N,helpdesk,helpdesk,False,unique_record,rule2_single_source_record
TK-245793,2025-10-14 11:56,2025-10-14 23:53,resolved,email,C105990,VR881924,VR881924,quoted_valid,VA-EB-PL2,Billing & Payments,High,Billing,A3032,0,,6648.0,6648.0,GW-OTHER,N,helpdesk,helpdesk,False,unique_record,rule2_single_source_record
TK-245796,2025-10-14 13:32,2025-10-14 18:33,resolved,email,C109069,VR887516,VR887516,quoted_valid,VA-EB-PL1,Other,Normal,Email Frontline,A3018,0,,1999.0,1999.0,DUP-PAYMENT,N,helpdesk,helpdesk,False,unique_record,rule2_single_source_record
TK-245806,2025-10-14 18:27,2025-10-14 19:17,resolved,chat,C104659,VR891639,VR891639,quoted_valid,VA-SP-MINI,Delivery & Shipping,Normal,Logistics,A3017,1,3.0,1999.0,1999.0,GW-OTHER,N,helpdesk,helpdesk,False,unique_record,rule2_single_source_record
TK-245822,2025-10-15 07:45,2025-10-15 08:05,resolved,chat,C104074,VR892231,VR892231,quoted_valid,VA-SW-NX1,Other,Normal,Chat Frontline,A3032,1,3.0,2000.0,2000.0,CANCEL,N,helpdesk,helpdesk,False,unique_record,rule2_single_source_record
TK-245823,2025-10-15 09:01,2025-10-18 06:28,resolved,email,C102109,VR883414,VR883414,quoted_valid,VA-SP-ORB,Returns & Refunds,Normal,Returns Desk,A3038,0,3.0,5399.0,5399.0,RETURN-QC-OK,N,helpdesk,helpdesk,False,unique_record,rule2_single_source_record
TK-245827,2025-10-15 10:04,,open,email,C100664,,,ambiguous,VA-EB-PL2,Billing & Payments,High,Billing,A3032,0,4.0,3149.0,3149.0,DUP-PAYMENT,N,helpdesk,helpdesk,False,unique_record,rule2_single_source_record
TK-245830,2025-10-15 10:35,2025-10-18 17:40,resolved,email,C104821,,VR907857,fallback_single,VA-EB-AIR,Returns & Refunds,Normal,Returns Desk,A3036,0,,1799.0,1799.0,GW-OTHER,N,helpdesk,helpdesk,False,unique_record,rule2_single_source_record
TK-245838,2025-10-15 13:28,2025-10-15 17:41,resolved,email,C107739,,,ambiguous,VA-EB-PL2,Delivery & Shipping,Normal,Logistics,A3030,0,,3499.0,3499.0,GW-OTHER,N,helpdesk,helpdesk,False,unique_record,rule2_single_source_record
TK-245840,2025-10-15 13:41,2025-10-17 20:31,resolved,email,C103418,VR883597,VR883597,quoted_valid,VA-HP-ST3,Returns & Refunds,Low,Returns Desk,A3036,0,,6999.0,6999.0,RETURN-QC-OK,N,helpdesk,helpdesk,False,unique_record,rule2_single_source_record
TK-245841,2025-10-15 13:46,2025-10-15 14:28,resolved,chat,C108641,,VR885800,fallback_single,VA-SP-MINI,Billing & Payments,Normal,Billing,A3032,0,,319.0,319.0,DUP-PAYMENT,N,helpdesk,helpdesk,False,unique_record,rule2_single_source_record
TK-245846,2025-10-15 15:55,2025-10-16 16:19,resolved,chat,C105990,VR881924,VR881924,quoted_valid,VA-EB-PL2,Returns & Refunds,Low,Returns Desk,A3036,0,,6648.0,6648.0,GW-OTHER,N,helpdesk,helpdesk,False,unique_record,rule2_single_source_record
TK-245871,2025-10-16 06:26,2025-10-17 06:39,resolved,chat,C104629,,,ambiguous,VA-HP-ST3,Delivery & Shipping,Normal,Logistics,A3028,0,3.0,6999.0,6999.0,GW-OTHER,N,helpdesk,helpdesk,False,unique_record,rule2_single_source_record
TK-245875,2025-10-16 11:37,2025-10-16 12:01,resolved,chat,C108743,VR900676,VR900676,quoted_valid,VA-NB-ARC,Billing & Payments,High,Billing,A3032,0,,1299.0,1299.0,GW-OTHER,N,helpdesk,helpdesk,False,unique_record,rule2_single_source_record
TK-245880,2025-10-16 14:17,2025-10-19 15:26,resolved,email,C104210,VR908895,VR908895,quoted_valid,VA-EB-PL2,Returns & Refunds,Normal,Returns Desk,A3036,0,5.0,2974.0,2974.0,GW-OTHER,N,helpdesk,helpdesk,False,unique_record,rule2_single_source_record
TK-245888,2025-10-16 19:23,2025-10-16 19:44,closed,chat,C107914,VR882093,VR882093,quoted_valid,VA-EB-PL2,Delivery & Shipping,High,Logistics,A3030,0,2.0,560.0,560.0,GW-OTHER,N,helpdesk,helpdesk,False,unique_record,rule2_single_source_record
TK-245902,2025-10-17 10:10,2025-10-22 11:00,resolved,chat,C101642,,VR889769,fallback_single,VA-EB-PL2,Delivery & Shipping,Normal,Logistics,A3031,0,,3149.0,3149.0,GW-OTHER,N,helpdesk,helpdesk,False,unique_record,rule2_single_source_record
TK-245903,2025-10-17 10:14,2025-10-17 10:28,resolved,chat,C105775,,VR907719,fallback_single,VA-HP-ST3,Delivery & Shipping,Normal,Logistics,A3005,1,,5599.0,5599.0,GW-OTHER,N,helpdesk,helpdesk,False,unique_record,rule2_single_source_record
TK-245910,2025-10-17 11:36,2025-10-17 11:54,resolved,voice,C101731,,,ambiguous,VA-SP-ORB,Other,Normal,Voice Frontline,A3023,0,,5399.0,5399.0,GW-OTHER,N,helpdesk,helpdesk,False,unique_record,rule2_single_source_record
TK-245918,2025-10-17 14:44,2025-10-17 15:10,resolved,chat,C102946,VR883591,VR883591,quoted_valid,VA-EB-AIR,Billing & Payments,Normal,Billing,A3035,0,,1799.0,1799.0,DUP-PAYMENT,N,helpdesk,helpdesk,False,unique_record,rule2_single_source_record
TK-245927,2025-10-17 17:53,2025-10-17 18:22,resolved,chat,C100973,,VR900904,fallback_single,VA-EB-PL2,Other,Normal,Chat Frontline,A3004,0,,3324.0,3324.0,CANCEL,N,helpdesk,helpdesk,False,unique_record,rule2_single_source_record
TK-245928,2025-10-17 19:13,2025-10-17 21:36,resolved,email,C108358,VR895135,VR895135,quoted_valid,VA-AC-CH65,Other,Normal,Email Frontline,A3018,0,,1499.0,1499.0,DUP-PAYMENT,N,helpdesk,helpdesk,False,unique_record,rule2_single_source_record
TK-245935,2025-10-17 22:57,,pending,social,C105370,VR903870,VR903870,quoted_valid,VA-HP-ST3,Billing & Payments,Low,Billing,A3034,0,,1400.0,1400.0,DUP-PAYMENT,N,helpdesk,helpdesk,False,unique_record,rule2_single_source_record
TK-245941,2025-10-18 11:13,2025-10-18 11:37,closed,social,C105800,,VR884055,fallback_single,VA-AC-CBL,Other,Normal,Chat Frontline,A3010,0,,40.0,40.0,CANCEL,N,helpdesk,helpdesk,False,unique_record,rule2_single_source_record
TK-245943,2025-10-18 14:07,2025-10-21 14:24,resolved,chat,C101211,VR905886,VR905886,quoted_valid,VA-EB-PL2,Returns & Refunds,Normal,Returns Desk,A3036,0,,6998.0,6998.0,GW-OTHER,N,helpdesk,helpdesk,False,unique_record,rule2_single_source_record
TK-245945,2025-10-18 14:14,2025-10-18 15:57,resolved,email,C102235,VR888154,VR888154,quoted_valid,VA-EB-PL2,Audio Quality,Normal,Email Frontline,A3018,0,,3499.0,3499.0,GW-OTHER,N,helpdesk,helpdesk,False,unique_record,rule2_single_source_record
TK-245968,2025-10-18 21:40,2025-10-18 21:53,resolved,chat,C100459,VR884350,VR884350,quoted_valid,VA-EB-PL2,Delivery & Shipping,Normal,Logistics,A3030,0,,3499.0,3499.0,CANCEL,N,helpdesk,helpdesk,False,unique_record,rule2_single_source_record
TK-245981,2025-10-19 08:39,2025-10-19 09:11,resolved,chat,C108929,,VR883598,fallback_single,VA-EB-PL1,Delivery & Shipping,Normal,Logistics,A3029,0,1.0,2374.0,2374.0,GW-OTHER,N,helpdesk,helpdesk,False,unique_record,rule2_single_source_record
TK-245994,2025-10-19 16:09,2025-10-19 16:40,resolved,chat,C108513,VR904844,VR904844,quoted_valid,VA-HP-ST3,Other,Normal,Chat Frontline,A3012,0,,5949.0,5949.0,GW-OTHER,N,helpdesk,helpdesk,False,unique_record,rule2_single_source_record
TK-246000,2025-10-19 19:45,2025-10-19 20:31,closed,chat,C102719,,VR880650,fallback_single,VA-EB-PL2,Billing & Payments,High,Billing,A3035,0,,499.0,499.0,DUP-PAYMENT,N,helpdesk,helpdesk,False,unique_record,rule2_single_source_record
TK-246001,2025-10-19 19:58,2025-10-22 23:22,resolved,email,C105854,VR884847,VR884847,quoted_valid,VA-EB-PL1,Returns & Refunds,Normal,Returns Desk,A3038,0,4.0,2499.0,2499.0,GW-OTHER,N,helpdesk,helpdesk,False,unique_record,rule2_single_source_record
TK-246003,2025-10-19 21:33,2025-10-19 22:11,resolved,chat,C101988,,VR894542,fallback_single,VA-HP-ST3,Billing & Payments,High,Billing,A3035,0,,6999.0,6999.0,DUP-PAYMENT,N,helpdesk,helpdesk,False,unique_record,rule2_single_source_record
TK-246005,2025-10-19 21:52,2025-10-19 23:33,closed,voice,C100070,VR888186,VR888186,quoted_valid,VA-HP-ST2,Connectivity,Normal,Voice Frontline,A3003,0,2.0,4499.0,4499.0,DOA-REPL,Y,helpdesk,helpdesk,False,unique_record,rule2_single_source_record
TK-246015,2025-10-20 10:46,2025-10-20 11:09,closed,chat,C106322,VR890224,VR890224,quoted_valid,VA-EB-PL2,Other,High,Chat Frontline,A3006,0,,2799.0,2799.0,PRICE-ADJ,N,helpdesk,helpdesk,False,unique_record,rule2_single_source_record
TK-246017,2025-10-20 11:37,2025-10-20 13:21,resolved,email,C100578,VR908631,VR908631,quoted_valid,VA-SP-ORB,Other,High,Email Frontline,A3022,0,,5999.0,5999.0,GW-OTHER,N,helpdesk,helpdesk,False,unique_record,rule2_single_source_record
TK-246022,2025-10-20 12:21,2025-10-23 12:37,resolved,chat,C100390,VR905513,VR905513,quoted_valid,VA-SW-NX1,Returns & Refunds,High,Returns Desk,A3021,1,,3999.0,3999.0,GW-OTHER,N,helpdesk,helpdesk,False,unique_record,rule2_single_source_record
TK-246028,2025-10-20 13:01,2025-10-20 15:10,resolved,email,C106815,VR891120,VR891120,quoted_valid,VA-EB-AIR,Billing & Payments,High,Billing,A3035,0,,288.0,288.0,PRICE-ADJ,N,helpdesk,helpdesk,False,unique_record,rule2_single_source_record
TK-246036,2025-10-20 18:51,,pending,social,C108818,VR886437,VR886437,quoted_valid,VA-SP-ORB,Billing & Payments,High,Billing,A3035,0,4.0,5999.0,5999.0,GW-OTHER,N,helpdesk,helpdesk,False,unique_record,rule2_single_source_record
TK-246059,2025-10-21 12:46,2025-10-21 13:11,resolved,chat,C102775,,VR905258,fallback_single,VA-EB-PL1,Other,Low,Chat Frontline,A3011,0,4.0,1250.0,1250.0,GW-OTHER,N,helpdesk,helpdesk,False,unique_record,rule2_single_source_record
TK-246060,2025-10-21 12:51,2025-10-29 16:09,resolved,voice,C104315,,VR886829,fallback_single,VA-EB-PL2,Warranty & Repair,Normal,Escalations & Warranty,A3039,0,,3149.0,3149.0,GW-OTHER,Y,helpdesk,helpdesk,False,unique_record,rule2_single_source_record
TK-246071,2025-10-21 17:01,2025-10-22 17:35,resolved,chat,C105914,,VR880408,fallback_single,VA-SW-FIT,Returns & Refunds,High,Returns Desk,A3036,0,3.0,1699.0,1699.0,GW-OTHER,N,helpdesk,helpdesk,False,unique_record,rule2_single_source_record
TK-246079,2025-10-21 21:28,2025-10-21 22:48,resolved,social,C103618,VR883838,VR883838,quoted_valid,VA-SP-MINI,Delivery & Shipping,Normal,Logistics,A3018,1,,225.0,225.0,LOST-TRANSIT,N,helpdesk,helpdesk,False,unique_record,rule2_single_source_record
TK-246093,2025-10-22 11:53,2025-10-22 12:35,resolved,social,C103545,,VR892858,fallback_single,VA-SP-MINI,Billing & Payments,Normal,Billing,A3032,0,4.0,1999.0,1999.0,DUP-PAYMENT,N,helpdesk,helpdesk,False,unique_record,rule2_single_source_record
TK-246095,2025-10-22 12:36,2025-10-22 12:57,closed,chat,C102250,VR900462,VR900462,quoted_valid,VA-SW-NX1,Other,Normal,Chat Frontline,A3028,1,,2250.0,2250.0,GW-OTHER,N,helpdesk,helpdesk,False,unique_record,rule2_single_source_record
TK-246126,2025-10-22 23:12,2025-10-26 04:12,closed,email,C105100,VR899211,VR899211,quoted_valid,VA-SW-NX2,Warranty & Repair,Low,Escalations & Warranty,A3039,0,3.0,6499.0,6499.0,GW-OTHER,N,helpdesk,helpdesk,False,unique_record,rule2_single_source_record
TK-246128,2025-10-23 00:26,2025-10-23 01:05,resolved,chat,C101574,VR891920,VR891920,quoted_valid,VA-NB-ARC,Other,Normal,Chat Frontline,A3002,0,,552.0,552.0,GW-OTHER,N,helpdesk,helpdesk,False,unique_record,rule2_single_source_record
TK-246139,2025-10-23 10:41,2025-10-23 11:02,resolved,chat,C103546,VR908977,VR908977,quoted_valid,VA-EB-PL2,Connectivity,Normal,Chat Frontline,A3006,0,4.0,6998.0,6998.0,GW-OTHER,N,helpdesk,helpdesk,False,unique_record,rule2_single_source_record
TK-246145,2025-10-23 11:21,2025-10-23 12:09,resolved,chat,C103092,VR903341,VR903341,quoted_valid,VA-EB-PL1,Billing & Payments,High,Billing,A3033,0,3.0,2499.0,2499.0,GW-OTHER,N,helpdesk,helpdesk,False,unique_record,rule2_single_source_record
TK-246146,2025-10-23 11:46,2025-10-23 12:24,resolved,chat,C103383,VR905204,VR905204,quoted_valid,VA-EB-PL2,Billing & Payments,High,Billing,A3032,0,,3499.0,3499.0,DUP-PAYMENT,N,helpdesk,helpdesk,False,unique_record,rule2_single_source_record
TK-246148,2025-10-23 11:56,2025-10-24 12:13,closed,chat,C108583,,VR906603,fallback_single,VA-SW-NX2,Returns & Refunds,Normal,Returns Desk,A3038,0,4.0,6499.0,6499.0,RETURN-QC-OK,N,helpdesk,helpdesk,False,unique_record,rule2_single_source_record
TK-246152,2025-10-23 12:12,2025-10-23 12:48,closed,voice,C102135,VR899685,VR899685,quoted_valid,VA-EB-AIR,Returns & Refunds,Normal,Returns Desk,A3038,0,,1799.0,1799.0,GW-OTHER,N,helpdesk,helpdesk,False,unique_record,rule2_single_source_record
TK-246154,2025-10-23 12:35,2025-10-23 13:33,resolved,voice,C100353,VR888374,VR888374,quoted_valid,VA-HP-ST3,Billing & Payments,Normal,Billing,A3034,0,3.0,665.0,665.0,DUP-PAYMENT,N,helpdesk,helpdesk,False,unique_record,rule2_single_source_record
TK-246164,2025-10-23 14:54,2025-10-24 15:13,resolved,chat,C102984,,VR881431,fallback_single,VA-EB-PL2,Returns & Refunds,High,Returns Desk,A3036,0,4.0,3499.0,3499.0,GW-OTHER,N,helpdesk,helpdesk,False,unique_record,rule2_single_source_record
TK-246168,2025-10-23 15:37,2025-10-26 18:26,resolved,email,C107455,,,ambiguous,VA-SW-FIT,Returns & Refunds,Normal,Returns Desk,A3036,0,3.0,510.0,510.0,RETURN-QC-OK,N,helpdesk,helpdesk,False,unique_record,rule2_single_source_record
TK-246170,2025-10-23 16:47,2025-10-27 19:09,resolved,voice,C106508,VR901110,VR901110,quoted_valid,VA-HP-ST3,Connectivity,Low,Voice Frontline,A3039,1,,6999.0,6999.0,GW-OTHER,Y,helpdesk,helpdesk,False,unique_record,rule2_single_source_record
TK-246171,2025-10-23 17:19,2025-10-23 17:56,resolved,chat,C104184,VR887053,VR887053,quoted_valid,VA-EB-PL2,Delivery & Shipping,Normal,Logistics,A3030,0,,3499.0,3499.0,GW-OTHER,Y,helpdesk,helpdesk,False,unique_record,rule2_single_source_record
TK-246175,2025-10-23 19:13,,pending,voice,C102183,VR887067,VR887067,quoted_valid,VA-HP-ST3,Billing & Payments,High,Billing,A3035,0,,945.0,945.0,GW-OTHER,N,helpdesk,helpdesk,False,unique_record,rule2_single_source_record
TK-246182,2025-10-23 23:00,,open,email,C106475,,VR884665,fallback_single,VA-SW-FIT,Returns & Refunds,Low,Returns Desk,A3005,1,3.0,3398.0,3398.0,RETURN-QC-OK,N,helpdesk,helpdesk,False,unique_record,rule2_single_source_record
TK-246202,2025-10-24 16:05,2025-10-24 17:49,resolved,email,C105914,,VR880408,fallback_single,VA-SW-FIT,Other,Normal,Email Frontline,A3018,0,3.0,1699.0,1699.0,DUP-PAYMENT,N,helpdesk,helpdesk,False,unique_record,rule2_single_source_record
TK-246204,2025-10-24 16:08,2025-10-25 17:40,resolved,chat,C105305,,,ambiguous,VA-EB-PL2,Other,Normal,Chat Frontline,A3012,0,,3324.0,3324.0,DOA-REPL,N,helpdesk,helpdesk,False,unique_record,rule2_single_source_record
TK-246226,2025-10-25 10:42,2025-10-25 16:52,resolved,email,C102380,VR902432,VR902432,quoted_valid,VA-SW-NX2,Billing & Payments,Normal,Billing,A3035,0,3.0,6499.0,6499.0,GW-OTHER,N,helpdesk,helpdesk,False,unique_record,rule2_single_source_record
TK-246239,2025-10-25 13:52,2025-10-26 16:17,resolved,email,C100887,VR880597,VR880597,quoted_valid,VA-EB-AIR,Returns & Refunds,Normal,Returns Desk,A3036,0,,3058.0,3058.0,RETURN-QC-OK,N,helpdesk,helpdesk,False,unique_record,rule2_single_source_record
TK-246242,2025-10-25 16:35,2025-10-25 16:55,closed,chat,C101854,VR883637,VR883637,quoted_valid,VA-HP-ST3,Other,Normal,Chat Frontline,A3009,0,,1400.0,1400.0,GW-OTHER,N,helpdesk,helpdesk,False,unique_record,rule2_single_source_record
TK-246247,2025-10-25 19:00,2025-10-27 19:47,resolved,voice,C107098,VR887916,VR887916,quoted_valid,VA-SW-NX1,Delivery & Shipping,Low,Logistics,A3030,0,4.0,500.0,500.0,GW-OTHER,N,helpdesk,helpdesk,False,unique_record,rule2_single_source_record
TK-246252,2025-10-26 07:07,2025-10-26 09:24,resolved,email,C102781,VR884473,VR884473,quoted_valid,VA-EB-PL1,Other,Normal,Email Frontline,A3021,0,4.0,2124.0,2124.0,CANCEL,N,helpdesk,helpdesk,False,unique_record,rule2_single_source_record
TK-246255,2025-10-26 08:41,2025-10-26 08:56,resolved,chat,C100106,,,ambiguous,VA-EB-PL2,Other,Low,Chat Frontline,A3011,0,,3149.0,3149.0,CANCEL,N,helpdesk,helpdesk,False,unique_record,rule2_single_source_record
TK-246257,2025-10-26 10:42,2025-10-26 10:59,resolved,chat,C102217,VR888215,VR888215,quoted_valid,VA-EB-AIR,Billing & Payments,Normal,Billing,A3016,1,,1799.0,1799.0,GW-OTHER,N,helpdesk,helpdesk,False,unique_record,rule2_single_source_record
TK-246262,2025-10-26 11:08,2025-10-26 12:07,resolved,email,C105666,VR899396,VR899396,quoted_valid,VA-EB-PL2,Delivery & Shipping,Normal,Logistics,A3029,0,5.0,2799.0,2799.0,GW-OTHER,N,helpdesk,helpdesk,False,unique_record,rule2_single_source_record
TK-246263,2025-10-26 11:27,2025-10-26 18:13,resolved,email,C106453,VR898733,VR898733,quoted_valid,VA-SW-NX1,Billing & Payments,High,Billing,A3035,0,5.0,4249.0,4249.0,DUP-PAYMENT,N,helpdesk,helpdesk,False,unique_record,rule2_single_source_record
TK-246272,2025-10-26 18:09,2025-10-28 19:39,resolved,chat,C107309,VR889564,VR889564,quoted_valid,VA-HP-ST3,Warranty & Repair,Normal,Escalations & Warranty,A3042,1,,3500.0,3500.0,GW-OTHER,N,helpdesk,helpdesk,False,unique_record,rule2_single_source_record
TK-246276,2025-10-26 18:21,,pending,social,C100798,VR894340,VR894340,quoted_valid,VA-EB-PL1,Billing & Payments,High,Billing,A3035,0,,2249.0,2249.0,GW-OTHER,N,helpdesk,helpdesk,False,unique_record,rule2_single_source_record
TK-246279,2025-10-26 19:02,2025-10-26 19:32,resolved,chat,C109069,VR887516,VR887516,quoted_valid,VA-EB-PL1,Charging & Battery,Normal,Chat Frontline,A3014,0,,1999.0,1999.0,GW-OTHER,Y,helpdesk,helpdesk,False,unique_record,rule2_single_source_record
TK-246285,2025-10-26 19:53,,open,voice,C105559,,VR907659,fallback_single,VA-SW-NX2,Returns & Refunds,Normal,Returns Desk,A3038,0,,5524.0,5524.0,RETURN-QC-OK,N,helpdesk,helpdesk,False,unique_record,rule2_single_source_record
TK-246289,2025-10-27 06:08,2025-10-27 08:42,resolved,social,C100070,VR901288,VR901288,quoted_valid,VA-EB-PL2,Other,Normal,Chat Frontline,A3011,0,,6998.0,6998.0,GW-OTHER,N,helpdesk,helpdesk,False,unique_record,rule2_single_source_record
TK-246290,2025-10-27 07:40,2025-10-27 08:13,resolved,chat,C100786,VR882532,VR882532,quoted_valid,VA-HP-ST3,Audio Quality,Normal,Chat Frontline,A3010,0,,6649.0,6649.0,WTY-BUYBACK,N,helpdesk,helpdesk,False,unique_record,rule2_single_source_record
TK-246306,2025-10-27 13:50,2025-10-27 14:30,resolved,chat,C105469,,VR898884,fallback_single,VA-EB-PL1,Billing & Payments,High,Billing,A3033,0,4.0,450.0,450.0,DUP-PAYMENT,N,helpdesk,helpdesk,False,unique_record,rule2_single_source_record
TK-246310,2025-10-27 16:49,2025-10-27 17:13,resolved,chat,C103949,VR883368,VR883368,quoted_valid,VA-EB-PL2,Delivery & Shipping,High,Logistics,A3030,0,4.0,3499.0,3499.0,DOA-REPL,N,helpdesk,helpdesk,False,unique_record,rule2_single_source_record
TK-246313,2025-10-27 18:56,2025-10-27 19:37,resolved,voice,C100706,,VR880991,fallback_single,VA-SW-NX1,Billing & Payments,Normal,Billing,A3035,0,,9998.0,9998.0,GW-OTHER,N,helpdesk,helpdesk,False,unique_record,rule2_single_source_record
TK-246314,2025-10-27 19:17,2025-10-28 07:57,resolved,email,C107193,,,ambiguous,VA-EB-PL1,Billing & Payments,High,Billing,A3033,0,,2249.0,2249.0,DUP-PAYMENT,N,helpdesk,helpdesk,False,unique_record,rule2_single_source_record
TK-246317,2025-10-27 20:02,2025-11-01 20:43,resolved,chat,C102269,VR880523,VR880523,quoted_valid,VA-EB-AIR,Delivery & Shipping,High,Logistics,A3030,0,2.0,1799.0,1799.0,GW-OTHER,Y,helpdesk,helpdesk,False,unique_record,rule2_single_source_record
TK-246318,2025-10-27 20:16,2025-10-27 21:21,resolved,social,C102728,VR892018,VR892018,quoted_valid,VA-EB-PL1,Billing & Payments,High,Billing,A3035,0,4.0,2374.0,2374.0,CANCEL,N,helpdesk,helpdesk,False,unique_record,rule2_single_source_record
TK-246319,2025-10-27 20:39,2025-10-27 21:32,resolved,voice,C106452,,VR905643,fallback_single,VA-AC-CASE,Billing & Payments,High,Billing,A3035,0,4.0,1299.0,1299.0,DUP-PAYMENT,N,helpdesk,helpdesk,False,unique_record,rule2_single_source_record
TK-246321,2025-10-27 21:18,2025-10-28 00:07,resolved,email,C103734,VR880129,VR880129,quoted_valid,VA-EB-PL2,Other,High,Email Frontline,A3001,0,,2974.0,2974.0,CANCEL,N,helpdesk,helpdesk,False,unique_record,rule2_single_source_record
TK-246339,2025-10-28 12:57,2025-10-28 13:27,resolved,chat,C101376,VR880576,VR880576,quoted_valid,VA-SW-NX2,Billing & Payments,High,Billing,A3033,0,4.0,6174.0,6174.0,DUP-PAYMENT,N,helpdesk,helpdesk,False,unique_record,rule2_single_source_record
TK-246341,2025-10-28 14:03,2025-10-30 20:27,resolved,email,C109160,VR891461,VR891461,quoted_valid,VA-EB-PL1,Returns & Refunds,Low,Returns Desk,A3036,0,,4998.0,4998.0,RETURN-QC-OK,N,helpdesk,helpdesk,False,unique_record,rule2_single_source_record
TK-246344,2025-10-28 14:18,2025-10-30 00:59,resolved,email,C104251,VR881866,VR881866,quoted_valid,VA-EB-PL2,Billing & Payments,High,Billing,A3032,0,,3499.0,3499.0,GW-OTHER,N,helpdesk,helpdesk,False,unique_record,rule2_single_source_record
TK-246349,2025-10-28 15:00,2025-10-28 15:27,resolved,chat,C108563,,VR905946,fallback_single,VA-SP-MINI,Other,High,Chat Frontline,A3009,0,,2249.0,2249.0,CANCEL,N,helpdesk,helpdesk,False,unique_record,rule2_single_source_record
TK-246352,2025-10-28 16:11,,pending,email,C104250,,,ambiguous,VA-EB-PL2,Other,Normal,Email Frontline,A3016,0,,1750.0,1750.0,CANCEL,N,helpdesk,helpdesk,False,unique_record,rule2_single_source_record
TK-246354,2025-10-28 17:20,2025-10-28 18:27,resolved,email,C108638,,VR905550,fallback_single,VA-EB-PL2,Returns & Refunds,Normal,Returns Desk,A3036,0,4.0,2799.0,2799.0,GW-OTHER,N,helpdesk,helpdesk,False,unique_record,rule2_single_source_record
TK-246357,2025-10-28 18:25,2025-10-28 18:58,resolved,chat,C109476,,VR884535,fallback_single,VA-EB-AIR,Billing & Payments,High,Billing,A3035,0,,1799.0,1799.0,GW-OTHER,N,helpdesk,helpdesk,False,unique_record,rule2_single_source_record
TK-246358,2025-10-28 19:49,2025-10-28 21:18,resolved,voice,C108175,VR897102,VR897102,quoted_valid,VA-EB-AIR,Billing & Payments,High,Billing,A3036,2,,1799.0,1799.0,GW-OTHER,N,helpdesk,helpdesk,False,unique_record,rule2_single_source_record
TK-246362,2025-10-28 20:19,2025-10-28 21:47,resolved,social,C106568,VR882653,VR882653,quoted_valid,VA-EB-PL2,Billing & Payments,High,Billing,A3035,0,5.0,700.0,700.0,DUP-PAYMENT,N,helpdesk,helpdesk,False,unique_record,rule2_single_source_record
TK-246379,2025-10-29 12:30,2025-10-29 13:08,resolved,chat,C101302,,VR889575,fallback_single,VA-HP-ST3,Audio Quality,Normal,Chat Frontline,A3033,1,2.0,11898.0,11898.0,GW-OTHER,N,helpdesk,helpdesk,False,unique_record,rule2_single_source_record
TK-246391,2025-10-29 16:50,2025-10-29 23:31,resolved,email,C107820,,,ambiguous,VA-EB-PL2,Other,Normal,Email Frontline,A3017,0,4.0,3149.0,3149.0,GW-OTHER,N,helpdesk,helpdesk,False,unique_record,rule2_single_source_record
TK-246395,2025-10-29 20:10,2025-10-29 23:18,resolved,email,C109412,VR889622,VR889622,quoted_valid,VA-AC-CH65,Billing & Payments,Normal,Billing,A3034,0,,225.0,225.0,DUP-PAYMENT,N,helpdesk,helpdesk,False,unique_record,rule2_single_source_record
TK-246398,2025-10-29 20:57,2025-11-01 21:28,closed,chat,C102084,VR887832,VR887832,quoted_valid,VA-SP-ORB,Delivery & Shipping,High,Logistics,A3030,0,,5699.0,5699.0,DOA-REPL,N,helpdesk,helpdesk,False,unique_record,rule2_single_source_record
TK-246399,2025-10-29 21:28,2025-10-29 22:22,resolved,social,C102197,VR906303,VR906303,quoted_valid,VA-SP-MINI,Billing & Payments,High,Billing,A3035,0,3.0,1999.0,1999.0,GW-OTHER,N,helpdesk,helpdesk,False,unique_record,rule2_single_source_record
TK-246405,2025-10-30 02:38,2025-10-31 08:45,resolved,chat,C105072,,VR885658,fallback_single,VA-HP-ST3,Warranty & Repair,Normal,Escalations & Warranty,A3039,1,,6649.0,6649.0,GW-OTHER,N,helpdesk,helpdesk,False,unique_record,rule2_single_source_record
TK-246408,2025-10-30 09:06,2025-10-31 09:45,resolved,chat,C106091,,VR889756,fallback_single,VA-NB-ARC,Returns & Refunds,Normal,Returns Desk,A3038,0,,1039.0,1039.0,GW-OTHER,N,helpdesk,helpdesk,False,unique_record,rule2_single_source_record
TK-246412,2025-10-30 10:33,2025-10-30 11:09,resolved,chat,C101420,VR899489,VR899489,quoted_valid,VA-EB-AIR,Billing & Payments,High,Billing,A3032,0,,1799.0,1799.0,GW-OTHER,N,helpdesk,helpdesk,False,unique_record,rule2_single_source_record
TK-246413,2025-10-30 10:40,2025-10-31 12:54,resolved,voice,C104475,VR896355,VR896355,quoted_valid,VA-HP-ST2,Returns & Refunds,Normal,Returns Desk,A3037,0,3.0,4249.0,4249.0,RETURN-QC-OK,N,helpdesk,helpdesk,False,unique_record,rule2_single_source_record
TK-246415,2025-10-30 12:05,2025-10-30 15:12,closed,email,C103719,,,ambiguous,VA-EB-PL2,Billing & Payments,High,Billing,A3035,0,,3149.0,3149.0,GW-OTHER,N,helpdesk,helpdesk,False,unique_record,rule2_single_source_record
TK-246424,2025-10-30 15:15,2025-10-30 16:19,resolved,social,C102743,VR885392,VR885392,quoted_valid,VA-SW-NX2,Other,Normal,Chat Frontline,A3009,0,,975.0,975.0,DUP-PAYMENT,N,helpdesk,helpdesk,False,unique_record,rule2_single_source_record
TK-246427,2025-10-30 15:53,2025-10-30 19:02,resolved,email,C108405,VR896141,VR896141,quoted_valid,VA-EB-PL1,Billing & Payments,High,Billing,A3035,0,3.0,2249.0,2249.0,DUP-PAYMENT,N,helpdesk,helpdesk,False,unique_record,rule2_single_source_record
TK-246431,2025-10-30 17:00,2025-10-30 19:09,resolved,email,C105126,VR887925,VR887925,quoted_valid,VA-EB-PL2,Product Enquiry,Low,Email Frontline,A3018,0,5.0,1400.0,1400.0,GW-OTHER,N,helpdesk,helpdesk,False,unique_record,rule2_single_source_record
TK-246432,2025-10-30 17:15,2025-10-30 18:52,resolved,voice,C105264,,VR889873,fallback_single,VA-AC-CASE,Billing & Payments,High,Billing,A3035,0,3.0,1039.0,1039.0,DUP-PAYMENT,N,helpdesk,helpdesk,False,unique_record,rule2_single_source_record
TK-246444,2025-10-31 06:50,2025-10-31 07:16,resolved,chat,C102278,,,ambiguous,VA-EB-PL2,Billing & Payments,High,Billing,A3034,0,4.0,499.0,499.0,GW-OTHER,N,helpdesk,helpdesk,False,unique_record,rule2_single_source_record
TK-246451,2025-10-31 10:59,2025-11-03 17:14,resolved,social,C100376,VR892139,VR892139,quoted_valid,VA-EB-AIR,Delivery & Shipping,High,Logistics,A3030,0,3.0,810.0,810.0,DOA-REPL,N,helpdesk,helpdesk,False,unique_record,rule2_single_source_record
TK-246460,2025-10-31 15:57,2025-11-02 23:04,resolved,email,C100047,VR905367,VR905367,quoted_valid,VA-EB-PL2,Returns & Refunds,Normal,Returns Desk,A3038,0,4.0,3499.0,3499.0,RETURN-QC-OK,N,helpdesk,helpdesk,False,unique_record,rule2_single_source_record
TK-246462,2025-10-31 16:12,2025-10-31 16:39,resolved,chat,C105963,VR887348,VR887348,quoted_valid,VA-EB-PL2,Billing & Payments,High,Billing,A3035,0,,2799.0,2799.0,GW-OTHER,N,helpdesk,helpdesk,False,unique_record,rule2_single_source_record
TK-246465,2025-10-31 17:12,2025-11-01 18:25,closed,voice,C103349,VR902120,VR902120,quoted_valid,VA-SW-NX2,Returns & Refunds,Normal,Returns Desk,A3036,0,,10398.0,10398.0,RETURN-QC-OK,N,helpdesk,helpdesk,False,unique_record,rule2_single_source_record
TK-246466,2025-10-31 17:16,2025-10-31 17:58,resolved,chat,C101151,VR908959,VR908959,quoted_valid,VA-HP-ST2,Returns & Refunds,High,Returns Desk,A3033,1,1.0,3999.0,3999.0,GW-OTHER,N,helpdesk,helpdesk,False,unique_record,rule2_single_source_record
TK-246472,2025-10-31 19:36,2025-10-31 19:57,resolved,chat,C109399,VR907546,VR907546,quoted_valid,VA-SP-MINI,Other,Normal,Chat Frontline,A3008,0,,2499.0,2499.0,CANCEL,N,helpdesk,helpdesk,False,unique_record,rule2_single_source_record
TK-246487,2025-11-01 09:10,,open,voice,C104236,VR898988,VR898988,quoted_valid,VA-EB-PL2,Billing & Payments,High,Billing,A3034,0,3.0,3324.0,3324.0,GW-OTHER,N,helpdesk,helpdesk,False,unique_record,rule2_single_source_record
TK-246489,2025-11-01 09:30,2025-11-01 11:44,resolved,voice,C108358,,VR895135,fallback_single,VA-AC-CH65,Returns & Refunds,High,Returns Desk,A3038,0,5.0,1499.0,1499.0,RETURN-QC-OK,N,helpdesk,helpdesk,False,unique_record,rule2_single_source_record
TK-246495,2025-11-01 10:49,2025-11-02 11:11,resolved,chat,C104975,,VR908967,fallback_single,VA-EB-PL1,Returns & Refunds,Normal,Returns Desk,A3038,0,,1999.0,1999.0,RETURN-QC-OK,N,helpdesk,helpdesk,False,unique_record,rule2_single_source_record
TK-246499,2025-11-01 11:35,,open,email,C108553,VR896501,VR896501,quoted_valid,VA-EB-PL2,Billing & Payments,High,Billing,A3035,0,3.0,6298.0,6298.0,DUP-PAYMENT,N,helpdesk,helpdesk,False,unique_record,rule2_single_source_record
TK-246507,2025-11-01 14:20,2025-11-02 15:01,closed,social,C103751,VR881743,VR881743,quoted_valid,VA-HP-ST3,Delivery & Shipping,High,Logistics,A3030,0,3.0,1260.0,1260.0,DOA-REPL,N,helpdesk,helpdesk,False,unique_record,rule2_single_source_record
TK-246538,2025-11-02 13:16,2025-11-03 15:01,resolved,social,C100480,,VR907284,fallback_single,VA-SW-NX2,Returns & Refunds,Normal,Returns Desk,A3036,0,,6499.0,6499.0,GW-OTHER,N,helpdesk,helpdesk,False,unique_record,rule2_single_source_record
TK-246552,2025-11-02 18:45,2025-11-04 21:38,resolved,email,C102016,VR904500,VR904500,quoted_valid,VA-EB-PL2,Delivery & Shipping,Normal,Logistics,A3030,0,3.0,3149.0,3149.0,RETURN-QC-OK,N,helpdesk,helpdesk,False,unique_record,rule2_single_source_record
TK-246559,2025-11-02 21:19,2025-11-02 21:40,resolved,chat,C103696,VR892038,VR892038,quoted_valid,VA-AC-CH65,Billing & Payments,Normal,Billing,A3035,0,3.0,1199.0,1199.0,GW-OTHER,N,helpdesk,helpdesk,False,unique_record,rule2_single_source_record
TK-246562,2025-11-02 21:50,2025-11-02 22:30,resolved,voice,C109058,,VR881838,fallback_single,VA-SP-ORB,Billing & Payments,High,Billing,A3032,0,,5999.0,5999.0,DUP-PAYMENT,N,helpdesk,helpdesk,False,unique_record,rule2_single_source_record
TK-246570,2025-11-03 08:57,2025-11-06 09:40,resolved,voice,C103019,VR900555,VR900555,quoted_valid,VA-EB-AIR,Returns & Refunds,Normal,Returns Desk,A3038,0,4.0,1799.0,1799.0,RETURN-QC-OK,N,helpdesk,helpdesk,False,unique_record,rule2_single_source_record
TK-246584,2025-11-03 14:04,2025-11-03 14:25,closed,chat,C107218,VR902619,VR902619,quoted_valid,VA-SW-NX2,Billing & Payments,High,Billing,A3035,0,,5199.0,5199.0,DUP-PAYMENT,N,helpdesk,helpdesk,False,unique_record,rule2_single_source_record
TK-246585,2025-11-03 15:19,,open,email,C100047,,VR905367,fallback_single,VA-EB-PL2,Other,Normal,Email Frontline,A3018,0,3.0,3499.0,3499.0,GW-OTHER,N,helpdesk,helpdesk,False,unique_record,rule2_single_source_record
TK-246589,2025-11-03 17:09,2025-11-05 10:23,resolved,email,C102091,VR882461,VR882461,quoted_valid,VA-EB-PL1,Returns & Refunds,Low,Returns Desk,A3037,0,,2499.0,2499.0,RETURN-QC-OK,N,helpdesk,helpdesk,False,unique_record,rule2_single_source_record
TK-246601,2025-11-04 02:27,,open,chat,C107526,VR907826,VR907826,quoted_valid,VA-SP-MINI,Billing & Payments,High,Billing,A3033,0,4.0,1187.0,1187.0,GW-OTHER,N,helpdesk,helpdesk,False,unique_record,rule2_single_source_record
TK-246607,2025-11-04 10:59,2025-11-04 13:22,resolved,social,C106884,,VR896993,fallback_single,VA-HP-ST3,Other,Normal,Chat Frontline,A3011,0,,6649.0,6649.0,CANCEL,N,helpdesk,helpdesk,False,unique_record,rule2_single_source_record
TK-246610,2025-11-04 12:06,2025-11-06 12:40,resolved,chat,C109238,VR909724,VR909724,quoted_valid,VA-SW-NX2,Delivery & Shipping,High,Logistics,A3027,0,3.0,5524.0,5524.0,DOA-REPL,N,helpdesk,helpdesk,False,unique_record,rule2_single_source_record
TK-246612,2025-11-04 12:45,2025-11-12 16:37,resolved,email,C101049,VR901039,VR901039,quoted_valid,VA-SW-NX2,Warranty & Repair,Normal,Escalations & Warranty,A3042,0,,617.0,617.0,GW-OTHER,N,helpdesk,helpdesk,False,unique_record,rule2_single_source_record
TK-246633,2025-11-05 00:20,2025-11-05 00:57,resolved,chat,C105782,VR886838,VR886838,quoted_valid,VA-EB-PL2,Billing & Payments,Normal,Billing,A3033,0,3.0,3324.0,3324.0,GW-OTHER,N,helpdesk,helpdesk,False,unique_record,rule2_single_source_record
TK-246639,2025-11-05 11:09,2025-11-08 13:53,resolved,social,C103506,VR901899,VR901899,quoted_valid,VA-EB-AIR,Returns & Refunds,Normal,Returns Desk,A3037,0,,1799.0,1799.0,GW-OTHER,N,helpdesk,helpdesk,False,unique_record,rule2_single_source_record
TK-246642,2025-11-05 11:21,,open,email,C102724,,VR893442,fallback_single,VA-AC-CASE,Billing & Payments,High,Billing,A3032,0,,584.0,584.0,GW-OTHER,N,helpdesk,helpdesk,False,unique_record,rule2_single_source_record
TK-246644,2025-11-05 11:51,2025-11-05 13:21,resolved,email,C106247,,VR899590,fallback_single,VA-EB-PL2,Audio Quality,Normal,Email Frontline,A3019,0,4.0,3149.0,3149.0,WTY-BUYBACK,N,helpdesk,helpdesk,False,unique_record,rule2_single_source_record
TK-246650,2025-11-05 12:31,2025-11-05 14:23,resolved,social,C107858,VR881934,VR881934,quoted_valid,VA-HP-ST3,Returns & Refunds,Normal,Returns Desk,A3036,0,,6999.0,6999.0,RETURN-QC-OK,N,helpdesk,helpdesk,False,unique_record,rule2_single_source_record
TK-246654,2025-11-05 16:49,2025-11-05 18:52,resolved,email,C104899,,VR881273,fallback_single,VA-HP-ST3,Other,Normal,Email Frontline,A3018,0,4.0,630.0,630.0,GW-OTHER,N,helpdesk,helpdesk,False,unique_record,rule2_single_source_record
TK-246678,2025-11-06 11:08,2025-11-09 11:58,resolved,voice,C105093,VR889925,VR889925,quoted_valid,VA-EB-PL2,Returns & Refunds,Normal,Returns Desk,A3038,0,,3499.0,3499.0,RETURN-QC-OK,N,helpdesk,helpdesk,False,unique_record,rule2_single_source_record
TK-246696,2025-11-06 15:48,2025-11-08 17:31,resolved,email,C105932,VR889881,VR889881,quoted_valid,VA-EB-AIR,Delivery & Shipping,High,Logistics,A3030,0,,1799.0,1799.0,GW-OTHER,N,helpdesk,helpdesk,False,unique_record,rule2_single_source_record
TK-246698,2025-11-06 17:18,2025-11-06 18:18,resolved,voice,C105659,,VR891874,fallback_single,VA-EB-PL1,Audio Quality,Low,Voice Frontline,A3026,0,2.0,1999.0,1999.0,WTY-BUYBACK,N,helpdesk,helpdesk,False,unique_record,rule2_single_source_record
TK-246700,2025-11-06 18:00,2025-11-06 18:53,resolved,social,C104356,VR885627,VR885627,quoted_valid,VA-EB-AIR,App & Firmware,Normal,Chat Frontline,A3005,0,,288.0,288.0,GW-OTHER,N,helpdesk,helpdesk,False,unique_record,rule2_single_source_record
TK-246706,2025-11-06 20:59,2025-11-07 03:38,resolved,email,C109336,VR889486,VR889486,quoted_valid,VA-SW-NX1,Billing & Payments,Normal,Billing,A3033,0,4.0,4499.0,4499.0,RETURN-QC-OK,N,helpdesk,helpdesk,False,unique_record,rule2_single_source_record
TK-246722,2025-11-07 10:21,2025-11-07 10:47,resolved,chat,C100726,VR906009,VR906009,quoted_valid,VA-EB-PL2,Other,Normal,Chat Frontline,A3013,0,4.0,3149.0,3149.0,DUP-PAYMENT,N,helpdesk,helpdesk,False,unique_record,rule2_single_source_record
TK-246723,2025-11-07 11:29,2025-11-07 11:40,resolved,chat,C102128,VR885134,VR885134,quoted_valid,VA-EB-PL1,Other,Normal,Chat Frontline,A3013,0,,2499.0,2499.0,CANCEL,N,helpdesk,helpdesk,False,unique_record,rule2_single_source_record
TK-246724,2025-11-07 12:19,2025-11-07 12:55,resolved,chat,C103312,VR886240,VR886240,quoted_valid,VA-SW-NX2,Billing & Payments,High,Billing,A3033,0,4.0,617.0,617.0,DUP-PAYMENT,N,helpdesk,helpdesk,False,unique_record,rule2_single_source_record
TK-246731,2025-11-07 14:26,2025-11-07 17:02,resolved,email,C101804,,VR909025,fallback_single,VA-SW-FIT,Other,High,Email Frontline,A3018,0,,1799.0,1799.0,DUP-PAYMENT,N,helpdesk,helpdesk,False,unique_record,rule2_single_source_record
TK-246750,2025-11-07 20:45,2025-11-07 21:06,resolved,chat,C104642,VR881947,VR881947,quoted_valid,VA-EB-AIR,Audio Quality,Normal,Chat Frontline,A3012,0,2.0,1799.0,1799.0,GW-OTHER,N,helpdesk,helpdesk,False,unique_record,rule2_single_source_record
TK-246751,2025-11-07 21:54,2025-11-07 22:28,resolved,chat,C109170,VR897537,VR897537,quoted_valid,VA-NB-ARC,Billing & Payments,Normal,Billing,A3035,0,,1299.0,1299.0,DUP-PAYMENT,N,helpdesk,helpdesk,False,unique_record,rule2_single_source_record
TK-246756,2025-11-08 03:29,2025-11-10 03:59,resolved,chat,C101500,,VR893177,fallback_single,VA-EB-PL2,Returns & Refunds,Normal,Returns Desk,A3038,0,,3499.0,3499.0,RETURN-QC-OK,N,helpdesk,helpdesk,False,unique_record,rule2_single_source_record
TK-246758,2025-11-08 08:47,2025-11-08 09:37,resolved,voice,C109447,VR890854,VR890854,quoted_valid,VA-EB-AIR,Delivery & Shipping,High,Logistics,A3031,0,3.0,764.0,764.0,GW-OTHER,N,helpdesk,helpdesk,False,unique_record,rule2_single_source_record
TK-246761,2025-11-08 09:51,2025-11-08 13:31,resolved,email,C104403,,VR880915,fallback_single,VA-EB-PL2,Returns & Refunds,Normal,Returns Desk,A3037,0,4.0,3499.0,3499.0,RETURN-QC-OK,N,helpdesk,helpdesk,False,unique_record,rule2_single_source_record
TK-246764,2025-11-08 10:46,,pending,chat,C107122,,VR892800,fallback_single,VA-HP-ST2,Delivery & Shipping,High,Logistics,A3027,0,3.0,4749.0,4749.0,DOA-REPL,N,helpdesk,helpdesk,False,unique_record,rule2_single_source_record
TK-246767,2025-11-08 12:46,2025-11-08 17:16,resolved,email,C103425,VR905246,VR905246,quoted_valid,VA-HP-ST3,Charging & Battery,Low,Email Frontline,A3018,0,3.0,3500.0,3500.0,GW-OTHER,N,helpdesk,helpdesk,False,unique_record,rule2_single_source_record
TK-246788,2025-11-08 18:15,2025-11-11 18:43,closed,chat,C107144,VR892895,VR892895,quoted_valid,VA-EB-PL2,Returns & Refunds,Low,Returns Desk,A3036,0,,2799.0,2799.0,GW-OTHER,N,helpdesk,helpdesk,False,unique_record,rule2_single_source_record
TK-246814,2025-11-09 09:50,2025-11-09 10:19,resolved,chat,C108101,VR888415,VR888415,quoted_valid,VA-HP-ST3,Billing & Payments,Low,Billing,A3034,0,,5949.0,5949.0,PRICE-ADJ,N,helpdesk,helpdesk,False,unique_record,rule2_single_source_record
TK-246825,2025-11-09 12:18,2025-11-14 15:53,resolved,email,C107640,,,ambiguous,VA-EB-PL1,Delivery & Shipping,High,Logistics,A3030,0,2.0,2249.0,2249.0,DOA-REPL,Y,helpdesk,helpdesk,False,unique_record,rule2_single_source_record
TK-246838,2025-11-09 18:47,2025-11-10 07:27,resolved,email,C106161,,VR908860,fallback_single,VA-EB-PL1,Charging & Battery,Normal,Email Frontline,A3021,0,4.0,2499.0,2499.0,WTY-BUYBACK,N,helpdesk,helpdesk,False,unique_record,rule2_single_source_record
TK-246839,2025-11-09 20:20,2025-11-09 20:47,resolved,chat,C107654,VR904558,VR904558,quoted_valid,VA-EB-PL2,Billing & Payments,Normal,Billing,A3035,0,3.0,2974.0,2974.0,DUP-PAYMENT,N,helpdesk,helpdesk,False,unique_record,rule2_single_source_record
TK-246844,2025-11-09 21:52,2025-11-09 23:01,resolved,social,C102136,,VR900565,fallback_single,VA-SW-NX2,Delivery & Shipping,Normal,Logistics,A3029,0,,6499.0,6499.0,GW-OTHER,Y,helpdesk,helpdesk,False,unique_record,rule2_single_source_record
TK-246846,2025-11-10 06:05,2025-11-10 08:19,closed,email,C102355,,VR885703,fallback_single,VA-EB-PL2,Billing & Payments,High,Billing,A3034,0,,3499.0,3499.0,DUP-PAYMENT,N,helpdesk,helpdesk,False,unique_record,rule2_single_source_record
TK-246850,2025-11-10 08:43,2025-11-15 10:37,resolved,voice,C106505,VR884942,VR884942,quoted_valid,VA-EB-PL2,Warranty & Repair,Normal,Escalations & Warranty,A3039,0,,3324.0,3324.0,GW-OTHER,N,helpdesk,helpdesk,False,unique_record,rule2_single_source_record
TK-246853,2025-11-10 10:19,2025-11-12 10:45,resolved,chat,C106902,VR880584,VR880584,quoted_valid,VA-SW-NX2,Billing & Payments,Normal,Billing,A3033,0,,5849.0,5849.0,RETURN-QC-OK,N,helpdesk,helpdesk,False,unique_record,rule2_single_source_record
TK-246858,2025-11-10 12:47,2025-11-11 13:28,resolved,chat,C108310,,VR890492,fallback_single,VA-SW-FIT,Returns & Refunds,Normal,Returns Desk,A3037,0,,1899.0,1899.0,RETURN-QC-OK,N,helpdesk,helpdesk,False,unique_record,rule2_single_source_record
TK-246862,2025-11-10 13:09,2025-11-10 13:28,resolved,chat,C108991,,VR882215,fallback_single,VA-HP-ST3,Other,Normal,Chat Frontline,A3011,0,,6999.0,6999.0,CANCEL,N,helpdesk,helpdesk,False,unique_record,rule2_single_source_record
TK-246868,2025-11-10 18:00,2025-11-11 06:33,resolved,email,C101547,VR882394,VR882394,quoted_valid,VA-EB-PL1,Returns & Refunds,High,Returns Desk,A3037,0,,2499.0,2499.0,DOA-REPL,N,helpdesk,helpdesk,False,unique_record,rule2_single_source_record
TK-246870,2025-11-10 19:21,2025-11-15 20:04,resolved,voice,C107414,VR892240,VR892240,quoted_valid,VA-SW-NX2,Delivery & Shipping,Normal,Logistics,A3030,0,,5199.0,5199.0,DOA-REPL,N,helpdesk,helpdesk,False,unique_record,rule2_single_source_record
TK-246876,2025-11-10 21:56,2025-11-10 22:12,resolved,chat,C106920,,VR901342,fallback_single,VA-HP-ST3,Delivery & Shipping,Normal,Logistics,A3030,0,3.0,5949.0,5949.0,GW-OTHER,Y,helpdesk,helpdesk,False,unique_record,rule2_single_source_record
TK-246888,2025-11-11 11:14,2025-11-13 18:08,resolved,email,C101875,VR902176,VR902176,quoted_valid,VA-EB-PL2,Returns & Refunds,Normal,Returns Desk,A3036,0,,3149.0,3149.0,GW-OTHER,N,helpdesk,helpdesk,False,unique_record,rule2_single_source_record
TK-246895,2025-11-11 17:43,,pending,voice,C104253,VR900909,VR900909,quoted_valid,VA-HP-ST2,Delivery & Shipping,Normal,Logistics,A3030,0,3.0,3999.0,3999.0,WTY-BUYBACK,Y,helpdesk,helpdesk,False,unique_record,rule2_single_source_record
TK-246896,2025-11-11 18:11,2025-11-11 19:43,resolved,social,C103072,VR897497,VR897497,quoted_valid,VA-EB-PL1,Billing & Payments,High,Billing,A3035,0,,375.0,375.0,DUP-PAYMENT,N,helpdesk,helpdesk,False,unique_record,rule2_single_source_record
TK-246910,2025-11-12 00:07,2025-11-12 02:32,resolved,email,C108200,,VR891913,fallback_single,VA-EB-PL2,Billing & Payments,High,Billing,A3034,0,,297.0,297.0,GW-OTHER,N,helpdesk,helpdesk,False,unique_record,rule2_single_source_record
TK-246915,2025-11-12 07:04,2025-11-12 13:57,resolved,email,C108797,,VR883417,fallback_single,VA-SP-MINI,Returns & Refunds,Normal,Returns Desk,A3037,0,3.0,500.0,500.0,GW-OTHER,N,helpdesk,helpdesk,False,unique_record,rule2_single_source_record
TK-246916,2025-11-12 07:32,2025-11-12 08:02,closed,chat,C102786,,VR896788,fallback_single,VA-EB-PL2,Billing & Payments,High,Billing,A3033,0,,3324.0,3324.0,DUP-PAYMENT,N,helpdesk,helpdesk,False,unique_record,rule2_single_source_record
TK-246927,2025-11-12 11:32,2025-11-13 11:58,resolved,chat,C105566,VR887548,VR887548,quoted_valid,VA-SW-NX2,Billing & Payments,High,Billing,A3033,0,2.0,6499.0,6499.0,GW-OTHER,N,helpdesk,helpdesk,False,unique_record,rule2_single_source_record
TK-246928,2025-11-12 12:20,2025-11-12 13:29,resolved,voice,C103623,,VR893658,fallback_single,VA-EB-PL2,Connectivity,Low,Voice Frontline,A3024,0,,3324.0,3324.0,GW-OTHER,Y,helpdesk,helpdesk,False,unique_record,rule2_single_source_record
TK-246932,2025-11-12 13:25,2025-11-12 13:51,resolved,chat,C108198,VR894560,VR894560,quoted_valid,VA-NB-ARC,Other,Normal,Chat Frontline,A3011,0,3.0,1234.0,1234.0,CANCEL,N,helpdesk,helpdesk,False,unique_record,rule2_single_source_record
TK-246935,2025-11-12 14:51,2025-11-12 15:13,closed,chat,C106578,VR893455,VR893455,quoted_valid,VA-EB-PL2,Other,Normal,Chat Frontline,A3015,0,,525.0,525.0,GW-OTHER,N,helpdesk,helpdesk,False,unique_record,rule2_single_source_record
TK-246936,2025-11-12 15:15,2025-11-12 18:38,resolved,email,C100182,VR903593,VR903593,quoted_valid,VA-EB-PL1,Billing & Payments,High,Billing,A3035,0,,375.0,375.0,GW-OTHER,N,helpdesk,helpdesk,False,unique_record,rule2_single_source_record
TK-246943,2025-11-12 18:52,2025-11-12 20:14,resolved,social,C101337,VR887000,VR887000,quoted_valid,VA-SP-MINI,Billing & Payments,Normal,Billing,A3035,0,,2499.0,2499.0,GW-OTHER,N,helpdesk,helpdesk,False,unique_record,rule2_single_source_record
TK-246948,2025-11-12 19:36,2025-11-12 20:31,resolved,voice,C104373,VR883582,VR883582,quoted_valid,VA-EB-PL1,Billing & Payments,High,Billing,A3035,0,4.0,2499.0,2499.0,GW-OTHER,N,helpdesk,helpdesk,False,unique_record,rule2_single_source_record
TK-246954,2025-11-12 22:49,2025-11-13 04:27,resolved,email,C108323,VR892718,VR892718,quoted_valid,VA-EB-PL2,Billing & Payments,High,Billing,A3034,0,4.0,3499.0,3499.0,DUP-PAYMENT,N,helpdesk,helpdesk,False,unique_record,rule2_single_source_record
TK-246960,2025-11-13 08:57,2025-11-13 11:33,resolved,email,C100447,,VR902536,fallback_single,VA-SP-ORB,Billing & Payments,High,Billing,A3032,0,,5699.0,5699.0,GW-OTHER,N,helpdesk,helpdesk,False,unique_record,rule2_single_source_record
TK-246967,2025-11-13 12:28,2025-11-13 12:50,resolved,chat,C103983,,,ambiguous,VA-HP-ST2,Other,Low,Chat Frontline,A3010,0,,4499.0,4499.0,CANCEL,N,helpdesk,helpdesk,False,unique_record,rule2_single_source_record
TK-246972,2025-11-13 13:16,2025-11-13 13:45,resolved,chat,C104647,VR890550,VR890550,quoted_valid,VA-EB-PL2,Billing & Payments,High,Billing,A3033,0,,3499.0,3499.0,DUP-PAYMENT,N,helpdesk,helpdesk,False,unique_record,rule2_single_source_record
TK-246976,2025-11-13 14:32,2025-11-13 14:49,resolved,chat,C109249,VR886004,VR886004,quoted_valid,VA-SW-FIT,Billing & Payments,High,Billing,A3035,1,,1999.0,1999.0,PRICE-ADJ,N,helpdesk,helpdesk,False,unique_record,rule2_single_source_record
TK-246980,2025-11-13 16:16,2025-11-14 07:12,resolved,email,C108721,,VR890982,fallback_single,VA-EB-PL2,Delivery & Shipping,Normal,Logistics,A3031,0,1.0,2799.0,2799.0,GW-OTHER,N,helpdesk,helpdesk,False,unique_record,rule2_single_source_record
TK-246987,2025-11-13 18:27,2025-11-13 19:39,resolved,email,C103975,,VR898250,fallback_single,VA-EB-AIR,Other,Normal,Email Frontline,A3018,0,,1529.0,1529.0,GW-OTHER,N,helpdesk,helpdesk,False,unique_record,rule2_single_source_record
TK-246991,2025-11-13 20:23,2025-11-16 20:57,resolved,voice,C104451,VR881789,VR881789,quoted_valid,VA-EB-PL2,Delivery & Shipping,Normal,Logistics,A3030,0,4.0,700.0,700.0,LOST-TRANSIT,N,helpdesk,helpdesk,False,unique_record,rule2_single_source_record
TK-247015,2025-11-14 14:44,2025-11-16 15:16,resolved,chat,C101238,VR901295,VR901295,quoted_valid,VA-EB-PL1,Delivery & Shipping,Normal,Logistics,A3030,0,4.0,2499.0,2499.0,RETURN-QC-OK,N,helpdesk,helpdesk,False,unique_record,rule2_single_source_record
TK-247022,2025-11-14 18:33,2025-11-16 19:03,resolved,chat,C106351,VR883794,VR883794,quoted_valid,VA-AC-CBL,Returns & Refunds,Normal,Returns Desk,A3036,0,,399.0,399.0,GW-OTHER,N,helpdesk,helpdesk,False,unique_record,rule2_single_source_record
TK-247025,2025-11-14 19:22,2025-11-14 19:52,resolved,chat,C106034,VR904284,VR904284,quoted_valid,VA-EB-AIR,Returns & Refunds,Normal,Returns Desk,A3036,0,4.0,1709.0,1709.0,GW-OTHER,N,helpdesk,helpdesk,False,unique_record,rule2_single_source_record
TK-247030,2025-11-14 21:14,2025-11-14 21:42,resolved,chat,C102023,VR893225,VR893225,quoted_valid,VA-EB-PL2,Other,Normal,Chat Frontline,A3012,1,,2974.0,2974.0,CANCEL,N,helpdesk,helpdesk,False,unique_record,rule2_single_source_record
TK-247034,2025-11-15 00:59,2025-11-15 01:32,resolved,chat,C106034,VR880967,VR880967,quoted_valid,VA-SW-NX2,Other,Normal,Chat Frontline,A3003,0,,6174.0,6174.0,DUP-PAYMENT,N,helpdesk,helpdesk,False,unique_record,rule2_single_source_record
TK-247041,2025-11-15 08:00,2025-11-18 08:25,resolved,chat,C106034,VR904284,VR904284,quoted_valid,VA-EB-AIR,Delivery & Shipping,Normal,Logistics,A3028,0,,1709.0,1709.0,GW-OTHER,N,helpdesk,helpdesk,False,unique_record,rule2_single_source_record
TK-247045,2025-11-15 09:22,2025-11-18 10:36,resolved,email,C107193,,,ambiguous,VA-EB-PL1,Returns & Refunds,Normal,Returns Desk,A3037,0,,2249.0,2249.0,GW-OTHER,N,helpdesk,helpdesk,False,unique_record,rule2_single_source_record
TK-247055,2025-11-15 12:40,,open,chat,C101238,VR901295,VR901295,quoted_valid,VA-EB-PL1,Delivery & Shipping,High,Logistics,A3029,0,,2499.0,2499.0,DOA-REPL,N,helpdesk,helpdesk,False,unique_record,rule2_single_source_record
TK-247056,2025-11-15 12:41,2025-11-15 14:28,resolved,email,C104451,VR889350,VR889350,quoted_valid,VA-EB-PL2,Billing & Payments,High,Billing,A3035,0,,472.0,472.0,DUP-PAYMENT,N,helpdesk,helpdesk,False,unique_record,rule2_single_source_record
TK-247060,2025-11-15 14:55,2025-11-15 15:30,resolved,chat,C102524,VR902296,VR902296,quoted_valid,VA-EB-PL2,Billing & Payments,Normal,Billing,A3035,0,5.0,3499.0,3499.0,GW-OTHER,N,helpdesk,helpdesk,False,unique_record,rule2_single_source_record
TK-247062,2025-11-15 15:03,2025-11-18 15:38,resolved,chat,C109336,,VR889486,fallback_single,VA-SW-NX1,Returns & Refunds,Low,Returns Desk,A3036,0,,4499.0,4499.0,GW-OTHER,N,helpdesk,helpdesk,False,unique_record,rule2_single_source_record
TK-247065,2025-11-15 18:15,2025-11-18 19:16,resolved,social,C105469,VR898884,VR898884,quoted_valid,VA-EB-PL1,Returns & Refunds,Normal,Returns Desk,A3036,0,2.0,1124.0,1124.0,RETURN-QC-OK,N,helpdesk,helpdesk,False,unique_record,rule2_single_source_record
TK-247068,2025-11-15 18:54,2025-11-15 19:24,resolved,voice,C101238,VR901295,VR901295,quoted_valid,VA-EB-PL1,Billing & Payments,High,Billing,A3035,0,4.0,2499.0,2499.0,PRICE-ADJ,N,helpdesk,helpdesk,False,unique_record,rule2_single_source_record
TK-247079,2025-11-15 23:52,2025-11-17 11:24,resolved,email,C102023,,VR888957,fallback_single,VA-SP-ORB,Warranty & Repair,Low,Escalations & Warranty,A3039,0,2.0,5999.0,5999.0,WTY-BUYBACK,N,helpdesk,helpdesk,False,unique_record,rule2_single_source_record
TK-247084,2025-11-16 09:37,2025-11-17 10:07,resolved,voice,C101601,VR895625,VR895625,quoted_valid,VA-EB-PL2,Returns & Refunds,Normal,Returns Desk,A3038,0,4.0,2974.0,2974.0,RETURN-QC-OK,N,helpdesk,helpdesk,False,unique_record,rule2_single_source_record
TK-247086,2025-11-16 10:32,2025-11-18 15:43,resolved,voice,C102773,,VR893542,fallback_single,VA-SW-FIT,Warranty & Repair,Normal,Escalations & Warranty,A3039,0,3.0,1599.0,1599.0,GW-OTHER,Y,helpdesk,helpdesk,False,unique_record,rule2_single_source_record
TK-247090,2025-11-16 11:40,2025-11-19 13:20,resolved,email,C109061,,VR889526,fallback_single,VA-EB-PL2,Returns & Refunds,High,Returns Desk,A3037,0,4.0,472.0,472.0,RETURN-QC-OK,N,helpdesk,helpdesk,False,unique_record,rule2_single_source_record
TK-247093,2025-11-16 12:52,2025-11-16 15:46,closed,voice,C108582,,VR909548,fallback_single,VA-EB-PL1,Delivery & Shipping,Normal,Logistics,A3030,0,,2499.0,2499.0,GW-OTHER,Y,helpdesk,helpdesk,False,unique_record,rule2_single_source_record
TK-247095,2025-11-16 13:14,2025-11-16 14:07,closed,voice,C101477,VR882242,VR882242,quoted_valid,VA-EB-PL2,Other,Normal,Voice Frontline,A3024,0,3.0,700.0,700.0,GW-OTHER,N,helpdesk,helpdesk,False,unique_record,rule2_single_source_record
TK-247102,2025-11-16 16:33,2025-11-16 18:38,resolved,email,C102837,VR893005,VR893005,quoted_valid,VA-HP-ST3,Billing & Payments,High,Billing,A3035,0,3.0,3500.0,3500.0,DUP-PAYMENT,N,helpdesk,helpdesk,False,unique_record,rule2_single_source_record
TK-247114,2025-11-17 09:06,2025-11-25 17:49,resolved,email,C100521,VR900484,VR900484,quoted_valid,VA-EB-PL2,Warranty & Repair,Normal,Escalations & Warranty,A3042,0,,6648.0,6648.0,GW-OTHER,N,helpdesk,helpdesk,False,unique_record,rule2_single_source_record
TK-247120,2025-11-17 11:09,2025-11-19 11:57,resolved,voice,C107693,VR884769,VR884769,quoted_valid,VA-SP-ORB,Delivery & Shipping,High,Logistics,A3027,0,3.0,11398.0,11398.0,GW-OTHER,N,helpdesk,helpdesk,False,unique_record,rule2_single_source_record
TK-247126,2025-11-17 12:46,2025-11-17 13:20,resolved,chat,C106318,,VR897637,fallback_single,VA-SP-ORB,Audio Quality,Low,Chat Frontline,A3006,0,,5999.0,5999.0,GW-OTHER,N,helpdesk,helpdesk,False,unique_record,rule2_single_source_record
TK-247128,2025-11-17 13:05,,pending,email,C104836,,VR906951,fallback_single,VA-SW-NX2,Delivery & Shipping,Normal,Logistics,A3028,1,,1105.0,1105.0,GW-OTHER,N,helpdesk,helpdesk,False,unique_record,rule2_single_source_record
TK-247135,2025-11-17 19:15,2025-11-17 19:59,closed,chat,C101467,VR891984,VR891984,quoted_valid,VA-EB-PL2,Billing & Payments,High,Billing,A3035,0,,1750.0,1750.0,DUP-PAYMENT,N,helpdesk,helpdesk,False,unique_record,rule2_single_source_record
TK-247145,2025-11-18 07:56,2025-11-19 08:20,resolved,chat,C103967,,VR898622,fallback_single,VA-HP-ST3,Billing & Payments,High,Billing,A3032,0,3.0,6999.0,6999.0,GW-OTHER,N,helpdesk,helpdesk,False,unique_record,rule2_single_source_record
TK-247148,2025-11-18 08:50,2025-11-19 11:12,resolved,social,C108551,VR894195,VR894195,quoted_valid,VA-SW-FIT,Returns & Refunds,Normal,Returns Desk,A3037,0,,1699.0,1699.0,RETURN-QC-OK,N,helpdesk,helpdesk,False,unique_record,rule2_single_source_record
TK-247157,2025-11-18 14:29,2025-11-21 14:56,closed,chat,C102066,VR891741,VR891741,quoted_valid,VA-AC-CH65,Delivery & Shipping,Normal,Logistics,A3030,0,,1199.0,1199.0,GW-OTHER,N,helpdesk,helpdesk,False,unique_record,rule2_single_source_record
TK-247158,2025-11-18 16:54,2025-11-18 17:34,resolved,chat,C107204,,,ambiguous,VA-EB-PL2,Other,Normal,Chat Frontline,A3012,0,3.0,3499.0,3499.0,GW-OTHER,N,helpdesk,helpdesk,False,unique_record,rule2_single_source_record
TK-247175,2025-11-19 08:22,2025-11-22 08:55,resolved,chat,C101101,VR882294,VR882294,quoted_valid,VA-EB-PL2,Returns & Refunds,Low,Returns Desk,A3038,0,4.0,3149.0,3149.0,RETURN-QC-OK,N,helpdesk,helpdesk,False,unique_record,rule2_single_source_record
TK-247190,2025-11-19 16:59,2025-11-20 07:17,resolved,email,C106130,VR904351,VR904351,quoted_valid,VA-EB-PL2,Returns & Refunds,Normal,Returns Desk,A3038,0,3.0,297.0,297.0,GW-OTHER,N,helpdesk,helpdesk,False,unique_record,rule2_single_source_record
TK-247208,2025-11-19 22:58,2025-11-19 23:12,resolved,chat,C103374,VR908740,VR908740,quoted_valid,VA-EB-PL2,Other,Normal,Chat Frontline,A3003,0,,3499.0,3499.0,CANCEL,N,helpdesk,helpdesk,False,unique_record,rule2_single_source_record
TK-247211,2025-11-20 09:29,2025-11-20 09:58,resolved,chat,C100847,VR899767,VR899767,quoted_valid,VA-EB-PL2,Returns & Refunds,Normal,Returns Desk,A3038,0,,6998.0,6998.0,RETURN-QC-OK,N,helpdesk,helpdesk,False,unique_record,rule2_single_source_record
TK-247215,2025-11-20 09:46,2025-11-25 10:12,resolved,chat,C100018,VR906204,VR906204,quoted_valid,VA-EB-PL2,Delivery & Shipping,Normal,Logistics,A3029,0,,1662.0,1662.0,DOA-REPL,N,helpdesk,helpdesk,False,unique_record,rule2_single_source_record
TK-247217,2025-11-20 10:14,2025-11-20 11:13,closed,social,C108825,VR892047,VR892047,quoted_valid,VA-AC-CBL,Returns & Refunds,Normal,Returns Desk,A3037,0,2.0,379.0,379.0,GW-OTHER,N,helpdesk,helpdesk,False,unique_record,rule2_single_source_record
TK-247221,2025-11-20 11:12,2025-11-20 11:48,resolved,chat,C103898,VR888313,VR888313,quoted_valid,VA-EB-PL1,Billing & Payments,Normal,Billing,A3032,1,,2124.0,2124.0,DUP-PAYMENT,N,helpdesk,helpdesk,False,unique_record,rule2_single_source_record
TK-247228,2025-11-20 13:24,2025-11-23 13:55,resolved,chat,C102415,VR888614,VR888614,quoted_valid,VA-EB-PL2,Delivery & Shipping,Normal,Logistics,A3029,0,,1662.0,1662.0,RETURN-QC-OK,N,helpdesk,helpdesk,False,unique_record,rule2_single_source_record
TK-247232,2025-11-20 13:45,2025-11-21 15:39,resolved,social,C106918,,VR908944,fallback_single,VA-SW-NX1,Warranty & Repair,High,Escalations & Warranty,A3039,0,,4249.0,4249.0,GW-OTHER,N,helpdesk,helpdesk,False,unique_record,rule2_single_source_record
TK-247254,2025-11-20 18:31,2025-11-21 18:54,resolved,chat,C106728,VR899236,VR899236,quoted_valid,VA-EB-PL1,Returns & Refunds,Normal,Returns Desk,A3036,0,,2499.0,2499.0,GW-OTHER,Y,helpdesk,helpdesk,False,unique_record,rule2_single_source_record
TK-247263,2025-11-20 22:22,2025-11-20 23:11,resolved,email,C102695,,VR885382,fallback_single,VA-EB-PL2,Other,Normal,Email Frontline,A3016,0,4.0,6998.0,6998.0,DUP-PAYMENT,N,helpdesk,helpdesk,False,unique_record,rule2_single_source_record
TK-247267,2025-11-20 23:53,2025-11-21 03:43,resolved,email,C104469,,VR905993,fallback_single,VA-HP-ST3,Connectivity,Normal,Email Frontline,A3016,0,,13998.0,13998.0,DOA-REPL,Y,helpdesk,helpdesk,False,unique_record,rule2_single_source_record
TK-247273,2025-11-21 07:04,2025-11-21 08:33,resolved,email,C101514,,VR909178,fallback_single,VA-SW-NX2,Returns & Refunds,Normal,Returns Desk,A3030,1,,6499.0,6499.0,GW-OTHER,N,helpdesk,helpdesk,False,unique_record,rule2_single_source_record
TK-247275,2025-11-21 07:21,2025-11-21 07:48,resolved,chat,C104914,VR900212,VR900212,quoted_valid,VA-HP-ST3,Other,Normal,Chat Frontline,A3010,0,,6649.0,6649.0,CANCEL,N,helpdesk,helpdesk,False,unique_record,rule2_single_source_record
TK-247277,2025-11-21 07:53,2025-11-21 08:42,resolved,email,C108461,,VR892596,fallback_single,VA-SW-NX1,Other,Low,Email Frontline,A3020,0,,1000.0,1000.0,DUP-PAYMENT,N,helpdesk,helpdesk,False,unique_record,rule2_single_source_record
TK-247281,2025-11-21 10:33,2025-11-21 12:40,resolved,social,C105161,,VR908345,fallback_single,VA-SW-NX2,Other,Normal,Chat Frontline,A3007,0,,6499.0,6499.0,CANCEL,N,helpdesk,helpdesk,False,unique_record,rule2_single_source_record
TK-247289,2025-11-21 13:10,2025-11-21 14:51,resolved,email,C104999,VR896276,VR896276,quoted_valid,VA-EB-PL2,Other,Normal,Email Frontline,A3018,0,,3499.0,3499.0,GW-OTHER,N,helpdesk,helpdesk,False,unique_record,rule2_single_source_record
TK-247290,2025-11-21 13:59,2025-11-24 14:27,resolved,chat,C101220,,VR896626,fallback_single,VA-EB-PL2,Returns & Refunds,Low,Returns Desk,A3036,0,,3324.0,3324.0,RETURN-QC-OK,N,helpdesk,helpdesk,False,unique_record,rule2_single_source_record
TK-247297,2025-11-21 15:30,2025-11-21 16:26,resolved,email,C101370,VR905861,VR905861,quoted_valid,VA-EB-PL2,Delivery & Shipping,Low,Logistics,A3030,0,,2974.0,2974.0,WTY-BUYBACK,Y,helpdesk,helpdesk,False,unique_record,rule2_single_source_record
TK-247298,2025-11-21 16:19,2025-11-21 17:39,resolved,social,C105277,VR896236,VR896236,quoted_valid,VA-SP-MINI,Audio Quality,Normal,Chat Frontline,A3014,0,,2499.0,2499.0,GW-OTHER,N,helpdesk,helpdesk,False,unique_record,rule2_single_source_record
TK-247303,2025-11-21 18:06,2025-11-21 18:18,resolved,chat,C106848,,VR882232,fallback_single,VA-SP-ORB,Returns & Refunds,Normal,Returns Desk,A3036,0,,5999.0,5999.0,GW-OTHER,N,helpdesk,helpdesk,False,unique_record,rule2_single_source_record
TK-247306,2025-11-21 18:37,2025-11-21 19:01,resolved,voice,C103238,VR887079,VR887079,quoted_valid,VA-EB-AIR,Other,Normal,Voice Frontline,A3026,0,4.0,270.0,270.0,GW-OTHER,N,helpdesk,helpdesk,False,unique_record,rule2_single_source_record
TK-247308,2025-11-21 19:41,2025-11-24 20:06,resolved,chat,C103648,VR890548,VR890548,quoted_valid,VA-SP-MINI,Returns & Refunds,Normal,Returns Desk,A3036,0,,2249.0,2249.0,GW-OTHER,N,helpdesk,helpdesk,False,unique_record,rule2_single_source_record
TK-247310,2025-11-21 19:47,2025-11-21 22:59,resolved,email,C102483,VR901469,VR901469,quoted_valid,VA-SP-MINI,Returns & Refunds,Normal,Returns Desk,A3038,0,,2374.0,2374.0,RETURN-QC-OK,N,helpdesk,helpdesk,False,unique_record,rule2_single_source_record
TK-247313,2025-11-21 20:32,2025-11-26 21:12,resolved,chat,C105984,,VR904321,fallback_single,VA-SP-ORB,Delivery & Shipping,Normal,Logistics,A3030,0,3.0,5399.0,5399.0,DOA-REPL,N,helpdesk,helpdesk,False,unique_record,rule2_single_source_record
TK-247314,2025-11-21 20:43,2025-11-21 21:28,resolved,chat,C102836,VR893339,VR893339,quoted_valid,VA-SP-ORB,App & Firmware,Low,Chat Frontline,A3015,0,,5399.0,5399.0,GW-OTHER,N,helpdesk,helpdesk,False,unique_record,rule2_single_source_record
TK-247319,2025-11-22 02:26,2025-11-24 03:59,resolved,chat,C108585,VR897804,VR897804,quoted_valid,VA-EB-PL2,Other,Normal,Chat Frontline,A3017,0,,2799.0,2799.0,DOA-REPL,N,helpdesk,helpdesk,False,unique_record,rule2_single_source_record
TK-247342,2025-11-22 17:16,2025-11-22 17:43,resolved,chat,C105883,,VR896294,fallback_single,VA-HP-ST3,Audio Quality,Normal,Chat Frontline,A3005,0,,6999.0,6999.0,GW-OTHER,N,helpdesk,helpdesk,False,unique_record,rule2_single_source_record
TK-247346,2025-11-22 19:24,2025-11-22 19:53,resolved,chat,C100960,,,ambiguous,VA-EB-PL2,Connectivity,Normal,Chat Frontline,A3015,0,,2799.0,2799.0,WTY-BUYBACK,N,helpdesk,helpdesk,False,unique_record,rule2_single_source_record
TK-247350,2025-11-22 20:56,2025-11-24 21:40,resolved,voice,C102824,VR890981,VR890981,quoted_valid,VA-SW-NX2,Returns & Refunds,Normal,Returns Desk,A3036,0,3.0,5199.0,5199.0,GW-OTHER,N,helpdesk,helpdesk,False,unique_record,rule2_single_source_record
TK-247354,2025-11-22 23:10,2025-11-23 18:09,resolved,email,C105205,,VR891218,fallback_single,VA-SW-FIT,Other,Normal,Email Frontline,A3018,0,3.0,1599.0,1599.0,GW-OTHER,N,helpdesk,helpdesk,False,unique_record,rule2_single_source_record
TK-247389,2025-11-23 19:46,2025-11-23 20:53,resolved,voice,C108558,VR900526,VR900526,quoted_valid,VA-SW-NX2,Billing & Payments,Normal,Billing,A3035,0,3.0,5524.0,5524.0,DUP-PAYMENT,N,helpdesk,helpdesk,False,unique_record,rule2_single_source_record
TK-247392,2025-11-23 20:55,2025-11-24 01:44,resolved,email,C101537,,VR880869,fallback_single,VA-SW-NX1,Other,Normal,Email Frontline,A3002,0,,4749.0,4749.0,GW-OTHER,N,helpdesk,helpdesk,False,unique_record,rule2_single_source_record
TK-247414,2025-11-24 12:04,2025-11-25 14:22,resolved,email,C107115,VR889185,VR889185,quoted_valid,VA-EB-PL2,Delivery & Shipping,Low,Logistics,A3030,0,,3499.0,3499.0,RETURN-QC-OK,N,helpdesk,helpdesk,False,unique_record,rule2_single_source_record
TK-247425,2025-11-24 16:35,2025-11-26 17:04,resolved,chat,C102971,VR904406,VR904406,quoted_valid,VA-SP-MINI,Returns & Refunds,Normal,Returns Desk,A3036,0,2.0,4998.0,4998.0,RETURN-QC-OK,N,helpdesk,helpdesk,False,unique_record,rule2_single_source_record
TK-247433,2025-11-24 20:47,2025-12-06 23:11,resolved,chat,C100658,VR906744,VR906744,quoted_valid,VA-SW-FIT,Warranty & Repair,High,Escalations & Warranty,A3042,0,,1899.0,1899.0,GW-OTHER,N,helpdesk,helpdesk,False,unique_record,rule2_single_source_record
TK-247438,2025-11-24 22:05,2025-11-27 00:30,resolved,email,C104831,VR880112,VR880112,quoted_valid,VA-EB-PL2,Returns & Refunds,Normal,Returns Desk,A3037,0,3.0,3149.0,3149.0,RETURN-QC-OK,N,helpdesk,helpdesk,False,unique_record,rule2_single_source_record
TK-247439,2025-11-24 22:37,,open,email,C106430,VR900947,VR900947,quoted_valid,VA-EB-PL1,Billing & Payments,High,Billing,A3034,0,5.0,375.0,375.0,DUP-PAYMENT,N,helpdesk,helpdesk,False,unique_record,rule2_single_source_record
TK-247444,2025-11-25 10:39,2025-11-29 13:08,resolved,email,C101608,VR884919,VR884919,quoted_valid,VA-SW-NX2,Connectivity,Normal,Email Frontline,A3044,1,3.0,6174.0,6174.0,GW-OTHER,N,helpdesk,helpdesk,False,unique_record,rule2_single_source_record
TK-247448,2025-11-25 12:08,2025-11-27 12:42,resolved,chat,C106967,VR887651,VR887651,quoted_valid,VA-SP-MINI,Billing & Payments,Normal,Billing,A3034,0,,2374.0,2374.0,RETURN-QC-OK,N,helpdesk,helpdesk,False,unique_record,rule2_single_source_record
TK-247457,2025-11-25 15:53,2025-11-25 16:30,closed,chat,C104492,VR892014,VR892014,quoted_valid,VA-EB-PL2,Returns & Refunds,Normal,Returns Desk,A3036,0,,3499.0,3499.0,WTY-BUYBACK,N,helpdesk,helpdesk,False,unique_record,rule2_single_source_record
TK-247461,2025-11-25 18:59,2025-11-25 19:10,resolved,chat,C106843,VR880959,VR880959,quoted_valid,VA-EB-PL2,Delivery & Shipping,Normal,Logistics,A3030,0,,3324.0,3324.0,CANCEL,N,helpdesk,helpdesk,False,unique_record,rule2_single_source_record
TK-247468,2025-11-26 01:42,2025-11-26 01:55,resolved,chat,C104672,VR888965,VR888965,quoted_valid,VA-AC-CASE,Other,Normal,Chat Frontline,A3003,0,4.0,1104.0,1104.0,GW-OTHER,N,helpdesk,helpdesk,False,unique_record,rule2_single_source_record
TK-247471,2025-11-26 08:34,,pending,chat,C108421,VR908076,VR908076,quoted_valid,VA-EB-PL1,Returns & Refunds,Normal,Returns Desk,A3037,0,,250.0,250.0,RETURN-QC-OK,N,helpdesk,helpdesk,False,unique_record,rule2_single_source_record
TK-247472,2025-11-26 08:36,2025-11-26 11:24,resolved,email,C108412,VR886440,VR886440,quoted_valid,VA-EB-AIR,Billing & Payments,Normal,Billing,A3034,0,3.0,1439.0,1439.0,GW-OTHER,N,helpdesk,helpdesk,False,unique_record,rule2_single_source_record
TK-247478,2025-11-26 11:46,2025-11-26 12:27,resolved,voice,C106855,VR909422,VR909422,quoted_valid,VA-EB-PL2,Billing & Payments,Normal,Billing,A3033,0,,6298.0,6298.0,GW-OTHER,N,helpdesk,helpdesk,False,unique_record,rule2_single_source_record
TK-247487,2025-11-26 15:37,2025-11-28 16:06,resolved,chat,C107689,VR891006,VR891006,quoted_valid,VA-EB-PL2,Returns & Refunds,Normal,Returns Desk,A3036,0,,3499.0,3499.0,GW-OTHER,N,helpdesk,helpdesk,False,unique_record,rule2_single_source_record
TK-247489,2025-11-26 16:08,2025-11-26 18:36,resolved,email,C103464,VR904128,VR904128,quoted_valid,VA-EB-AIR,Other,Normal,Email Frontline,A3018,0,,180.0,180.0,GW-OTHER,N,helpdesk,helpdesk,False,unique_record,rule2_single_source_record
TK-247491,2025-11-26 16:22,2025-11-26 16:43,closed,chat,C101624,,VR887571,fallback_single,VA-SP-MINI,Returns & Refunds,Normal,Returns Desk,A3036,0,,1124.0,1124.0,RETURN-QC-OK,N,helpdesk,helpdesk,False,unique_record,rule2_single_source_record
TK-247492,2025-11-26 16:23,2025-12-01 17:55,resolved,social,C101398,,VR898913,fallback_single,VA-SW-FIT,Delivery & Shipping,High,Logistics,A3030,0,,1999.0,1999.0,GW-OTHER,Y,helpdesk,helpdesk,False,unique_record,rule2_single_source_record
TK-247493,2025-11-26 17:13,2025-11-26 22:25,resolved,email,C108589,,VR883623,fallback_single,VA-EB-PL2,Delivery & Shipping,High,Logistics,A3030,0,,3499.0,3499.0,GW-OTHER,N,helpdesk,helpdesk,False,unique_record,rule2_single_source_record
TK-247497,2025-11-26 19:46,2025-11-28 20:38,resolved,chat,C109040,VR909518,VR909518,quoted_valid,VA-EB-PL2,Returns & Refunds,Normal,Returns Desk,A3036,0,,3499.0,3499.0,RETURN-QC-OK,N,helpdesk,helpdesk,False,unique_record,rule2_single_source_record
TK-247503,2025-11-27 07:20,2025-11-27 07:49,resolved,chat,C100820,,VR904042,fallback_single,VA-EB-AIR,Other,Normal,Chat Frontline,A3013,0,3.0,1709.0,1709.0,GW-OTHER,N,helpdesk,helpdesk,False,unique_record,rule2_single_source_record
TK-247504,2025-11-27 08:26,2025-11-27 10:00,resolved,voice,C103893,VR886627,VR886627,quoted_valid,VA-EB-PL1,Charging & Battery,Normal,Voice Frontline,A3025,0,3.0,212.0,212.0,DOA-REPL,N,helpdesk,helpdesk,False,unique_record,rule2_single_source_record
TK-247506,2025-11-27 08:36,2025-11-27 09:15,resolved,chat,C102221,VR892720,VR892720,quoted_valid,VA-EB-PL1,Billing & Payments,Low,Billing,A3033,0,3.0,2124.0,2124.0,GW-OTHER,N,helpdesk,helpdesk,False,unique_record,rule2_single_source_record
TK-247523,2025-11-27 12:03,2025-12-02 12:24,resolved,chat,C109382,,VR881083,fallback_single,VA-EB-PL1,Delivery & Shipping,High,Logistics,A3029,0,,1000.0,1000.0,GW-OTHER,N,helpdesk,helpdesk,False,unique_record,rule2_single_source_record
TK-247529,2025-11-27 13:39,,open,chat,C102007,VR907509,VR907509,quoted_valid,VA-SW-NX2,Returns & Refunds,Low,Returns Desk,A3038,0,,6499.0,6499.0,RETURN-QC-OK,N,helpdesk,helpdesk,False,unique_record,rule2_single_source_record
TK-247531,2025-11-27 14:51,2025-11-28 17:35,resolved,social,C103936,VR883037,VR883037,quoted_valid,VA-EB-PL1,Returns & Refunds,Normal,Returns Desk,A3036,0,3.0,2249.0,2249.0,RETURN-QC-OK,N,helpdesk,helpdesk,False,unique_record,rule2_single_source_record
TK-247542,2025-11-27 22:17,,pending,chat,C107382,,VR896194,fallback_single,VA-EB-PL2,Returns & Refunds,Normal,Returns Desk,A3038,0,3.0,1487.0,1487.0,RETURN-QC-OK,N,helpdesk,helpdesk,False,unique_record,rule2_single_source_record
TK-247550,2025-11-28 09:53,2025-11-28 10:44,closed,chat,C103688,,VR888475,fallback_single,VA-HP-ST2,Billing & Payments,Normal,Billing,A3033,0,,750.0,750.0,DUP-PAYMENT,N,helpdesk,helpdesk,False,unique_record,rule2_single_source_record
TK-247554,2025-11-28 11:59,2025-11-28 13:21,resolved,email,C104240,VR903035,VR903035,quoted_valid,VA-SP-ORB,Billing & Payments,High,Billing,A3032,0,4.0,5999.0,5999.0,PRICE-ADJ,N,helpdesk,helpdesk,False,unique_record,rule2_single_source_record
TK-247555,2025-11-28 12:29,2025-11-30 15:43,resolved,email,C104864,VR901064,VR901064,quoted_valid,VA-SP-MINI,Returns & Refunds,Normal,Returns Desk,A3036,0,,2374.0,2374.0,RETURN-QC-OK,N,helpdesk,helpdesk,False,unique_record,rule2_single_source_record
TK-247560,2025-11-28 15:14,,open,chat,C107275,VR907112,VR907112,quoted_valid,VA-EB-PL2,Delivery & Shipping,High,Logistics,A3030,0,3.0,3149.0,3149.0,GW-OTHER,N,helpdesk,helpdesk,False,unique_record,rule2_single_source_record
TK-247568,2025-11-28 16:37,2025-11-29 22:51,resolved,email,C107845,VR896562,VR896562,quoted_valid,VA-EB-AIR,Warranty & Repair,Low,Escalations & Warranty,A3041,0,4.0,1439.0,1439.0,GW-OTHER,Y,helpdesk,helpdesk,False,unique_record,rule2_single_source_record
TK-247574,2025-11-28 18:48,2025-11-28 19:11,resolved,chat,C101398,,VR898913,fallback_single,VA-SW-FIT,Returns & Refunds,Normal,Returns Desk,A3036,0,,1999.0,1999.0,WTY-BUYBACK,N,helpdesk,helpdesk,False,unique_record,rule2_single_source_record
TK-247584,2025-11-28 21:13,2025-11-28 21:50,resolved,chat,C101807,VR895455,VR895455,quoted_valid,VA-SW-NX2,Billing & Payments,High,Billing,A3035,0,3.0,975.0,975.0,GW-OTHER,N,helpdesk,helpdesk,False,unique_record,rule2_single_source_record
TK-247587,2025-11-28 22:07,2025-11-30 22:52,resolved,chat,C102246,VR881136,VR881136,quoted_valid,VA-EB-PL2,Returns & Refunds,Normal,Returns Desk,A3037,0,2.0,2799.0,2799.0,RETURN-QC-OK,N,helpdesk,helpdesk,False,unique_record,rule2_single_source_record
TK-247590,2025-11-28 23:54,2025-11-30 07:06,resolved,email,C100074,VR885394,VR885394,quoted_valid,VA-EB-AIR,Returns & Refunds,Normal,Returns Desk,A3037,0,5.0,306.0,306.0,RETURN-QC-OK,N,helpdesk,helpdesk,False,unique_record,rule2_single_source_record
TK-247599,2025-11-29 08:27,2025-11-29 10:01,closed,social,C104159,VR909689,VR909689,quoted_valid,VA-AC-CASE,Billing & Payments,High,Billing,A3033,0,3.0,520.0,520.0,DUP-PAYMENT,N,helpdesk,helpdesk,False,unique_record,rule2_single_source_record
TK-247603,2025-11-29 09:52,2025-11-29 10:44,resolved,voice,C101183,VR907594,VR907594,quoted_valid,VA-EB-AIR,Billing & Payments,High,Billing,A3034,0,5.0,1799.0,1799.0,DUP-PAYMENT,N,helpdesk,helpdesk,False,unique_record,rule2_single_source_record
TK-247606,2025-11-29 10:35,2025-11-29 11:28,resolved,voice,C104999,VR896276,VR896276,quoted_valid,VA-EB-PL2,Billing & Payments,High,Billing,A3033,0,3.0,525.0,525.0,DUP-PAYMENT,N,helpdesk,helpdesk,False,unique_record,rule2_single_source_record
TK-247607,2025-11-29 10:38,2025-11-29 11:09,resolved,chat,C100833,,VR881159,fallback_single,VA-EB-AIR,Billing & Payments,Normal,Billing,A3032,0,,1439.0,1439.0,DUP-PAYMENT,N,helpdesk,helpdesk,False,unique_record,rule2_single_source_record
TK-247610,2025-11-29 12:38,2025-11-30 14:29,closed,email,C103797,VR891560,VR891560,quoted_valid,VA-EB-PL2,Returns & Refunds,Low,Returns Desk,A3036,0,,2974.0,2974.0,GW-OTHER,N,helpdesk,helpdesk,False,unique_record,rule2_single_source_record
TK-247621,2025-11-29 17:49,2025-11-29 20:11,closed,email,C108345,VR894277,VR894277,quoted_valid,VA-HP-ST2,Returns & Refunds,Normal,Returns Desk,A3036,0,,4999.0,4999.0,GW-OTHER,Y,helpdesk,helpdesk,False,unique_record,rule2_single_source_record
TK-247623,2025-11-29 18:48,2025-11-29 19:27,resolved,chat,C107277,VR880587,VR880587,quoted_valid,VA-EB-PL2,Delivery & Shipping,Normal,Logistics,A3030,0,3.0,3149.0,3149.0,DOA-REPL,N,helpdesk,helpdesk,False,unique_record,rule2_single_source_record
TK-247627,2025-11-29 20:41,2025-12-05 05:21,resolved,social,C108310,,VR899800,fallback_single,VA-NB-ARC,Warranty & Repair,Normal,Escalations & Warranty,A3028,2,,1299.0,1299.0,WTY-BUYBACK,N,helpdesk,helpdesk,False,unique_record,rule2_single_source_record
TK-247629,2025-11-29 21:13,2025-12-01 21:32,resolved,chat,C109065,VR902049,VR902049,quoted_valid,VA-EB-PL2,Delivery & Shipping,High,Logistics,A3030,0,2.0,3499.0,3499.0,LOST-TRANSIT,N,helpdesk,helpdesk,False,unique_record,rule2_single_source_record
TK-247642,2025-11-30 08:52,2025-12-03 10:15,resolved,social,C101477,VR882242,VR882242,quoted_valid,VA-EB-PL2,Returns & Refunds,Normal,Returns Desk,A3037,0,3.0,1750.0,1750.0,GW-OTHER,N,helpdesk,helpdesk,False,unique_record,rule2_single_source_record
TK-247649,2025-11-30 11:20,,pending,email,C100155,VR901935,VR901935,quoted_valid,VA-EB-PL1,Delivery & Shipping,Normal,Logistics,A3030,0,,2249.0,2249.0,DOA-REPL,N,helpdesk,helpdesk,False,unique_record,rule2_single_source_record
TK-247652,2025-11-30 12:37,2025-12-03 14:05,resolved,voice,C107245,VR881357,VR881357,quoted_valid,VA-EB-PL1,Returns & Refunds,Normal,Returns Desk,A3037,0,3.0,425.0,425.0,RETURN-QC-OK,N,helpdesk,helpdesk,False,unique_record,rule2_single_source_record
TK-247653,2025-11-30 13:08,2025-11-30 14:22,resolved,email,C107838,VR884719,VR884719,quoted_valid,VA-SW-NX2,Billing & Payments,Normal,Billing,A3032,0,,6499.0,6499.0,RETURN-QC-OK,N,helpdesk,helpdesk,False,unique_record,rule2_single_source_record
TK-247661,2025-11-30 17:11,2025-11-30 18:16,resolved,voice,C106694,VR882515,VR882515,quoted_valid,VA-HP-ST3,Audio Quality,Normal,Voice Frontline,A3026,0,,6999.0,6999.0,GW-OTHER,N,helpdesk,helpdesk,False,unique_record,rule2_single_source_record
TK-247664,2025-11-30 17:42,2025-11-30 21:46,closed,social,C100455,VR893226,VR893226,quoted_valid,VA-EB-PL2,Returns & Refunds,Normal,Returns Desk,A3036,0,,3499.0,3499.0,GW-OTHER,N,helpdesk,helpdesk,False,unique_record,rule2_single_source_record
TK-247685,2025-12-01 08:21,2025-12-01 15:14,closed,email,C107526,VR894185,VR894185,quoted_valid,VA-EB-PL1,Delivery & Shipping,Normal,Logistics,A3030,0,,2499.0,2499.0,GW-OTHER,N,helpdesk,helpdesk,False,unique_record,rule2_single_source_record
TK-247689,2025-12-01 10:36,2025-12-03 11:11,closed,chat,C105910,,VR907037,fallback_single,VA-HP-ST2,Delivery & Shipping,Normal,Logistics,A3031,0,5.0,4499.0,4499.0,LOST-TRANSIT,N,helpdesk,helpdesk,False,unique_record,rule2_single_source_record
TK-247697,2025-12-01 17:49,2025-12-02 09:36,resolved,email,C100555,VR895637,VR895637,quoted_valid,VA-EB-PL2,Other,Normal,Email Frontline,A3019,0,,525.0,525.0,CANCEL,N,helpdesk,helpdesk,False,unique_record,rule2_single_source_record
TK-247699,2025-12-01 17:53,2025-12-03 18:21,resolved,chat,C107967,VR909062,VR909062,quoted_valid,VA-EB-PL1,Returns & Refunds,Normal,Returns Desk,A3036,0,4.0,2499.0,2499.0,RETURN-QC-OK,N,helpdesk,helpdesk,False,unique_record,rule2_single_source_record
TK-247702,2025-12-01 19:07,2025-12-01 19:35,resolved,chat,C103884,VR884315,VR884315,quoted_valid,VA-EB-PL2,Returns & Refunds,Normal,Returns Desk,A3036,0,,3324.0,3324.0,RETURN-QC-OK,N,helpdesk,helpdesk,False,unique_record,rule2_single_source_record
TK-247731,2025-12-02 15:42,2025-12-02 17:06,resolved,voice,C107738,,,ambiguous,VA-HP-ST3,Billing & Payments,High,Billing,A3035,0,,12598.0,12598.0,DUP-PAYMENT,N,helpdesk,helpdesk,False,unique_record,rule2_single_source_record
TK-247738,2025-12-02 19:08,2025-12-02 20:06,resolved,voice,C108038,VR882044,VR882044,quoted_valid,VA-AC-CASE,Other,Normal,Voice Frontline,A3026,0,,1299.0,1299.0,CANCEL,N,helpdesk,helpdesk,False,unique_record,rule2_single_source_record
TK-247752,2025-12-03 04:54,2025-12-03 05:17,resolved,chat,C100393,,,ambiguous,VA-SP-ORB,Billing & Payments,High,Billing,A3034,0,4.0,570.0,570.0,GW-OTHER,N,helpdesk,helpdesk,False,unique_record,rule2_single_source_record
TK-247763,2025-12-03 09:14,2025-12-04 10:23,resolved,voice,C108589,VR883623,VR883623,quoted_valid,VA-EB-PL2,Returns & Refunds,Normal,Returns Desk,A3038,0,2.0,525.0,525.0,GW-OTHER,N,helpdesk,helpdesk,False,unique_record,rule2_single_source_record
TK-247764,2025-12-03 09:59,2025-12-06 15:10,resolved,email,C100049,,VR888702,fallback_single,VA-SP-MINI,Billing & Payments,High,Billing,A3035,0,,2499.0,2499.0,GW-OTHER,N,helpdesk,helpdesk,False,unique_record,rule2_single_source_record
TK-247767,2025-12-03 11:40,2025-12-04 12:23,resolved,voice,C100239,VR885111,VR885111,quoted_valid,VA-EB-PL2,Returns & Refunds,Low,Returns Desk,A3038,0,3.0,3499.0,3499.0,GW-OTHER,N,helpdesk,helpdesk,False,unique_record,rule2_single_source_record
TK-247768,2025-12-03 12:48,2025-12-03 13:25,resolved,voice,C103422,VR901569,VR901569,quoted_valid,VA-EB-PL1,Billing & Payments,High,Billing,A3033,0,2.0,2249.0,2249.0,GW-OTHER,N,helpdesk,helpdesk,False,unique_record,rule2_single_source_record
TK-247785,2025-12-03 20:14,2025-12-04 22:02,resolved,email,C106130,,VR904351,fallback_single,VA-EB-PL2,Delivery & Shipping,Normal,Logistics,A3030,0,,2974.0,2974.0,RETURN-QC-OK,N,helpdesk,helpdesk,False,unique_record,rule2_single_source_record
TK-247787,2025-12-03 21:29,2025-12-05 23:52,resolved,social,C108994,VR890172,VR890172,quoted_valid,VA-SW-NX2,Returns & Refunds,Normal,Returns Desk,A3038,0,2.0,12998.0,12998.0,RETURN-QC-OK,N,helpdesk,helpdesk,False,unique_record,rule2_single_source_record
TK-247790,2025-12-03 21:59,,pending,chat,C102495,VR891057,VR891057,quoted_valid,VA-EB-PL1,Billing & Payments,High,Billing,A3033,0,4.0,2499.0,2499.0,RETURN-QC-OK,N,helpdesk,helpdesk,False,unique_record,rule2_single_source_record
TK-247823,2025-12-04 17:56,2025-12-05 07:39,resolved,email,C104018,VR886489,VR886489,quoted_valid,VA-NB-ARC,Charging & Battery,Normal,Email Frontline,A3022,0,3.0,117.0,117.0,GW-OTHER,N,helpdesk,helpdesk,False,unique_record,rule2_single_source_record
TK-247826,2025-12-04 19:22,2025-12-04 20:48,resolved,social,C101250,,VR909585,fallback_single,VA-AC-CASE,Billing & Payments,Normal,Billing,A3035,0,4.0,1104.0,1104.0,DUP-PAYMENT,N,helpdesk,helpdesk,False,unique_record,rule2_single_source_record
TK-247827,2025-12-04 19:30,2025-12-06 20:52,resolved,social,C106921,VR896994,VR896994,quoted_valid,VA-EB-PL1,Returns & Refunds,High,Returns Desk,A3036,0,3.0,2499.0,2499.0,RETURN-QC-OK,N,helpdesk,helpdesk,False,unique_record,rule2_single_source_record
TK-247828,2025-12-04 19:39,2025-12-04 22:04,resolved,voice,C102389,,VR902893,fallback_single,VA-NB-ARC,Audio Quality,Low,Voice Frontline,A3026,0,,1104.0,1104.0,GW-OTHER,N,helpdesk,helpdesk,False,unique_record,rule2_single_source_record
TK-247836,2025-12-04 21:59,2025-12-04 22:32,resolved,chat,C102920,VR904002,VR904002,quoted_valid,VA-SP-ORB,Other,Normal,Chat Frontline,A3015,0,,5999.0,5999.0,GW-OTHER,N,helpdesk,helpdesk,False,unique_record,rule2_single_source_record
TK-247844,2025-12-05 09:28,2025-12-05 10:17,resolved,email,C101250,,,ambiguous,VA-EB-PL2,Connectivity,Normal,Email Frontline,A3021,0,4.0,2799.0,2799.0,GW-OTHER,N,helpdesk,helpdesk,False,unique_record,rule2_single_source_record
TK-247849,2025-12-05 10:46,2025-12-05 11:23,resolved,chat,C106807,VR881176,VR881176,quoted_valid,VA-SW-NX1,Billing & Payments,Normal,Billing,A3033,0,4.0,3999.0,3999.0,GW-OTHER,N,helpdesk,helpdesk,False,unique_record,rule2_single_source_record
TK-247853,2025-12-05 10:53,2025-12-07 12:02,resolved,email,C104312,,VR887361,fallback_single,VA-SW-FIT,Billing & Payments,Normal,Billing,A3033,0,,1699.0,1699.0,RETURN-QC-OK,N,helpdesk,helpdesk,False,unique_record,rule2_single_source_record
TK-247854,2025-12-05 11:02,2025-12-06 12:06,resolved,social,C100543,,VR888232,fallback_single,VA-SW-NX2,Returns & Refunds,High,Returns Desk,A3038,0,,6499.0,6499.0,GW-OTHER,N,helpdesk,helpdesk,False,unique_record,rule2_single_source_record
TK-247862,2025-12-05 12:31,2025-12-07 13:30,resolved,voice,C108461,,VR892596,fallback_single,VA-SW-NX1,Returns & Refunds,Normal,Returns Desk,A3038,0,5.0,500.0,500.0,RETURN-QC-OK,N,helpdesk,helpdesk,False,unique_record,rule2_single_source_record
TK-247867,2025-12-05 16:14,2025-12-07 16:53,resolved,voice,C105305,,,ambiguous,VA-EB-PL2,Returns & Refunds,Normal,Returns Desk,A3036,0,4.0,472.0,472.0,RETURN-QC-OK,N,helpdesk,helpdesk,False,unique_record,rule2_single_source_record
TK-247876,2025-12-05 22:10,2025-12-05 22:51,resolved,chat,C100637,VR897293,VR897293,quoted_valid,VA-EB-AIR,Billing & Payments,Normal,Billing,A3032,0,,1709.0,1709.0,DUP-PAYMENT,N,helpdesk,helpdesk,False,unique_record,rule2_single_source_record
TK-247882,2025-12-06 09:34,2025-12-06 09:48,resolved,chat,C108913,,,ambiguous,VA-EB-PL2,Other,Normal,Chat Frontline,A3010,0,,2799.0,2799.0,GW-OTHER,N,helpdesk,helpdesk,False,unique_record,rule2_single_source_record
TK-247885,2025-12-06 10:57,2025-12-09 11:24,resolved,chat,C104580,VR891953,VR891953,quoted_valid,VA-EB-AIR,Delivery & Shipping,Low,Logistics,A3031,0,,3418.0,3418.0,RETURN-QC-OK,N,helpdesk,helpdesk,False,unique_record,rule2_single_source_record
TK-247895,2025-12-06 14:59,2025-12-06 16:54,closed,email,C107056,,,ambiguous,VA-EB-PL2,Other,High,Email Frontline,A3018,0,,3499.0,3499.0,WTY-BUYBACK,N,helpdesk,helpdesk,False,unique_record,rule2_single_source_record
TK-247905,2025-12-06 18:55,2025-12-07 00:19,resolved,email,C105509,,VR903127,fallback_single,VA-EB-PL1,Billing & Payments,High,Billing,A3032,2,4.0,237.0,237.0,GW-OTHER,N,helpdesk,helpdesk,False,unique_record,rule2_single_source_record
TK-247906,2025-12-06 19:02,2025-12-06 20:24,resolved,voice,C109285,VR900986,VR900986,quoted_valid,VA-HP-ST2,Other,Normal,Voice Frontline,A3026,0,,4749.0,4749.0,DUP-PAYMENT,N,helpdesk,helpdesk,False,unique_record,rule2_single_source_record
TK-247908,2025-12-06 20:34,2025-12-09 21:08,resolved,chat,C101072,,VR891382,fallback_single,VA-EB-PL2,Returns & Refunds,Normal,Returns Desk,A3036,0,4.0,3149.0,3149.0,RETURN-QC-OK,N,helpdesk,helpdesk,False,unique_record,rule2_single_source_record
TK-247918,2025-12-07 09:14,2025-12-08 10:59,resolved,social,C106833,VR893534,VR893534,quoted_valid,VA-NB-ARC,Returns & Refunds,Normal,Returns Desk,A3037,0,4.0,1039.0,1039.0,RETURN-QC-OK,N,helpdesk,helpdesk,False,unique_record,rule2_single_source_record
TK-247933,2025-12-07 19:25,2025-12-07 21:33,resolved,voice,C101427,VR890543,VR890543,quoted_valid,VA-EB-AIR,Audio Quality,Normal,Voice Frontline,A3026,0,,1619.0,1619.0,WTY-BUYBACK,Y,helpdesk,helpdesk,False,unique_record,rule2_single_source_record
TK-247935,2025-12-07 21:35,2025-12-07 22:22,resolved,chat,C108844,VR904553,VR904553,quoted_valid,VA-EB-PL2,Audio Quality,Normal,Chat Frontline,A3015,0,,3499.0,3499.0,DOA-REPL,N,helpdesk,helpdesk,False,unique_record,rule2_single_source_record
TK-247941,2025-12-07 21:39,2025-12-08 00:03,resolved,voice,C104804,,VR905264,fallback_single,VA-HP-ST3,Connectivity,Normal,Voice Frontline,A3002,0,3.0,6299.0,6299.0,GW-OTHER,Y,helpdesk,helpdesk,False,unique_record,rule2_single_source_record
TK-247945,2025-12-07 22:59,2025-12-07 23:15,resolved,chat,C103331,VR906145,VR906145,quoted_valid,VA-HP-ST3,Other,Normal,Chat Frontline,A3002,0,4.0,6299.0,6299.0,GW-OTHER,N,helpdesk,helpdesk,False,unique_record,rule2_single_source_record
TK-247955,2025-12-08 08:57,2025-12-08 18:27,resolved,email,C107316,VR894970,VR894970,quoted_valid,VA-SP-MINI,Billing & Payments,High,Billing,A3035,0,,2499.0,2499.0,PRICE-ADJ,N,helpdesk,helpdesk,False,unique_record,rule2_single_source_record
TK-247956,2025-12-08 09:01,2025-12-10 09:44,closed,chat,C107693,VR884769,VR884769,quoted_valid,VA-SP-ORB,Billing & Payments,High,Billing,A3032,0,4.0,5699.0,5699.0,RETURN-QC-OK,N,helpdesk,helpdesk,False,unique_record,rule2_single_source_record
TK-247957,2025-12-08 09:52,2025-12-11 10:30,resolved,chat,C101659,,,ambiguous,VA-SW-FIT,Returns & Refunds,Normal,Returns Desk,A3037,0,,270.0,270.0,RETURN-QC-OK,N,helpdesk,helpdesk,False,unique_record,rule2_single_source_record
TK-247959,2025-12-08 10:35,2025-12-08 12:06,resolved,voice,C103273,,,ambiguous,VA-EB-PL2,Billing & Payments,Normal,Billing,A3034,0,,1487.0,1487.0,GW-OTHER,N,helpdesk,helpdesk,False,unique_record,rule2_single_source_record
TK-247961,2025-12-08 11:25,2025-12-11 11:44,closed,chat,C108204,VR899407,VR899407,quoted_valid,VA-EB-PL2,Returns & Refunds,Normal,Returns Desk,A3037,0,3.0,3499.0,3499.0,GW-OTHER,Y,helpdesk,helpdesk,False,unique_record,rule2_single_source_record
TK-247969,2025-12-08 12:37,2025-12-08 13:13,resolved,chat,C100467,VR907000,VR907000,quoted_valid,VA-SW-NX2,Connectivity,Normal,Chat Frontline,A3007,0,3.0,6499.0,6499.0,GW-OTHER,Y,helpdesk,helpdesk,False,unique_record,rule2_single_source_record
TK-247979,2025-12-08 15:12,2025-12-08 18:17,resolved,email,C103234,VR899073,VR899073,quoted_valid,VA-HP-ST2,Audio Quality,High,Email Frontline,A3018,0,,425.0,425.0,WTY-BUYBACK,N,helpdesk,helpdesk,False,unique_record,rule2_single_source_record
TK-247981,2025-12-08 15:37,2025-12-09 00:14,closed,email,C105818,VR885236,VR885236,quoted_valid,VA-SW-NX1,Billing & Payments,Normal,Billing,A3032,0,2.0,4999.0,4999.0,GW-OTHER,N,helpdesk,helpdesk,False,unique_record,rule2_single_source_record
TK-247997,2025-12-09 08:37,2025-12-09 10:03,resolved,voice,C101974,,VR900421,fallback_single,VA-SP-MINI,Other,Normal,Voice Frontline,A3025,0,,2499.0,2499.0,GW-OTHER,Y,helpdesk,helpdesk,False,unique_record,rule2_single_source_record
TK-248002,2025-12-09 10:49,2025-12-11 15:18,resolved,email,C100448,VR898613,VR898613,quoted_valid,VA-EB-AIR,Returns & Refunds,High,Returns Desk,A3031,1,2.0,1799.0,1799.0,RETURN-QC-OK,N,helpdesk,helpdesk,False,unique_record,rule2_single_source_record
TK-248011,2025-12-09 15:00,,open,voice,C105524,,,ambiguous,VA-EB-PL2,Returns & Refunds,Low,Returns Desk,A3031,1,4.0,525.0,525.0,GW-OTHER,N,helpdesk,helpdesk,False,unique_record,rule2_single_source_record
TK-248012,2025-12-09 15:37,2025-12-09 16:40,resolved,email,C101658,,VR881640,fallback_single,VA-EB-AIR,Billing & Payments,Normal,Billing,A3035,0,3.0,1799.0,1799.0,DUP-PAYMENT,N,helpdesk,helpdesk,False,unique_record,rule2_single_source_record
TK-248021,2025-12-09 17:48,2025-12-09 19:52,closed,email,C109314,,VR899920,fallback_single,VA-EB-PL2,Returns & Refunds,Normal,Returns Desk,A3036,0,,3499.0,3499.0,RETURN-QC-OK,N,helpdesk,helpdesk,False,unique_record,rule2_single_source_record
TK-248027,2025-12-09 20:22,2025-12-12 23:15,resolved,social,C103238,VR901053,VR901053,quoted_valid,VA-AC-CBL,Returns & Refunds,Normal,Returns Desk,A3037,0,,200.0,200.0,RETURN-QC-OK,N,helpdesk,helpdesk,False,unique_record,rule2_single_source_record
TK-248033,2025-12-09 21:49,2025-12-11 22:06,resolved,chat,C101720,VR900011,VR900011,quoted_valid,VA-EB-PL2,Returns & Refunds,Normal,Returns Desk,A3036,0,1.0,630.0,630.0,RETURN-QC-OK,N,helpdesk,helpdesk,False,unique_record,rule2_single_source_record
TK-248044,2025-12-10 11:49,2025-12-10 16:44,resolved,email,C100543,,VR888232,fallback_single,VA-SW-NX2,Billing & Payments,Low,Billing,A3035,0,,6499.0,6499.0,DUP-PAYMENT,N,helpdesk,helpdesk,False,unique_record,rule2_single_source_record
TK-248063,2025-12-10 17:07,,open,chat,C103379,VR886076,VR886076,quoted_valid,VA-AC-CASE,Billing & Payments,High,Billing,A3035,0,3.0,1299.0,1299.0,DUP-PAYMENT,N,helpdesk,helpdesk,False,unique_record,rule2_single_source_record
TK-248068,2025-12-10 20:41,2025-12-10 23:30,resolved,email,C100591,VR891820,VR891820,quoted_valid,VA-SP-MINI,Billing & Payments,High,Billing,A3033,0,,2499.0,2499.0,PRICE-ADJ,N,helpdesk,helpdesk,False,unique_record,rule2_single_source_record
TK-248070,2025-12-10 21:39,2025-12-11 23:50,closed,email,C105840,VR886122,VR886122,quoted_valid,VA-EB-PL2,Returns & Refunds,High,Returns Desk,A3038,0,,3499.0,3499.0,GW-OTHER,N,helpdesk,helpdesk,False,unique_record,rule2_single_source_record
TK-248071,2025-12-10 22:06,2025-12-10 22:58,resolved,chat,C107051,VR895679,VR895679,quoted_valid,VA-SW-NX2,Other,Normal,Chat Frontline,A3021,1,,6174.0,6174.0,GW-OTHER,N,helpdesk,helpdesk,False,unique_record,rule2_single_source_record
TK-248074,2025-12-11 00:25,2025-12-12 00:40,closed,chat,C108864,VR907982,VR907982,quoted_valid,VA-EB-PL2,Returns & Refunds,High,Returns Desk,A3038,0,,297.0,297.0,GW-OTHER,N,helpdesk,helpdesk,False,unique_record,rule2_single_source_record
TK-248078,2025-12-11 09:18,2025-12-12 09:45,resolved,chat,C105159,,VR893787,fallback_single,VA-EB-PL1,Delivery & Shipping,Low,Logistics,A3028,0,,475.0,475.0,RETURN-QC-OK,N,helpdesk,helpdesk,False,unique_record,rule2_single_source_record
TK-248082,2025-12-11 10:36,2025-12-11 11:50,resolved,email,C103727,VR886568,VR886568,quoted_valid,VA-EB-PL2,Charging & Battery,Low,Email Frontline,A3022,0,4.0,3499.0,3499.0,GW-OTHER,Y,helpdesk,helpdesk,False,unique_record,rule2_single_source_record
TK-248089,2025-12-11 15:15,2025-12-11 19:10,closed,email,C105087,,VR894450,fallback_single,VA-EB-AIR,Billing & Payments,Normal,Billing,A3035,0,4.0,1799.0,1799.0,DUP-PAYMENT,N,helpdesk,helpdesk,False,unique_record,rule2_single_source_record
TK-248095,2025-12-11 17:51,2025-12-11 18:21,resolved,chat,C103379,VR886076,VR886076,quoted_valid,VA-AC-CASE,Delivery & Shipping,Normal,Logistics,A3030,0,3.0,1299.0,1299.0,LOST-TRANSIT,N,helpdesk,helpdesk,False,unique_record,rule2_single_source_record
TK-248103,2025-12-11 20:30,2025-12-11 20:55,resolved,voice,C103667,VR905641,VR905641,quoted_valid,VA-EB-PL2,Billing & Payments,Normal,Billing,A3035,0,,630.0,630.0,GW-OTHER,N,helpdesk,helpdesk,False,unique_record,rule2_single_source_record
TK-248104,2025-12-11 21:19,2025-12-11 21:37,resolved,chat,C101749,VR881337,VR881337,quoted_valid,VA-EB-PL2,Other,Normal,Chat Frontline,A3015,0,,560.0,560.0,GW-OTHER,N,helpdesk,helpdesk,False,unique_record,rule2_single_source_record
TK-248110,2025-12-11 23:53,2025-12-12 01:58,resolved,email,C100307,VR901909,VR901909,quoted_valid,VA-EB-PL2,Charging & Battery,Normal,Email Frontline,A3017,0,3.0,472.0,472.0,WTY-BUYBACK,N,helpdesk,helpdesk,False,unique_record,rule2_single_source_record
TK-248113,2025-12-12 07:58,2025-12-19 09:50,resolved,chat,C105673,VR900803,VR900803,quoted_valid,VA-SP-MINI,Connectivity,Normal,Chat Frontline,A3043,1,,1999.0,1999.0,DOA-REPL,N,helpdesk,helpdesk,False,unique_record,rule2_single_source_record
TK-248116,2025-12-12 09:36,2025-12-12 09:51,resolved,chat,C102037,,VR901009,fallback_single,VA-EB-PL1,Other,Normal,Chat Frontline,A3010,0,,500.0,500.0,CANCEL,N,helpdesk,helpdesk,False,unique_record,rule2_single_source_record
TK-248130,2025-12-12 15:18,2025-12-15 17:31,resolved,email,C103667,VR905641,VR905641,quoted_valid,VA-EB-PL2,Returns & Refunds,Normal,Returns Desk,A3036,0,3.0,315.0,315.0,RETURN-QC-OK,N,helpdesk,helpdesk,False,unique_record,rule2_single_source_record
TK-248132,2025-12-12 15:40,2025-12-14 16:11,resolved,voice,C104556,VR882775,VR882775,quoted_valid,VA-SW-NX2,Returns & Refunds,Normal,Returns Desk,A3036,0,5.0,6174.0,6174.0,RETURN-QC-OK,N,helpdesk,helpdesk,False,unique_record,rule2_single_source_record
TK-248138,2025-12-12 19:15,2025-12-12 19:48,resolved,chat,C101749,VR881337,VR881337,quoted_valid,VA-EB-PL2,Other,Normal,Chat Frontline,A3014,0,,2799.0,2799.0,GW-OTHER,N,helpdesk,helpdesk,False,unique_record,rule2_single_source_record
TK-248141,2025-12-12 20:10,2025-12-20 21:34,resolved,voice,C101477,VR882242,VR882242,quoted_valid,VA-EB-PL2,Warranty & Repair,Normal,Escalations & Warranty,A3015,1,,3499.0,3499.0,GW-OTHER,N,helpdesk,helpdesk,False,unique_record,rule2_single_source_record
TK-248145,2025-12-12 22:48,2025-12-12 23:30,resolved,chat,C101547,VR881736,VR881736,quoted_valid,VA-EB-PL2,Delivery & Shipping,Normal,Logistics,A3027,0,2.0,350.0,350.0,GW-OTHER,N,helpdesk,helpdesk,False,unique_record,rule2_single_source_record
TK-248147,2025-12-13 00:46,2025-12-13 03:44,resolved,email,C102637,VR903697,VR903697,quoted_valid,VA-EB-PL2,Billing & Payments,High,Billing,A3032,0,4.0,3499.0,3499.0,DUP-PAYMENT,N,helpdesk,helpdesk,False,unique_record,rule2_single_source_record
TK-248156,2025-12-13 10:26,2025-12-13 10:45,resolved,chat,C103314,,VR895019,fallback_single,VA-EB-PL2,Other,Normal,Chat Frontline,A3006,0,4.0,2974.0,2974.0,CANCEL,N,helpdesk,helpdesk,False,unique_record,rule2_single_source_record
TK-248158,2025-12-13 10:30,2025-12-13 11:09,resolved,chat,C102638,VR888256,VR888256,quoted_valid,VA-SW-NX2,Billing & Payments,High,Billing,A3034,0,2.0,2600.0,2600.0,DUP-PAYMENT,N,helpdesk,helpdesk,False,unique_record,rule2_single_source_record
TK-248161,2025-12-13 11:50,2025-12-15 13:40,resolved,voice,C103673,VR900228,VR900228,quoted_valid,VA-EB-PL2,Billing & Payments,High,Billing,A3032,0,3.0,3149.0,3149.0,GW-OTHER,N,helpdesk,helpdesk,False,unique_record,rule2_single_source_record
TK-248168,2025-12-13 13:33,2025-12-13 13:53,resolved,chat,C108046,VR882290,VR882290,quoted_valid,VA-SW-NX2,Returns & Refunds,Normal,Returns Desk,A3037,0,4.0,6174.0,6174.0,RETURN-QC-OK,N,helpdesk,helpdesk,False,unique_record,rule2_single_source_record
TK-248180,2025-12-13 19:28,2025-12-16 00:08,resolved,email,C108670,VR882869,VR882869,quoted_valid,VA-SP-ORB,Returns & Refunds,Low,Returns Desk,A3038,0,,3000.0,3000.0,RETURN-QC-OK,N,helpdesk,helpdesk,False,unique_record,rule2_single_source_record
TK-248181,2025-12-13 19:35,2025-12-13 23:08,resolved,social,C109228,VR903100,VR903100,quoted_valid,VA-EB-PL2,Billing & Payments,High,Billing,A3032,0,3.0,3149.0,3149.0,DUP-PAYMENT,N,helpdesk,helpdesk,False,unique_record,rule2_single_source_record
TK-248183,2025-12-13 21:16,2025-12-14 21:46,resolved,voice,C101447,VR881391,VR881391,quoted_valid,VA-AC-CASE,Returns & Refunds,Normal,Returns Desk,A3036,0,,234.0,234.0,GW-OTHER,N,helpdesk,helpdesk,False,unique_record,rule2_single_source_record
TK-248187,2025-12-13 22:31,2025-12-14 08:49,resolved,email,C107416,VR893401,VR893401,quoted_valid,VA-EB-PL2,Delivery & Shipping,Normal,Logistics,A3031,0,,350.0,350.0,CANCEL,N,helpdesk,helpdesk,False,unique_record,rule2_single_source_record
TK-248190,2025-12-14 01:18,2025-12-14 01:40,resolved,chat,C109228,VR903100,VR903100,quoted_valid,VA-EB-PL2,Billing & Payments,High,Billing,A3032,0,5.0,3149.0,3149.0,GW-OTHER,N,helpdesk,helpdesk,False,unique_record,rule2_single_source_record
TK-248196,2025-12-14 12:27,,open,chat,C103312,VR906861,VR906861,quoted_valid,VA-HP-ST3,Other,Normal,Chat Frontline,A3006,0,4.0,1260.0,1260.0,CANCEL,N,helpdesk,helpdesk,False,unique_record,rule2_single_source_record
TK-248203,2025-12-14 15:18,2025-12-14 15:43,resolved,voice,C104917,,VR890539,fallback_single,VA-AC-CBL,Billing & Payments,High,Billing,A3035,0,3.0,379.0,379.0,DUP-PAYMENT,N,helpdesk,helpdesk,False,unique_record,rule2_single_source_record
TK-248212,2025-12-14 23:21,,open,chat,C101942,VR882292,VR882292,quoted_valid,VA-SW-NX2,Returns & Refunds,Normal,Returns Desk,A3038,0,2.0,1040.0,1040.0,RETURN-QC-OK,N,helpdesk,helpdesk,False,unique_record,rule2_single_source_record
TK-248213,2025-12-15 01:31,2025-12-15 10:36,resolved,email,C103685,,,ambiguous,VA-EB-PL2,Other,Normal,Email Frontline,A3019,0,,700.0,700.0,GW-OTHER,N,helpdesk,helpdesk,False,unique_record,rule2_single_source_record
TK-248230,2025-12-15 18:05,2025-12-17 18:49,resolved,chat,C102492,VR901068,VR901068,quoted_valid,VA-SP-ORB,Returns & Refunds,Normal,Returns Desk,A3036,0,,4799.0,4799.0,GW-OTHER,N,helpdesk,helpdesk,False,unique_record,rule2_single_source_record
TK-248232,2025-12-15 21:39,2025-12-15 22:05,resolved,chat,C105060,VR908021,VR908021,quoted_valid,VA-SP-MINI,Other,Normal,Chat Frontline,A3012,0,4.0,1999.0,1999.0,CANCEL,N,helpdesk,helpdesk,False,unique_record,rule2_single_source_record
TK-248237,2025-12-16 12:23,2025-12-18 15:01,resolved,email,C108520,,,ambiguous,VA-EB-PL2,Returns & Refunds,Normal,Returns Desk,A3036,0,,3499.0,3499.0,GW-OTHER,N,helpdesk,helpdesk,False,unique_record,rule2_single_source_record
TK-248247,2025-12-16 18:30,2025-12-16 18:51,resolved,voice,C108856,VR909410,VR909410,quoted_valid,VA-EB-PL1,Other,Normal,Voice Frontline,A3026,0,,2124.0,2124.0,CANCEL,N,helpdesk,helpdesk,False,unique_record,rule2_single_source_record
TK-248252,2025-12-16 20:42,2025-12-16 21:11,closed,voice,C108004,VR893444,VR893444,quoted_valid,VA-EB-PL1,Connectivity,Normal,Voice Frontline,A3026,0,,2499.0,2499.0,GW-OTHER,Y,helpdesk,helpdesk,False,unique_record,rule2_single_source_record
TK-248262,2025-12-17 10:51,2025-12-17 12:49,closed,social,C107316,VR894970,VR894970,quoted_valid,VA-SP-MINI,Delivery & Shipping,High,Logistics,A3028,0,4.0,375.0,375.0,GW-OTHER,N,helpdesk,helpdesk,False,unique_record,rule2_single_source_record
TK-248263,2025-12-17 10:55,2025-12-20 16:57,resolved,email,C104220,,VR907615,fallback_single,VA-NB-ARC,Returns & Refunds,Normal,Returns Desk,A3036,0,4.0,1169.0,1169.0,RETURN-QC-OK,N,helpdesk,helpdesk,False,unique_record,rule2_single_source_record
TK-248267,2025-12-17 11:56,2025-12-17 12:54,resolved,email,C103184,VR898351,VR898351,quoted_valid,VA-HP-ST3,App & Firmware,Normal,Email Frontline,A3021,0,,6649.0,6649.0,WTY-BUYBACK,N,helpdesk,helpdesk,False,unique_record,rule2_single_source_record
TK-248268,2025-12-17 11:56,2025-12-20 12:12,resolved,chat,C102037,,VR901009,fallback_single,VA-EB-PL1,Other,Normal,Chat Frontline,A3013,0,3.0,2499.0,2499.0,DOA-REPL,N,helpdesk,helpdesk,False,unique_record,rule2_single_source_record
TK-248270,2025-12-17 12:12,2025-12-17 20:20,resolved,social,C100089,VR909099,VR909099,quoted_valid,VA-EB-PL2,Billing & Payments,High,Billing,A3035,0,4.0,3324.0,3324.0,GW-OTHER,N,helpdesk,helpdesk,False,unique_record,rule2_single_source_record
TK-248274,2025-12-17 16:16,,pending,chat,C101056,VR883264,VR883264,quoted_valid,VA-AC-CASE,Delivery & Shipping,Normal,Logistics,A3030,0,3.0,1299.0,1299.0,RETURN-QC-OK,N,helpdesk,helpdesk,False,unique_record,rule2_single_source_record
TK-248279,2025-12-17 18:46,2025-12-20 19:19,resolved,chat,C107665,VR897948,VR897948,quoted_valid,VA-EB-AIR,Returns & Refunds,Normal,Returns Desk,A3036,0,,1799.0,1799.0,RETURN-QC-OK,N,helpdesk,helpdesk,False,unique_record,rule2_single_source_record
TK-248280,2025-12-17 19:44,2025-12-20 02:01,resolved,email,C105704,VR899230,VR899230,quoted_valid,VA-AC-CASE,Delivery & Shipping,High,Logistics,A3029,0,3.0,1039.0,1039.0,RETURN-QC-OK,N,helpdesk,helpdesk,False,unique_record,rule2_single_source_record
TK-248288,2025-12-17 22:15,2025-12-17 22:45,resolved,chat,C107871,VR909022,VR909022,quoted_valid,VA-HP-ST3,Returns & Refunds,Normal,Returns Desk,A3038,0,4.0,6649.0,6649.0,GW-OTHER,N,helpdesk,helpdesk,False,unique_record,rule2_single_source_record
TK-248300,2025-12-18 15:46,2025-12-19 04:25,resolved,email,C108756,VR893771,VR893771,quoted_valid,VA-EB-PL2,Other,Normal,Email Frontline,A3002,0,3.0,2974.0,2974.0,CANCEL,N,helpdesk,helpdesk,False,unique_record,rule2_single_source_record
TK-248306,2025-12-18 17:59,2025-12-18 19:01,resolved,voice,C101072,,,ambiguous,VA-EB-AIR,Charging & Battery,Normal,Voice Frontline,A3026,0,,1799.0,1799.0,GW-OTHER,N,helpdesk,helpdesk,False,unique_record,rule2_single_source_record
TK-248314,2025-12-18 22:23,2025-12-19 13:31,resolved,email,C102467,,VR903986,fallback_single,VA-EB-PL2,Billing & Payments,High,Billing,A3033,0,,3149.0,3149.0,DUP-PAYMENT,N,helpdesk,helpdesk,False,unique_record,rule2_single_source_record
TK-248319,2025-12-19 07:48,2025-12-19 08:09,resolved,chat,C106828,VR903670,VR903670,quoted_valid,VA-EB-PL2,Audio Quality,Normal,Chat Frontline,A3007,1,,3324.0,3324.0,WTY-BUYBACK,Y,helpdesk,helpdesk,False,unique_record,rule2_single_source_record
TK-248322,2025-12-19 08:27,2025-12-19 08:40,resolved,chat,C105438,,VR895706,fallback_single,VA-EB-AIR,Billing & Payments,Normal,Billing,A3033,0,4.0,1709.0,1709.0,GW-OTHER,N,helpdesk,helpdesk,False,unique_record,rule2_single_source_record
TK-248327,2025-12-19 09:54,2025-12-21 10:44,resolved,voice,C101511,VR881307,VR881307,quoted_valid,VA-EB-PL2,Delivery & Shipping,High,Logistics,A3027,0,,2974.0,2974.0,GW-OTHER,N,helpdesk,helpdesk,False,unique_record,rule2_single_source_record
TK-248329,2025-12-19 10:21,2025-12-19 14:20,resolved,email,C102313,VR907017,VR907017,quoted_valid,VA-EB-AIR,Returns & Refunds,Low,Returns Desk,A3037,0,,1529.0,1529.0,RETURN-QC-OK,N,helpdesk,helpdesk,False,unique_record,rule2_single_source_record
TK-248338,2025-12-19 15:29,2025-12-19 16:01,resolved,chat,C107867,VR901099,VR901099,quoted_valid,VA-EB-PL2,Returns & Refunds,Normal,Returns Desk,A3027,1,4.0,3499.0,3499.0,RETURN-QC-OK,N,helpdesk,helpdesk,False,unique_record,rule2_single_source_record
TK-248342,2025-12-19 18:03,2025-12-20 19:16,resolved,voice,C107579,VR885021,VR885021,quoted_valid,VA-EB-PL2,Returns & Refunds,Low,Returns Desk,A3036,0,,6998.0,6998.0,GW-OTHER,N,helpdesk,helpdesk,False,unique_record,rule2_single_source_record
TK-248345,2025-12-19 18:34,2025-12-19 21:44,resolved,email,C101826,,VR881714,fallback_single,VA-EB-AIR,Billing & Payments,High,Billing,A3009,1,,1709.0,1709.0,GW-OTHER,N,helpdesk,helpdesk,False,unique_record,rule2_single_source_record
TK-248349,2025-12-19 20:53,2025-12-21 21:34,resolved,chat,C106822,VR888988,VR888988,quoted_valid,VA-EB-AIR,Returns & Refunds,Low,Returns Desk,A3036,0,3.0,1799.0,1799.0,RETURN-QC-OK,N,helpdesk,helpdesk,False,unique_record,rule2_single_source_record
TK-248352,2025-12-19 22:08,2025-12-19 22:37,resolved,chat,C109405,VR889940,VR889940,quoted_valid,VA-HP-ST3,Audio Quality,Normal,Chat Frontline,A3002,0,,6999.0,6999.0,GW-OTHER,N,helpdesk,helpdesk,False,unique_record,rule2_single_source_record
TK-248358,2025-12-20 10:36,2025-12-23 12:35,resolved,email,C107685,VR907817,VR907817,quoted_valid,VA-EB-PL2,Billing & Payments,Normal,Billing,A3034,0,,3149.0,3149.0,RETURN-QC-OK,N,helpdesk,helpdesk,False,unique_record,rule2_single_source_record
TK-248367,2025-12-20 16:24,2025-12-20 21:07,resolved,email,C106309,VR907249,VR907249,quoted_valid,VA-EB-PL2,Other,Normal,Email Frontline,A3018,0,,630.0,630.0,CANCEL,N,helpdesk,helpdesk,False,unique_record,rule2_single_source_record
TK-248371,2025-12-20 18:22,2025-12-23 07:10,resolved,email,C103787,VR898468,VR898468,quoted_valid,VA-SP-MINI,Returns & Refunds,Normal,Returns Desk,A3038,0,,2499.0,2499.0,RETURN-QC-OK,N,helpdesk,helpdesk,False,unique_record,rule2_single_source_record
TK-248384,2025-12-21 08:05,2025-12-21 08:53,resolved,chat,C101926,VR882858,VR882858,quoted_valid,VA-EB-PL2,Other,High,Chat Frontline,A3007,0,,3499.0,3499.0,DUP-PAYMENT,N,helpdesk,helpdesk,False,unique_record,rule2_single_source_record
TK-248389,2025-12-21 11:25,2025-12-24 15:03,resolved,email,C105428,VR886151,VR886151,quoted_valid,VA-HP-ST3,Delivery & Shipping,Normal,Logistics,A3030,0,3.0,840.0,840.0,DOA-REPL,N,helpdesk,helpdesk,False,unique_record,rule2_single_source_record
TK-248394,2025-12-21 12:26,2025-12-21 15:04,resolved,social,C104016,,VR901608,fallback_single,VA-SW-NX2,Billing & Payments,High,Billing,A3035,0,,6499.0,6499.0,GW-OTHER,N,helpdesk,helpdesk,False,unique_record,rule2_single_source_record
TK-248396,2025-12-21 13:16,2025-12-23 16:19,resolved,email,C103647,,VR880171,fallback_single,VA-EB-PL2,Billing & Payments,Low,Billing,A3035,0,,3324.0,3324.0,RETURN-QC-OK,N,helpdesk,helpdesk,False,unique_record,rule2_single_source_record
TK-248399,2025-12-21 14:46,2025-12-21 16:12,resolved,social,C105486,,,ambiguous,VA-EB-PL2,Other,Low,Chat Frontline,A3005,0,4.0,560.0,560.0,DUP-PAYMENT,N,helpdesk,helpdesk,False,unique_record,rule2_single_source_record
TK-248409,2025-12-21 21:08,2025-12-24 22:47,resolved,email,C102310,,,ambiguous,VA-AC-CASE,Delivery & Shipping,Normal,Logistics,A3028,0,4.0,1299.0,1299.0,LOST-TRANSIT,N,helpdesk,helpdesk,False,unique_record,rule2_single_source_record
TK-248413,2025-12-22 05:51,2025-12-25 06:20,resolved,chat,C103498,,VR894616,fallback_single,VA-EB-PL2,Delivery & Shipping,Normal,Logistics,A3029,0,3.0,3499.0,3499.0,DOA-REPL,Y,helpdesk,helpdesk,False,unique_record,rule2_single_source_record
TK-248418,2025-12-22 07:32,2025-12-22 08:19,resolved,email,C101250,,VR909585,fallback_single,VA-AC-CASE,Returns & Refunds,Normal,Returns Desk,A3037,0,,1104.0,1104.0,GW-OTHER,N,helpdesk,helpdesk,False,unique_record,rule2_single_source_record
TK-248426,2025-12-22 11:22,2025-12-22 11:44,resolved,chat,C107280,,VR894896,fallback_single,VA-AC-CBL,Other,Normal,Chat Frontline,A3006,0,5.0,160.0,160.0,GW-OTHER,N,helpdesk,helpdesk,False,unique_record,rule2_single_source_record
TK-248438,2025-12-22 15:11,2025-12-22 17:34,resolved,email,C103626,VR896637,VR896637,quoted_valid,VA-EB-AIR,Billing & Payments,High,Billing,A3035,0,,306.0,306.0,GW-OTHER,N,helpdesk,helpdesk,False,unique_record,rule2_single_source_record
TK-248463,2025-12-23 09:21,2025-12-23 10:49,resolved,voice,C104879,VR883550,VR883550,quoted_valid,VA-HP-ST3,Delivery & Shipping,Normal,Logistics,A3028,0,,11198.0,11198.0,CANCEL,N,helpdesk,helpdesk,False,unique_record,rule2_single_source_record
TK-248481,2025-12-23 19:54,2025-12-28 20:54,resolved,voice,C106636,VR899445,VR899445,quoted_valid,VA-EB-AIR,Returns & Refunds,Normal,Returns Desk,A3036,0,,1439.0,1439.0,GW-OTHER,N,helpdesk,helpdesk,False,unique_record,rule2_single_source_record
TK-248485,2025-12-23 22:51,2025-12-23 23:02,resolved,chat,C101612,,,ambiguous,VA-EB-PL2,Delivery & Shipping,Normal,Logistics,A3033,1,,350.0,350.0,GW-OTHER,N,helpdesk,helpdesk,False,unique_record,rule2_single_source_record
TK-248493,2025-12-24 09:00,2025-12-24 09:50,resolved,voice,C104593,VR902161,VR902161,quoted_valid,VA-SW-NX2,Other,Normal,Voice Frontline,A3024,0,3.0,1105.0,1105.0,DUP-PAYMENT,N,helpdesk,helpdesk,False,unique_record,rule2_single_source_record
TK-248507,2025-12-24 18:11,2025-12-24 18:54,resolved,chat,C101145,VR891628,VR891628,quoted_valid,VA-EB-PL2,Connectivity,Normal,Chat Frontline,A3009,0,4.0,2799.0,2799.0,GW-OTHER,Y,helpdesk,helpdesk,False,unique_record,rule2_single_source_record
TK-248519,2025-12-24 20:55,2025-12-24 21:09,resolved,chat,C103672,,VR888766,fallback_single,VA-SW-NX2,Other,Normal,Chat Frontline,A3008,1,3.0,6499.0,6499.0,GW-OTHER,Y,helpdesk,helpdesk,False,unique_record,rule2_single_source_record
TK-248525,2025-12-25 07:36,2026-01-06 10:17,resolved,email,C105299,VR894438,VR894438,quoted_valid,VA-EB-PL2,Other,Normal,Email Frontline,A3022,0,,3499.0,3499.0,GW-OTHER,N,helpdesk,helpdesk,False,unique_record,rule2_single_source_record
TK-248530,2025-12-25 11:07,2025-12-25 11:35,resolved,chat,C101360,,VR892663,fallback_single,VA-SP-MINI,Billing & Payments,Normal,Billing,A3032,0,3.0,2249.0,2249.0,DUP-PAYMENT,N,helpdesk,helpdesk,False,unique_record,rule2_single_source_record
TK-248536,2025-12-25 13:13,2025-12-28 14:00,resolved,voice,C102813,,VR907535,fallback_single,VA-EB-PL2,Returns & Refunds,Normal,Returns Desk,A3037,0,4.0,446.0,446.0,GW-OTHER,N,helpdesk,helpdesk,False,unique_record,rule2_single_source_record
TK-248537,2025-12-25 14:12,2025-12-25 14:51,resolved,voice,C105264,,VR907014,fallback_single,VA-EB-PL2,Billing & Payments,High,Billing,A3035,0,4.0,3499.0,3499.0,GW-OTHER,N,helpdesk,helpdesk,False,unique_record,rule2_single_source_record
TK-248540,2025-12-25 16:15,2025-12-25 21:19,resolved,email,C105126,VR907652,VR907652,quoted_valid,VA-EB-PL1,Other,Low,Email Frontline,A3018,0,,2499.0,2499.0,DUP-PAYMENT,N,helpdesk,helpdesk,False,unique_record,rule2_single_source_record
TK-248542,2025-12-25 16:31,2025-12-25 16:50,resolved,chat,C104610,VR897550,VR897550,quoted_valid,VA-NB-ARC,Other,Normal,Chat Frontline,A3015,0,3.0,1299.0,1299.0,DUP-PAYMENT,N,helpdesk,helpdesk,False,unique_record,rule2_single_source_record
TK-248544,2025-12-25 16:59,2025-12-25 18:07,resolved,voice,C105475,,VR905956,fallback_single,VA-EB-PL1,Other,Low,Voice Frontline,A3026,0,2.0,4998.0,4998.0,DUP-PAYMENT,N,helpdesk,helpdesk,False,unique_record,rule2_single_source_record
TK-248556,2025-12-25 21:37,2025-12-26 21:59,resolved,chat,C105459,,VR901658,fallback_single,VA-EB-PL1,Delivery & Shipping,Normal,Logistics,A3030,0,5.0,250.0,250.0,GW-OTHER,N,helpdesk,helpdesk,False,unique_record,rule2_single_source_record
TK-248560,2025-12-25 21:58,2025-12-26 01:53,resolved,email,C109495,,VR890269,fallback_single,VA-HP-ST3,Audio Quality,Normal,Email Frontline,A3002,0,3.0,6999.0,6999.0,DOA-REPL,Y,helpdesk,helpdesk,False,unique_record,rule2_single_source_record
TK-248563,2025-12-26 03:58,2025-12-27 07:17,resolved,social,C101831,VR901048,VR901048,quoted_valid,VA-EB-PL2,Returns & Refunds,Low,Returns Desk,A3037,0,4.0,3149.0,3149.0,GW-OTHER,N,helpdesk,helpdesk,False,unique_record,rule2_single_source_record
TK-248569,2025-12-26 09:43,2025-12-29 10:13,resolved,chat,C109384,VR908521,VR908521,quoted_valid,VA-EB-PL2,Returns & Refunds,Normal,Returns Desk,A3038,0,,1662.0,1662.0,GW-OTHER,N,helpdesk,helpdesk,False,unique_record,rule2_single_source_record
TK-248575,2025-12-26 14:57,2025-12-26 19:00,resolved,email,C101593,VR886265,VR886265,quoted_valid,VA-EB-AIR,Billing & Payments,Normal,Billing,A3035,0,5.0,1799.0,1799.0,GW-OTHER,N,helpdesk,helpdesk,False,unique_record,rule2_single_source_record
TK-248576,2025-12-26 15:41,2025-12-26 16:16,resolved,email,C107989,VR901337,VR901337,quoted_valid,VA-EB-PL2,Other,Normal,Email Frontline,A3018,0,4.0,3324.0,3324.0,CANCEL,N,helpdesk,helpdesk,False,unique_record,rule2_single_source_record
TK-248583,2025-12-26 17:59,2025-12-26 18:18,closed,voice,C102561,,VR884321,fallback_single,VA-EB-PL2,Other,Normal,Voice Frontline,A3026,0,,3499.0,3499.0,CANCEL,N,helpdesk,helpdesk,False,unique_record,rule2_single_source_record
TK-248589,2025-12-26 21:03,2025-12-28 23:16,resolved,email,C100581,,VR887640,fallback_single,VA-NB-ARC,Returns & Refunds,Normal,Returns Desk,A3038,0,,1299.0,1299.0,RETURN-QC-OK,N,helpdesk,helpdesk,False,unique_record,rule2_single_source_record
TK-248594,2025-12-26 23:26,2025-12-28 00:04,resolved,chat,C106746,VR881271,VR881271,quoted_valid,VA-SW-NX1,Billing & Payments,High,Billing,A3033,0,,500.0,500.0,GW-OTHER,N,helpdesk,helpdesk,False,unique_record,rule2_single_source_record
TK-248596,2025-12-27 00:24,2025-12-27 00:52,resolved,chat,C105646,VR890445,VR890445,quoted_valid,VA-HP-ST3,Connectivity,Normal,Chat Frontline,A3003,0,3.0,6299.0,6299.0,DOA-REPL,N,helpdesk,helpdesk,False,unique_record,rule2_single_source_record
TK-248597,2025-12-27 07:10,2025-12-30 10:01,resolved,email,C107844,VR881663,VR881663,quoted_valid,VA-EB-PL2,Returns & Refunds,Normal,Returns Desk,A3037,0,2.0,2974.0,2974.0,RETURN-QC-OK,N,helpdesk,helpdesk,False,unique_record,rule2_single_source_record
TK-248604,2025-12-27 13:05,2025-12-27 13:43,resolved,email,C108634,VR906394,VR906394,quoted_valid,VA-EB-PL2,Other,Normal,Email Frontline,A3019,0,5.0,2799.0,2799.0,CANCEL,N,helpdesk,helpdesk,False,unique_record,rule2_single_source_record
TK-248605,2025-12-27 13:30,2025-12-27 15:11,resolved,email,C104353,VR901391,VR901391,quoted_valid,VA-SW-FIT,Billing & Payments,High,Billing,A3035,0,3.0,1699.0,1699.0,GW-OTHER,N,helpdesk,helpdesk,False,unique_record,rule2_single_source_record
TK-248611,2025-12-27 15:39,2025-12-27 15:56,resolved,chat,C101073,VR885278,VR885278,quoted_valid,VA-SW-NX2,Billing & Payments,Low,Billing,A3035,1,,5199.0,5199.0,DUP-PAYMENT,N,helpdesk,helpdesk,False,unique_record,rule2_single_source_record
TK-248622,2025-12-28 06:22,2025-12-30 07:48,resolved,email,C107140,,,ambiguous,VA-SW-NX2,Delivery & Shipping,Normal,Logistics,A3029,0,,5524.0,5524.0,RETURN-QC-OK,N,helpdesk,helpdesk,False,unique_record,rule2_single_source_record
TK-248630,2025-12-28 12:52,2025-12-28 13:16,resolved,chat,C101911,VR881752,VR881752,quoted_valid,VA-SW-NX2,Billing & Payments,High,Billing,A3034,0,4.0,6174.0,6174.0,CANCEL,N,helpdesk,helpdesk,False,unique_record,rule2_single_source_record
TK-248633,2025-12-28 13:15,2025-12-30 06:39,closed,email,C101130,,VR896999,fallback_single,VA-AC-CBL,Returns & Refunds,Low,Returns Desk,A3037,0,,40.0,40.0,GW-OTHER,N,helpdesk,helpdesk,False,unique_record,rule2_single_source_record
TK-248640,2025-12-28 17:50,2025-12-29 08:59,resolved,social,C104556,VR882775,VR882775,quoted_valid,VA-SW-NX2,Delivery & Shipping,Normal,Logistics,A3028,0,,6174.0,6174.0,RETURN-QC-OK,N,helpdesk,helpdesk,False,unique_record,rule2_single_source_record
TK-248650,2025-12-29 01:18,2025-12-30 03:19,resolved,social,C105055,VR906124,VR906124,quoted_valid,VA-EB-PL1,Returns & Refunds,Normal,Returns Desk,A3038,0,2.0,250.0,250.0,RETURN-QC-OK,N,helpdesk,helpdesk,False,unique_record,rule2_single_source_record
TK-248651,2025-12-29 07:19,2025-12-31 09:37,closed,social,C100814,,VR906838,fallback_single,VA-EB-PL1,Returns & Refunds,Low,Returns Desk,A3037,0,,2124.0,2124.0,GW-OTHER,N,helpdesk,helpdesk,False,unique_record,rule2_single_source_record
TK-248652,2025-12-29 08:02,2026-01-01 11:06,closed,email,C107439,VR884439,VR884439,quoted_valid,VA-EB-PL2,Returns & Refunds,Normal,Returns Desk,A3037,0,,700.0,700.0,GW-OTHER,N,helpdesk,helpdesk,False,unique_record,rule2_single_source_record
TK-248660,2025-12-29 10:36,2025-12-29 10:59,resolved,chat,C100529,,VR884830,fallback_single,VA-EB-PL2,Other,Normal,Chat Frontline,A3013,0,,3499.0,3499.0,CANCEL,N,helpdesk,helpdesk,False,unique_record,rule2_single_source_record
TK-248668,2025-12-29 16:21,2025-12-30 17:31,resolved,email,C104924,VR907161,VR907161,quoted_valid,VA-EB-PL2,Delivery & Shipping,Normal,Logistics,A3030,0,3.0,2799.0,2799.0,LOST-TRANSIT,N,helpdesk,helpdesk,False,unique_record,rule2_single_source_record
TK-248687,2025-12-30 11:10,2025-12-30 12:03,closed,social,C100600,VR908077,VR908077,quoted_valid,VA-EB-AIR,Billing & Payments,Normal,Billing,A3033,0,,1799.0,1799.0,DUP-PAYMENT,N,helpdesk,helpdesk,False,unique_record,rule2_single_source_record
TK-248701,2025-12-30 18:25,2025-12-31 19:02,resolved,chat,C106900,VR893246,VR893246,quoted_valid,VA-EB-PL2,Returns & Refunds,Normal,Returns Desk,A3036,0,,2799.0,2799.0,GW-OTHER,N,helpdesk,helpdesk,False,unique_record,rule2_single_source_record
TK-248705,2025-12-30 18:56,2025-12-30 19:32,resolved,chat,C101864,,VR893763,fallback_single,VA-EB-PL1,Delivery & Shipping,Normal,Logistics,A3030,0,,2499.0,2499.0,GW-OTHER,N,helpdesk,helpdesk,False,unique_record,rule2_single_source_record
TK-248716,2025-12-31 10:42,2025-12-31 18:51,resolved,email,C104690,VR899595,VR899595,quoted_valid,VA-SW-NX2,Other,Low,Email Frontline,A3018,0,,12998.0,12998.0,CANCEL,N,helpdesk,helpdesk,False,unique_record,rule2_single_source_record
TK-248737,2025-12-31 18:08,,open,voice,C106062,VR902957,VR902957,quoted_valid,VA-HP-ST3,Returns & Refunds,Normal,Returns Desk,A3001,2,,630.0,630.0,RETURN-QC-OK,N,helpdesk,helpdesk,False,unique_record,rule2_single_source_record
TK-248743,2025-12-31 20:45,2026-01-02 23:08,resolved,chat,C108706,VR894080,VR894080,quoted_valid,VA-EB-PL1,Connectivity,Normal,Chat Frontline,A3039,1,4.0,1999.0,1999.0,DOA-REPL,N,helpdesk,helpdesk,False,unique_record,rule2_single_source_record
TK-248744,2025-12-31 20:55,2025-12-31 22:19,resolved,social,C101478,,VR895238,fallback_single,VA-EB-PL2,Other,Normal,Chat Frontline,A3016,0,,525.0,525.0,GW-OTHER,N,helpdesk,helpdesk,False,unique_record,rule2_single_source_record
TK-248745,2025-12-31 21:05,2025-12-31 21:32,resolved,chat,C106937,VR883702,VR883702,quoted_valid,VA-EB-AIR,Billing & Payments,High,Billing,A3035,0,,256.0,256.0,PRICE-ADJ,N,helpdesk,helpdesk,False,unique_record,rule2_single_source_record
TK-248750,2025-12-31 23:45,2026-01-01 01:15,resolved,social,C100336,VR889232,VR889232,quoted_valid,VA-EB-PL2,Billing & Payments,High,Billing,A3031,1,1.0,3499.0,3499.0,DUP-PAYMENT,N,helpdesk,helpdesk,False,unique_record,rule2_single_source_record
TK-248753,2026-01-01 08:07,2026-01-01 08:34,resolved,chat,C103714,,VR899499,fallback_single,VA-EB-PL2,Connectivity,Normal,Chat Frontline,A3011,0,,3499.0,3499.0,GW-OTHER,N,helpdesk,helpdesk,False,unique_record,rule2_single_source_record
TK-248757,2026-01-01 11:45,2026-01-01 12:22,resolved,chat,C108395,VR908970,VR908970,quoted_valid,VA-EB-PL2,Connectivity,Normal,Chat Frontline,A3011,0,,3499.0,3499.0,GW-OTHER,N,helpdesk,helpdesk,False,unique_record,rule2_single_source_record
TK-248758,2026-01-01 12:11,2026-01-01 23:49,closed,email,C107140,VR896620,VR896620,quoted_valid,VA-HP-ST3,Other,Normal,Email Frontline,A3017,0,2.0,5599.0,5599.0,DUP-PAYMENT,N,helpdesk,helpdesk,False,unique_record,rule2_single_source_record
TK-248761,2026-01-01 13:12,2026-01-03 15:03,resolved,email,C106288,,VR884105,fallback_single,VA-EB-PL2,Returns & Refunds,High,Returns Desk,A3036,0,,6998.0,6998.0,RETURN-QC-OK,N,helpdesk,helpdesk,False,unique_record,rule2_single_source_record
TK-248762,2026-01-01 13:40,2026-01-04 14:11,resolved,chat,C102034,,VR905770,fallback_single,VA-EB-PL1,Delivery & Shipping,Normal,Logistics,A3028,0,,2499.0,2499.0,GW-OTHER,Y,helpdesk,helpdesk,False,unique_record,rule2_single_source_record
TK-248770,2026-01-01 18:13,2026-01-02 18:40,resolved,chat,C103498,,VR894616,fallback_single,VA-EB-PL2,Returns & Refunds,Normal,Returns Desk,A3036,0,4.0,3499.0,3499.0,RETURN-QC-OK,N,helpdesk,helpdesk,False,unique_record,rule2_single_source_record
TK-248772,2026-01-01 18:19,2026-01-02 19:51,resolved,email,C102638,VR888256,VR888256,quoted_valid,VA-SW-NX2,Returns & Refunds,Normal,Returns Desk,A3004,1,2.0,5199.0,5199.0,GW-OTHER,N,helpdesk,helpdesk,False,unique_record,rule2_single_source_record
TK-248774,2026-01-01 19:01,2026-01-14 02:48,resolved,email,C106091,VR889756,VR889756,quoted_valid,VA-NB-ARC,Warranty & Repair,Normal,Escalations & Warranty,A3043,0,,1039.0,1039.0,DOA-REPL,N,helpdesk,helpdesk,False,unique_record,rule2_single_source_record
TK-248779,2026-01-01 22:13,2026-01-01 23:51,resolved,email,C103430,,VR880022,fallback_single,VA-SW-NX2,Other,Normal,Email Frontline,A3002,0,2.0,5199.0,5199.0,DUP-PAYMENT,N,helpdesk,helpdesk,False,unique_record,rule2_single_source_record
TK-248782,2026-01-02 06:38,2026-01-02 14:28,resolved,email,C106484,,VR904651,fallback_single,VA-EB-PL2,Other,Normal,Email Frontline,A3018,0,4.0,3149.0,3149.0,GW-OTHER,N,helpdesk,helpdesk,False,unique_record,rule2_single_source_record
TK-248793,2026-01-02 12:58,2026-01-02 13:12,resolved,chat,C108879,VR898903,VR898903,quoted_valid,VA-EB-PL2,Other,Normal,Chat Frontline,A3007,0,5.0,3149.0,3149.0,CANCEL,N,helpdesk,helpdesk,False,unique_record,rule2_single_source_record
TK-248794,2026-01-02 13:47,2026-01-05 14:03,resolved,chat,C107834,VR905052,VR905052,quoted_valid,VA-AC-CH65,Returns & Refunds,Low,Returns Desk,A3037,0,,1499.0,1499.0,GW-OTHER,N,helpdesk,helpdesk,False,unique_record,rule2_single_source_record
TK-248796,2026-01-02 15:10,2026-01-03 16:15,resolved,social,C108534,,VR884566,fallback_single,VA-SP-ORB,Returns & Refunds,Low,Returns Desk,A3036,0,,2850.0,2850.0,RETURN-QC-OK,N,helpdesk,helpdesk,False,unique_record,rule2_single_source_record
TK-248801,2026-01-02 16:17,2026-01-02 16:45,resolved,chat,C106322,VR898577,VR898577,quoted_valid,VA-EB-PL2,Billing & Payments,Normal,Billing,A3035,0,,700.0,700.0,DUP-PAYMENT,N,helpdesk,helpdesk,False,unique_record,rule2_single_source_record
TK-248803,2026-01-02 16:35,2026-01-02 20:14,resolved,email,C104063,,VR899547,fallback_single,VA-SW-NX2,Returns & Refunds,Normal,Returns Desk,A3036,0,,926.0,926.0,GW-OTHER,N,helpdesk,helpdesk,False,unique_record,rule2_single_source_record
TK-248807,2026-01-02 21:17,2026-01-02 21:32,resolved,chat,C102226,VR901731,VR901731,quoted_valid,VA-EB-PL2,Delivery & Shipping,Normal,Logistics,A3030,0,,3324.0,3324.0,RETURN-QC-OK,N,helpdesk,helpdesk,False,unique_record,rule2_single_source_record
TK-248810,2026-01-03 00:47,2026-01-03 01:51,resolved,social,C106503,VR894861,VR894861,quoted_valid,VA-SW-NX2,Billing & Payments,High,Billing,A3032,0,3.0,6499.0,6499.0,PRICE-ADJ,N,helpdesk,helpdesk,False,unique_record,rule2_single_source_record
TK-248814,2026-01-03 08:16,,pending,chat,C106275,,,ambiguous,VA-HP-ST2,Returns & Refunds,High,Returns Desk,A3037,0,2.0,4249.0,4249.0,RETURN-QC-OK,N,helpdesk,helpdesk,False,unique_record,rule2_single_source_record
TK-248821,2026-01-03 10:46,2026-01-03 11:25,resolved,social,C107959,VR899197,VR899197,quoted_valid,VA-SP-MINI,Billing & Payments,High,Billing,A3033,0,4.0,2499.0,2499.0,GW-OTHER,N,helpdesk,helpdesk,False,unique_record,rule2_single_source_record
TK-248838,2026-01-03 18:39,2026-01-03 19:15,resolved,email,C108613,VR903382,VR903382,quoted_valid,VA-SP-MINI,Returns & Refunds,Normal,Returns Desk,A3036,0,2.0,4748.0,4748.0,RETURN-QC-OK,N,helpdesk,helpdesk,False,unique_record,rule2_single_source_record
TK-248839,2026-01-03 19:01,2026-01-03 20:42,resolved,email,C101114,,VR904172,fallback_single,VA-EB-PL2,Connectivity,Normal,Email Frontline,A3018,0,,3149.0,3149.0,WTY-BUYBACK,Y,helpdesk,helpdesk,False,unique_record,rule2_single_source_record
TK-248840,2026-01-03 19:17,2026-01-03 21:51,resolved,email,C100767,,VR884243,fallback_single,VA-HP-ST3,Connectivity,High,Email Frontline,A3029,1,4.0,12598.0,12598.0,GW-OTHER,N,helpdesk,helpdesk,False,unique_record,rule2_single_source_record
TK-248842,2026-01-03 20:38,2026-01-08 23:51,resolved,email,C107944,VR901872,VR901872,quoted_valid,VA-SW-FIT,Warranty & Repair,Normal,Escalations & Warranty,A3042,0,,270.0,270.0,GW-OTHER,N,helpdesk,helpdesk,False,unique_record,rule2_single_source_record
TK-248843,2026-01-03 20:49,2026-01-03 21:34,resolved,voice,C108476,VR883925,VR883925,quoted_valid,VA-SW-FIT,Other,Normal,Voice Frontline,A3026,0,2.0,400.0,400.0,DUP-PAYMENT,N,helpdesk,helpdesk,False,unique_record,rule2_single_source_record
TK-248849,2026-01-04 00:00,2026-01-04 00:28,resolved,chat,C107129,VR891083,VR891083,quoted_valid,VA-EB-PL2,Delivery & Shipping,Normal,Logistics,A3031,0,,3499.0,3499.0,GW-OTHER,N,helpdesk,helpdesk,False,unique_record,rule2_single_source_record
TK-248853,2026-01-04 08:54,2026-01-04 09:26,resolved,chat,C106777,VR890546,VR890546,quoted_valid,VA-EB-PL2,Other,Low,Chat Frontline,A3010,0,4.0,700.0,700.0,CANCEL,N,helpdesk,helpdesk,False,unique_record,rule2_single_source_record
TK-248859,2026-01-04 10:29,2026-01-04 15:27,resolved,social,C104673,VR899705,VR899705,quoted_valid,VA-EB-PL2,Connectivity,Normal,Chat Frontline,A3009,0,2.0,2974.0,2974.0,GW-OTHER,Y,helpdesk,helpdesk,False,unique_record,rule2_single_source_record
TK-248860,2026-01-04 12:01,2026-01-04 12:26,resolved,chat,C100965,VR893667,VR893667,quoted_valid,VA-EB-PL2,Billing & Payments,Normal,Billing,A3033,0,3.0,3149.0,3149.0,DUP-PAYMENT,N,helpdesk,helpdesk,False,unique_record,rule2_single_source_record
TK-248862,2026-01-04 13:02,2026-01-04 13:19,resolved,chat,C106558,,VR901351,fallback_single,VA-HP-ST2,Billing & Payments,High,Billing,A3034,0,,500.0,500.0,DUP-PAYMENT,N,helpdesk,helpdesk,False,unique_record,rule2_single_source_record
TK-248866,2026-01-04 15:57,2026-01-04 20:50,resolved,email,C106952,VR895652,VR895652,quoted_valid,VA-SW-FIT,Other,Low,Email Frontline,A3018,0,,1699.0,1699.0,CANCEL,N,helpdesk,helpdesk,False,unique_record,rule2_single_source_record
TK-248877,2026-01-04 21:28,2026-01-08 00:23,resolved,email,C104620,,VR899009,fallback_single,VA-EB-PL1,Returns & Refunds,Normal,Returns Desk,A3037,0,4.0,1999.0,1999.0,RETURN-QC-OK,N,helpdesk,helpdesk,False,unique_record,rule2_single_source_record
TK-248879,2026-01-04 21:36,2026-01-04 23:08,closed,social,C104374,,VR909926,fallback_single,VA-EB-AIR,Other,Normal,Chat Frontline,A3017,0,,1799.0,1799.0,CANCEL,N,helpdesk,helpdesk,False,unique_record,rule2_single_source_record
TK-248894,2026-01-05 18:06,,open,email,C101818,VR909843,VR909843,quoted_valid,VA-AC-CH65,Billing & Payments,High,Billing,A3035,0,3.0,225.0,225.0,RETURN-QC-OK,N,helpdesk,helpdesk,False,unique_record,rule2_single_source_record
TK-248905,2026-01-06 11:46,2026-01-06 12:09,resolved,chat,C101885,VR884754,VR884754,quoted_valid,VA-SP-ORB,Billing & Payments,High,Billing,A3032,0,,900.0,900.0,DUP-PAYMENT,N,helpdesk,helpdesk,False,unique_record,rule2_single_source_record
TK-248908,2026-01-06 12:58,2026-01-07 18:01,resolved,email,C105989,VR896973,VR896973,quoted_valid,VA-SW-NX2,Returns & Refunds,Normal,Returns Desk,A3036,0,3.0,3250.0,3250.0,RETURN-QC-OK,N,helpdesk,helpdesk,False,unique_record,rule2_single_source_record
TK-248911,2026-01-06 16:47,2026-01-06 17:35,resolved,voice,C100980,VR904023,VR904023,quoted_valid,VA-SW-NX2,Other,Normal,Voice Frontline,A3026,0,,6499.0,6499.0,GW-OTHER,N,helpdesk,helpdesk,False,unique_record,rule2_single_source_record
TK-248916,2026-01-06 18:11,2026-01-06 20:20,resolved,email,C106622,,VR883208,fallback_single,VA-AC-CASE,Other,Normal,Email Frontline,A3018,0,,1299.0,1299.0,GW-OTHER,N,helpdesk,helpdesk,False,unique_record,rule2_single_source_record
TK-248923,2026-01-07 00:54,2026-01-07 10:02,resolved,email,C104685,VR881098,VR881098,quoted_valid,VA-SP-MINI,Billing & Payments,High,Billing,A3034,0,,2499.0,2499.0,CANCEL,N,helpdesk,helpdesk,False,unique_record,rule2_single_source_record
TK-248926,2026-01-07 04:22,2026-01-07 07:30,resolved,social,C102720,VR895953,VR895953,quoted_valid,VA-EB-PL1,Connectivity,Normal,Chat Frontline,A3013,0,,4998.0,4998.0,WTY-BUYBACK,N,helpdesk,helpdesk,False,unique_record,rule2_single_source_record
TK-248929,2026-01-07 08:33,2026-01-07 11:03,closed,email,C100176,,VR884594,fallback_single,VA-EB-PL2,Delivery & Shipping,Normal,Logistics,A3027,0,3.0,525.0,525.0,RETURN-QC-OK,N,helpdesk,helpdesk,False,unique_record,rule2_single_source_record
TK-248945,2026-01-07 14:01,2026-01-07 14:33,resolved,chat,C101016,VR906555,VR906555,quoted_valid,VA-SW-NX1,Charging & Battery,Normal,Chat Frontline,A3009,0,,4249.0,4249.0,GW-OTHER,N,helpdesk,helpdesk,False,unique_record,rule2_single_source_record
TK-248950,2026-01-07 18:41,2026-01-07 19:21,resolved,chat,C105183,VR883801,VR883801,quoted_valid,VA-EB-PL2,Billing & Payments,High,Billing,A3035,0,,560.0,560.0,GW-OTHER,N,helpdesk,helpdesk,False,unique_record,rule2_single_source_record
TK-248952,2026-01-07 21:23,2026-01-07 21:51,resolved,chat,C102737,,VR883207,fallback_single,VA-AC-CASE,Other,Low,Chat Frontline,A3012,0,3.0,520.0,520.0,DUP-PAYMENT,N,helpdesk,helpdesk,False,unique_record,rule2_single_source_record
TK-248954,2026-01-07 21:31,2026-01-07 22:09,resolved,voice,C100998,VR897229,VR897229,quoted_valid,VA-EB-PL2,Returns & Refunds,Normal,Returns Desk,A3036,0,3.0,3499.0,3499.0,RETURN-QC-OK,N,helpdesk,helpdesk,False,unique_record,rule2_single_source_record
TK-248963,2026-01-08 12:12,2026-01-09 12:45,closed,chat,C102406,VR904449,VR904449,quoted_valid,VA-EB-AIR,Returns & Refunds,Normal,Returns Desk,A3038,0,,1799.0,1799.0,RETURN-QC-OK,N,helpdesk,helpdesk,False,unique_record,rule2_single_source_record
TK-248967,2026-01-08 13:27,2026-01-10 14:00,resolved,chat,C100259,VR898614,VR898614,quoted_valid,VA-EB-PL2,Delivery & Shipping,High,Logistics,A3028,0,,6998.0,6998.0,DOA-REPL,N,helpdesk,helpdesk,False,unique_record,rule2_single_source_record
TK-248974,2026-01-08 17:13,2026-01-08 22:59,resolved,email,C107561,VR904464,VR904464,quoted_valid,VA-EB-PL2,Connectivity,Normal,Email Frontline,A3003,0,,3499.0,3499.0,WTY-BUYBACK,Y,helpdesk,helpdesk,False,unique_record,rule2_single_source_record
TK-248981,2026-01-08 19:20,2026-01-08 19:53,resolved,voice,C101017,VR892471,VR892471,quoted_valid,VA-EB-PL2,Other,Normal,Voice Frontline,A3026,0,,2799.0,2799.0,CANCEL,N,helpdesk,helpdesk,False,unique_record,rule2_single_source_record
TK-248985,2026-01-08 19:43,2026-01-11 20:36,resolved,voice,C101940,VR882645,VR882645,quoted_valid,VA-EB-PL1,Returns & Refunds,High,Returns Desk,A3036,0,,2374.0,2374.0,RETURN-QC-OK,N,helpdesk,helpdesk,False,unique_record,rule2_single_source_record
TK-248988,2026-01-08 20:16,2026-01-08 21:01,resolved,chat,C100561,VR909884,VR909884,quoted_valid,VA-EB-PL1,Other,Low,Chat Frontline,A3009,0,4.0,1250.0,1250.0,DUP-PAYMENT,N,helpdesk,helpdesk,False,unique_record,rule2_single_source_record
TK-248991,2026-01-08 20:33,2026-01-09 00:18,closed,social,C106653,VR902991,VR902991,quoted_valid,VA-SP-MINI,Billing & Payments,High,Billing,A3034,0,3.0,1000.0,1000.0,GW-OTHER,N,helpdesk,helpdesk,False,unique_record,rule2_single_source_record
TK-248997,2026-01-09 01:16,2026-01-09 02:02,closed,chat,C101527,,VR907503,fallback_single,VA-EB-PL2,Charging & Battery,Low,Chat Frontline,A3003,0,,3499.0,3499.0,GW-OTHER,N,helpdesk,helpdesk,False,unique_record,rule2_single_source_record
TK-249001,2026-01-09 10:17,2026-01-09 10:46,resolved,chat,C104004,,VR882164,fallback_single,VA-EB-PL1,Billing & Payments,High,Billing,A3033,0,2.0,2499.0,2499.0,DUP-PAYMENT,N,helpdesk,helpdesk,False,unique_record,rule2_single_source_record
TK-249007,2026-01-09 14:17,2026-01-10 14:42,resolved,voice,C105261,,VR907796,fallback_single,VA-SW-FIT,Returns & Refunds,High,Returns Desk,A3036,0,,1999.0,1999.0,RETURN-QC-OK,N,helpdesk,helpdesk,False,unique_record,rule2_single_source_record
TK-249009,2026-01-09 16:08,2026-01-10 16:37,resolved,chat,C107523,,VR896915,fallback_single,VA-SW-FIT,Returns & Refunds,Normal,Returns Desk,A3036,0,4.0,1699.0,1699.0,GW-OTHER,N,helpdesk,helpdesk,False,unique_record,rule2_single_source_record
TK-249020,2026-01-09 21:19,2026-01-12 13:06,resolved,email,C108856,VR907973,VR907973,quoted_valid,VA-SW-NX2,Warranty & Repair,Normal,Escalations & Warranty,A3039,0,3.0,6499.0,6499.0,GW-OTHER,N,helpdesk,helpdesk,False,unique_record,rule2_single_source_record
TK-249028,2026-01-10 12:23,2026-01-10 13:51,resolved,voice,C107672,VR898248,VR898248,quoted_valid,VA-SP-ORB,Billing & Payments,High,Billing,A3034,0,,4799.0,4799.0,DUP-PAYMENT,N,helpdesk,helpdesk,False,unique_record,rule2_single_source_record
TK-249031,2026-01-10 12:40,2026-01-10 12:58,resolved,chat,C102354,VR899928,VR899928,quoted_valid,VA-EB-PL2,Billing & Payments,High,Billing,A3032,0,,3499.0,3499.0,DUP-PAYMENT,N,helpdesk,helpdesk,False,unique_record,rule2_single_source_record
TK-249033,2026-01-10 14:24,2026-01-13 14:56,resolved,chat,C104597,VR887308,VR887308,quoted_valid,VA-HP-ST3,Returns & Refunds,Low,Returns Desk,A3036,0,,945.0,945.0,GW-OTHER,N,helpdesk,helpdesk,False,unique_record,rule2_single_source_record
TK-249067,2026-01-11 14:54,2026-01-11 16:54,resolved,email,C104003,,,ambiguous,VA-HP-ST3,Returns & Refunds,High,Returns Desk,A3036,0,4.0,6999.0,6999.0,GW-OTHER,N,helpdesk,helpdesk,False,unique_record,rule2_single_source_record
TK-249085,2026-01-12 09:55,2026-01-12 10:21,closed,chat,C108129,,VR880075,fallback_single,VA-EB-PL2,Other,Normal,Chat Frontline,A3007,0,,3499.0,3499.0,PRICE-ADJ,N,helpdesk,helpdesk,False,unique_record,rule2_single_source_record
TK-249092,2026-01-12 12:15,2026-01-14 18:03,closed,email,C106778,VR883713,VR883713,quoted_valid,VA-EB-PL2,Delivery & Shipping,Normal,Logistics,A3030,0,,3499.0,3499.0,GW-OTHER,N,helpdesk,helpdesk,False,unique_record,rule2_single_source_record
TK-249095,2026-01-12 13:55,2026-01-13 17:59,resolved,email,C102241,VR906363,VR906363,quoted_valid,VA-SP-ORB,Returns & Refunds,Normal,Returns Desk,A3036,0,4.0,5699.0,5699.0,RETURN-QC-OK,N,helpdesk,helpdesk,False,unique_record,rule2_single_source_record
TK-249100,2026-01-12 16:05,2026-01-12 16:32,resolved,chat,C104480,VR907566,VR907566,quoted_valid,VA-HP-ST2,Billing & Payments,High,Billing,A3035,0,5.0,4999.0,4999.0,DUP-PAYMENT,N,helpdesk,helpdesk,False,unique_record,rule2_single_source_record
TK-249106,2026-01-12 20:26,2026-01-18 01:12,resolved,chat,C102497,VR901663,VR901663,quoted_valid,VA-NB-ARC,Warranty & Repair,Normal,Escalations & Warranty,A3042,0,,1169.0,1169.0,DOA-REPL,N,helpdesk,helpdesk,False,unique_record,rule2_single_source_record
TK-249110,2026-01-13 07:16,2026-01-13 07:51,resolved,chat,C104193,,VR889848,fallback_single,VA-SW-NX2,Billing & Payments,Normal,Billing,A3032,0,,5524.0,5524.0,DUP-PAYMENT,N,helpdesk,helpdesk,False,unique_record,rule2_single_source_record
TK-249114,2026-01-13 08:42,2026-01-15 10:40,resolved,voice,C107209,VR909524,VR909524,quoted_valid,VA-SP-MINI,Returns & Refunds,Low,Returns Desk,A3038,0,4.0,2499.0,2499.0,RETURN-QC-OK,N,helpdesk,helpdesk,False,unique_record,rule2_single_source_record
TK-249122,2026-01-13 13:35,2026-01-14 16:58,resolved,social,C108292,,VR888787,fallback_single,VA-SW-NX2,Returns & Refunds,High,Returns Desk,A3036,0,,6499.0,6499.0,RETURN-QC-OK,N,helpdesk,helpdesk,False,unique_record,rule2_single_source_record
TK-249130,2026-01-13 17:24,2026-01-13 18:19,resolved,social,C103787,VR898468,VR898468,quoted_valid,VA-SP-MINI,Other,Normal,Chat Frontline,A3004,0,,2499.0,2499.0,GW-OTHER,N,helpdesk,helpdesk,False,unique_record,rule2_single_source_record
TK-249134,2026-01-13 21:29,2026-01-14 23:01,closed,email,C108696,VR882000,VR882000,quoted_valid,VA-EB-PL2,Delivery & Shipping,High,Logistics,A3027,0,,2799.0,2799.0,GW-OTHER,N,helpdesk,helpdesk,False,unique_record,rule2_single_source_record
TK-249147,2026-01-14 11:09,,open,chat,C107796,VR898498,VR898498,quoted_valid,VA-EB-PL2,Other,Normal,Chat Frontline,A3013,0,,700.0,700.0,GW-OTHER,N,helpdesk,helpdesk,False,unique_record,rule2_single_source_record
TK-249149,2026-01-14 11:34,2026-01-14 21:11,resolved,email,C102125,VR908998,VR908998,quoted_valid,VA-NB-ARC,Billing & Payments,Normal,Billing,A3035,0,1.0,552.0,552.0,DUP-PAYMENT,N,helpdesk,helpdesk,False,unique_record,rule2_single_source_record
TK-249151,2026-01-14 12:30,2026-01-15 13:02,resolved,chat,C109350,,VR899100,fallback_single,VA-EB-PL2,Delivery & Shipping,Normal,Logistics,A3028,0,,499.0,499.0,GW-OTHER,N,helpdesk,helpdesk,False,unique_record,rule2_single_source_record
TK-249155,2026-01-14 14:28,2026-01-14 14:47,resolved,chat,C104741,VR909768,VR909768,quoted_valid,VA-SP-MINI,Delivery & Shipping,Normal,Logistics,A3030,0,,2499.0,2499.0,CANCEL,N,helpdesk,helpdesk,False,unique_record,rule2_single_source_record
TK-249161,2026-01-14 17:04,2026-01-14 20:08,resolved,email,C103888,,VR906390,fallback_single,VA-EB-PL1,Charging & Battery,Normal,Email Frontline,A3018,0,,1999.0,1999.0,GW-OTHER,Y,helpdesk,helpdesk,False,unique_record,rule2_single_source_record
TK-249163,2026-01-14 17:21,2026-01-14 18:02,resolved,chat,C106965,VR883775,VR883775,quoted_valid,VA-HP-ST3,Billing & Payments,Normal,Billing,A3035,0,,6999.0,6999.0,GW-OTHER,N,helpdesk,helpdesk,False,unique_record,rule2_single_source_record
TK-249167,2026-01-14 20:03,2026-01-14 22:53,resolved,email,C104329,,,ambiguous,VA-EB-PL1,Charging & Battery,Normal,Email Frontline,A3016,0,,1999.0,1999.0,GW-OTHER,N,helpdesk,helpdesk,False,unique_record,rule2_single_source_record
TK-249172,2026-01-14 21:41,2026-01-19 23:53,closed,voice,C102871,,,ambiguous,VA-EB-PL1,Delivery & Shipping,Low,Logistics,A3029,0,5.0,2499.0,2499.0,GW-OTHER,Y,helpdesk,helpdesk,False,unique_record,rule2_single_source_record
TK-249195,2026-01-15 17:59,2026-01-15 19:41,resolved,social,C101740,VR890649,VR890649,quoted_valid,VA-SP-ORB,Delivery & Shipping,Low,Logistics,A3030,0,,5399.0,5399.0,GW-OTHER,Y,helpdesk,helpdesk,False,unique_record,rule2_single_source_record
TK-249196,2026-01-15 19:00,2026-01-15 19:45,resolved,chat,C101757,,VR884228,fallback_single,VA-HP-ST2,Billing & Payments,Low,Billing,A3035,0,,4999.0,4999.0,GW-OTHER,N,helpdesk,helpdesk,False,unique_record,rule2_single_source_record
TK-249198,2026-01-15 23:40,2026-01-16 00:47,resolved,email,C104009,VR895401,VR895401,quoted_valid,VA-EB-PL1,Delivery & Shipping,Normal,Logistics,A3027,0,4.0,2499.0,2499.0,GW-OTHER,N,helpdesk,helpdesk,False,unique_record,rule2_single_source_record
TK-249200,2026-01-16 08:50,2026-01-17 11:34,resolved,email,C105785,VR889455,VR889455,quoted_valid,VA-SP-ORB,Returns & Refunds,Low,Returns Desk,A3038,0,3.0,5399.0,5399.0,GW-OTHER,N,helpdesk,helpdesk,False,unique_record,rule2_single_source_record
TK-249207,2026-01-16 13:21,2026-01-16 15:58,resolved,email,C106762,,VR900637,fallback_single,VA-NB-ARC,Other,Normal,Email Frontline,A3018,0,,2598.0,2598.0,CANCEL,N,helpdesk,helpdesk,False,unique_record,rule2_single_source_record
TK-249213,2026-01-16 20:20,2026-01-16 21:01,resolved,chat,C105366,,VR902654,fallback_single,VA-SW-FIT,Billing & Payments,High,Billing,A3035,0,,180.0,180.0,GW-OTHER,N,helpdesk,helpdesk,False,unique_record,rule2_single_source_record
TK-249217,2026-01-16 20:50,2026-01-19 21:46,resolved,voice,C107701,VR901137,VR901137,quoted_valid,VA-AC-CASE,Billing & Payments,High,Billing,A3035,0,,1104.0,1104.0,GW-OTHER,N,helpdesk,helpdesk,False,unique_record,rule2_single_source_record
TK-249219,2026-01-16 21:56,2026-01-17 00:30,resolved,email,C105845,,,ambiguous,VA-EB-PL2,Returns & Refunds,Normal,Returns Desk,A3037,0,,3499.0,3499.0,GW-OTHER,N,helpdesk,helpdesk,False,unique_record,rule2_single_source_record
TK-249220,2026-01-16 23:25,2026-01-18 23:47,resolved,chat,C109422,VR900688,VR900688,quoted_valid,VA-EB-PL2,Delivery & Shipping,Normal,Logistics,A3027,0,5.0,3149.0,3149.0,LOST-TRANSIT,N,helpdesk,helpdesk,False,unique_record,rule2_single_source_record
TK-249228,2026-01-17 13:21,2026-01-17 13:52,resolved,voice,C105183,VR883801,VR883801,quoted_valid,VA-EB-PL2,Returns & Refunds,Normal,Returns Desk,A3038,0,4.0,2799.0,2799.0,GW-OTHER,N,helpdesk,helpdesk,False,unique_record,rule2_single_source_record
TK-249263,2026-01-18 18:44,2026-01-20 19:12,resolved,chat,C100301,VR892127,VR892127,quoted_valid,VA-EB-AIR,Returns & Refunds,Low,Returns Desk,A3036,0,,1799.0,1799.0,RETURN-QC-OK,N,helpdesk,helpdesk,False,unique_record,rule2_single_source_record
TK-249270,2026-01-18 23:52,2026-01-19 00:18,resolved,chat,C102416,,VR898621,fallback_single,VA-AC-CH65,Other,Normal,Chat Frontline,A3003,0,,1424.0,1424.0,CANCEL,N,helpdesk,helpdesk,False,unique_record,rule2_single_source_record
TK-249273,2026-01-19 08:09,2026-01-21 08:34,resolved,chat,C105945,VR906776,VR906776,quoted_valid,VA-AC-CASE,Returns & Refunds,Normal,Returns Desk,A3037,0,,130.0,130.0,GW-OTHER,N,helpdesk,helpdesk,False,unique_record,rule2_single_source_record
TK-249282,2026-01-19 12:56,2026-01-19 13:48,resolved,voice,C105534,VR885660,VR885660,quoted_valid,VA-EB-PL2,Other,Normal,Voice Frontline,A3024,0,,3499.0,3499.0,DUP-PAYMENT,N,helpdesk,helpdesk,False,unique_record,rule2_single_source_record
TK-249291,2026-01-19 15:48,2026-01-19 23:51,resolved,email,C108038,,VR900355,fallback_single,VA-EB-PL2,Charging & Battery,Normal,Email Frontline,A3016,0,,1400.0,1400.0,GW-OTHER,N,helpdesk,helpdesk,False,unique_record,rule2_single_source_record
TK-249310,2026-01-20 09:14,2026-01-20 09:49,resolved,voice,C104349,VR890394,VR890394,quoted_valid,VA-EB-PL2,Billing & Payments,High,Billing,A3034,0,,420.0,420.0,DUP-PAYMENT,N,helpdesk,helpdesk,False,unique_record,rule2_single_source_record
TK-249311,2026-01-20 09:29,,pending,email,C104009,VR895401,VR895401,quoted_valid,VA-EB-PL1,Billing & Payments,High,Billing,A3034,0,4.0,2499.0,2499.0,DUP-PAYMENT,N,helpdesk,helpdesk,False,unique_record,rule2_single_source_record
TK-249319,2026-01-20 11:52,2026-01-20 12:30,resolved,social,C102790,,,ambiguous,VA-HP-ST2,Billing & Payments,High,Billing,A3032,0,,4999.0,4999.0,DUP-PAYMENT,N,helpdesk,helpdesk,False,unique_record,rule2_single_source_record
TK-249324,2026-01-20 13:27,2026-01-20 15:27,resolved,voice,C103408,VR903336,VR903336,quoted_valid,VA-SW-FIT,Connectivity,Normal,Voice Frontline,A3021,1,,1699.0,1699.0,GW-OTHER,N,helpdesk,helpdesk,False,unique_record,rule2_single_source_record
TK-249329,2026-01-20 15:36,2026-01-22 17:46,resolved,social,C102340,,,ambiguous,VA-EB-PL2,Other,Normal,Chat Frontline,A3004,0,3.0,2799.0,2799.0,GW-OTHER,Y,helpdesk,helpdesk,False,unique_record,rule2_single_source_record
TK-249338,2026-01-21 10:27,2026-01-21 10:56,resolved,chat,C108314,VR896636,VR896636,quoted_valid,VA-SP-MINI,Billing & Payments,Normal,Billing,A3033,0,,2499.0,2499.0,GW-OTHER,N,helpdesk,helpdesk,False,unique_record,rule2_single_source_record
TK-249347,2026-01-21 14:11,,open,email,C107416,VR895996,VR895996,quoted_valid,VA-EB-PL2,Returns & Refunds,Normal,Returns Desk,A3036,0,,3499.0,3499.0,RETURN-QC-OK,N,helpdesk,helpdesk,False,unique_record,rule2_single_source_record
TK-249348,2026-01-21 15:13,2026-01-21 16:07,resolved,chat,C108746,,,ambiguous,VA-AC-CASE,Other,Normal,Chat Frontline,A3014,0,4.0,1299.0,1299.0,CANCEL,N,helpdesk,helpdesk,False,unique_record,rule2_single_source_record
TK-249351,2026-01-21 16:18,2026-01-21 17:03,resolved,chat,C107212,VR886911,VR886911,quoted_valid,VA-EB-PL2,Charging & Battery,Normal,Chat Frontline,A3008,0,3.0,3149.0,3149.0,WTY-BUYBACK,N,helpdesk,helpdesk,False,unique_record,rule2_single_source_record
TK-249353,2026-01-21 18:40,2026-01-21 20:00,resolved,email,C101236,VR881902,VR881902,quoted_valid,VA-EB-PL2,Audio Quality,Normal,Email Frontline,A3018,0,,3499.0,3499.0,GW-OTHER,Y,helpdesk,helpdesk,False,unique_record,rule2_single_source_record
TK-249356,2026-01-21 19:49,,open,email,C102765,VR881257,VR881257,quoted_valid,VA-EB-PL2,Billing & Payments,Normal,Billing,A3033,0,3.0,1662.0,1662.0,DUP-PAYMENT,N,helpdesk,helpdesk,False,unique_record,rule2_single_source_record
TK-249358,2026-01-21 20:39,2026-01-21 21:31,resolved,chat,C103582,VR899322,VR899322,quoted_valid,VA-EB-PL1,Other,High,Chat Frontline,A3005,0,,1999.0,1999.0,DOA-REPL,Y,helpdesk,helpdesk,False,unique_record,rule2_single_source_record
TK-249360,2026-01-21 21:19,2026-01-23 21:37,resolved,chat,C108638,,VR904526,fallback_single,VA-SP-MINI,Other,Normal,Chat Frontline,A3009,0,,2249.0,2249.0,LOST-TRANSIT,N,helpdesk,helpdesk,False,unique_record,rule2_single_source_record
TK-249368,2026-01-22 08:55,2026-01-22 09:09,resolved,chat,C103261,VR890054,VR890054,quoted_valid,VA-EB-PL2,Other,Normal,Chat Frontline,A3007,0,3.0,3499.0,3499.0,CANCEL,N,helpdesk,helpdesk,False,unique_record,rule2_single_source_record
TK-249373,2026-01-22 09:31,2026-01-24 09:54,resolved,chat,C102340,,,ambiguous,VA-EB-PL1,Returns & Refunds,Normal,Returns Desk,A3038,0,3.0,2374.0,2374.0,GW-OTHER,N,helpdesk,helpdesk,False,unique_record,rule2_single_source_record
TK-249389,2026-01-22 17:26,2026-01-22 17:54,resolved,chat,C108674,VR897925,VR897925,quoted_valid,VA-EB-PL2,Billing & Payments,High,Billing,A3035,0,,6648.0,6648.0,RETURN-QC-OK,N,helpdesk,helpdesk,False,unique_record,rule2_single_source_record
TK-249404,2026-01-22 23:35,2026-01-23 00:15,resolved,chat,C100890,,VR906416,fallback_single,VA-HP-ST3,Billing & Payments,High,Billing,A3034,0,4.0,5599.0,5599.0,DUP-PAYMENT,N,helpdesk,helpdesk,False,unique_record,rule2_single_source_record
TK-249405,2026-01-23 00:37,2026-01-23 02:11,resolved,email,C100871,,,ambiguous,VA-EB-PL2,Billing & Payments,High,Billing,A3034,0,,3324.0,3324.0,DUP-PAYMENT,N,helpdesk,helpdesk,False,unique_record,rule2_single_source_record
TK-249415,2026-01-23 11:36,2026-01-23 12:19,resolved,voice,C109372,,VR907272,fallback_single,VA-EB-PL2,Billing & Payments,High,Billing,A3032,0,,6998.0,6998.0,DUP-PAYMENT,N,helpdesk,helpdesk,False,unique_record,rule2_single_source_record
TK-249418,2026-01-23 11:48,,pending,chat,C103505,,,ambiguous,VA-EB-PL1,Billing & Payments,Normal,Billing,A3033,0,,475.0,475.0,GW-OTHER,N,helpdesk,helpdesk,False,unique_record,rule2_single_source_record
TK-249425,2026-01-23 13:06,2026-01-24 13:38,resolved,chat,C108072,VR892589,VR892589,quoted_valid,VA-HP-ST3,Returns & Refunds,Normal,Returns Desk,A3038,1,5.0,6299.0,6299.0,GW-OTHER,N,helpdesk,helpdesk,False,unique_record,rule2_single_source_record
TK-249427,2026-01-23 15:35,2026-01-23 15:59,resolved,chat,C103667,VR905641,VR905641,quoted_valid,VA-EB-PL2,Charging & Battery,Normal,Chat Frontline,A3012,0,,3149.0,3149.0,GW-OTHER,N,helpdesk,helpdesk,False,unique_record,rule2_single_source_record
TK-249436,2026-01-23 20:58,2026-01-23 21:19,resolved,chat,C104394,VR907473,VR907473,quoted_valid,VA-EB-PL2,Other,Normal,Chat Frontline,A3008,0,4.0,3149.0,3149.0,CANCEL,N,helpdesk,helpdesk,False,unique_record,rule2_single_source_record
TK-249441,2026-01-23 22:40,2026-01-24 02:17,resolved,email,C106218,VR904979,VR904979,quoted_valid,VA-SW-NX2,Charging & Battery,Normal,Email Frontline,A3001,0,,5524.0,5524.0,DOA-REPL,Y,helpdesk,helpdesk,False,unique_record,rule2_single_source_record
TK-249447,2026-01-24 08:30,2026-01-26 14:36,resolved,email,C100965,VR893667,VR893667,quoted_valid,VA-EB-PL2,Delivery & Shipping,Normal,Logistics,A3030,0,,630.0,630.0,RETURN-QC-OK,N,helpdesk,helpdesk,False,unique_record,rule2_single_source_record
TK-249451,2026-01-24 09:40,2026-01-29 13:23,resolved,chat,C101417,VR895351,VR895351,quoted_valid,VA-EB-PL2,Warranty & Repair,High,Escalations & Warranty,A3039,0,5.0,3149.0,3149.0,WTY-BUYBACK,N,helpdesk,helpdesk,False,unique_record,rule2_single_source_record
TK-249457,2026-01-24 10:25,2026-01-26 12:30,resolved,email,C108656,,VR886321,fallback_single,VA-HP-ST2,Delivery & Shipping,Normal,Logistics,A3031,0,4.0,4499.0,4499.0,DOA-REPL,N,helpdesk,helpdesk,False,unique_record,rule2_single_source_record
TK-249488,2026-01-25 09:47,2026-01-25 10:11,resolved,chat,C105453,VR888054,VR888054,quoted_valid,VA-EB-PL2,Charging & Battery,Normal,Chat Frontline,A3006,0,,3499.0,3499.0,GW-OTHER,N,helpdesk,helpdesk,False,unique_record,rule2_single_source_record
TK-249490,2026-01-25 10:00,2026-01-26 10:48,resolved,social,C105860,VR897172,VR897172,quoted_valid,VA-EB-PL2,Returns & Refunds,Low,Returns Desk,A3037,0,,2974.0,2974.0,GW-OTHER,N,helpdesk,helpdesk,False,unique_record,rule2_single_source_record
TK-249501,2026-01-25 12:07,2026-01-25 12:36,resolved,chat,C106726,VR889406,VR889406,quoted_valid,VA-SP-ORB,Billing & Payments,Normal,Billing,A3033,0,3.0,540.0,540.0,GW-OTHER,N,helpdesk,helpdesk,False,unique_record,rule2_single_source_record
TK-249516,2026-01-25 20:55,2026-01-26 21:53,resolved,voice,C107225,,VR907073,fallback_single,VA-SW-FIT,Billing & Payments,Normal,Billing,A3035,0,,850.0,850.0,RETURN-QC-OK,N,helpdesk,helpdesk,False,unique_record,rule2_single_source_record
TK-249520,2026-01-25 23:39,2026-01-26 01:28,resolved,email,C100179,VR889017,VR889017,quoted_valid,VA-EB-PL2,Billing & Payments,Normal,Billing,A3033,0,,332.0,332.0,CANCEL,N,helpdesk,helpdesk,False,unique_record,rule2_single_source_record
TK-249521,2026-01-26 02:46,2026-01-26 04:39,resolved,email,C106008,,VR892500,fallback_single,VA-NB-ARC,Other,Normal,Email Frontline,A3003,0,2.0,1299.0,1299.0,CANCEL,N,helpdesk,helpdesk,False,unique_record,rule2_single_source_record
TK-249522,2026-01-26 07:03,2026-01-26 07:19,resolved,chat,C103817,,,ambiguous,VA-EB-PL2,Other,Normal,Chat Frontline,A3013,0,4.0,3499.0,3499.0,CANCEL,N,helpdesk,helpdesk,False,unique_record,rule2_single_source_record
TK-249527,2026-01-26 08:14,2026-01-27 08:56,resolved,voice,C101905,VR891339,VR891339,quoted_valid,VA-EB-PL2,Returns & Refunds,Normal,Returns Desk,A3038,0,4.0,2799.0,2799.0,GW-OTHER,N,helpdesk,helpdesk,False,unique_record,rule2_single_source_record
TK-249528,2026-01-26 08:15,2026-01-31 09:10,resolved,email,C104234,VR908325,VR908325,quoted_valid,VA-SP-MINI,Delivery & Shipping,Normal,Logistics,A3029,0,3.0,1999.0,1999.0,LOST-TRANSIT,N,helpdesk,helpdesk,False,unique_record,rule2_single_source_record
TK-249530,2026-01-26 09:00,2026-01-26 09:30,resolved,chat,C106522,VR883614,VR883614,quoted_valid,VA-EB-PL2,Billing & Payments,High,Billing,A3034,0,2.0,2799.0,2799.0,GW-OTHER,N,helpdesk,helpdesk,False,unique_record,rule2_single_source_record
TK-249535,2026-01-26 13:20,2026-01-26 15:40,resolved,social,C105675,,VR901161,fallback_single,VA-SP-MINI,Other,Normal,Chat Frontline,A3008,0,,500.0,500.0,GW-OTHER,N,helpdesk,helpdesk,False,unique_record,rule2_single_source_record
TK-249537,2026-01-26 13:30,2026-01-26 14:42,resolved,voice,C103278,,VR903615,fallback_single,VA-SP-MINI,Other,Normal,Voice Frontline,A3026,0,3.0,2374.0,2374.0,GW-OTHER,N,helpdesk,helpdesk,False,unique_record,rule2_single_source_record
TK-249538,2026-01-26 15:28,2026-01-26 15:40,resolved,chat,C104583,VR885507,VR885507,quoted_valid,VA-SW-NX1,Product Enquiry,Normal,Chat Frontline,A3008,0,5.0,400.0,400.0,PRICE-ADJ,N,helpdesk,helpdesk,False,unique_record,rule2_single_source_record
TK-249566,2026-01-27 13:37,2026-01-29 16:10,resolved,email,C106935,VR889228,VR889228,quoted_valid,VA-EB-PL2,Returns & Refunds,Normal,Returns Desk,A3036,0,4.0,3324.0,3324.0,GW-OTHER,N,helpdesk,helpdesk,False,unique_record,rule2_single_source_record
TK-249572,2026-01-27 17:57,,open,social,C107209,VR890171,VR890171,quoted_valid,VA-EB-AIR,Billing & Payments,Normal,Billing,A3035,0,5.0,1619.0,1619.0,GW-OTHER,N,helpdesk,helpdesk,False,unique_record,rule2_single_source_record
TK-249577,2026-01-27 19:07,2026-01-27 21:22,resolved,email,C106008,,VR892500,fallback_single,VA-NB-ARC,Audio Quality,Normal,Email Frontline,A3018,0,,1299.0,1299.0,WTY-BUYBACK,N,helpdesk,helpdesk,False,unique_record,rule2_single_source_record
TK-249585,2026-01-28 07:33,2026-01-31 08:03,resolved,chat,C108392,VR888532,VR888532,quoted_valid,VA-SW-NX2,Returns & Refunds,Normal,Returns Desk,A3038,0,,520.0,520.0,GW-OTHER,N,helpdesk,helpdesk,False,unique_record,rule2_single_source_record
TK-249591,2026-01-28 10:23,2026-01-28 11:03,resolved,chat,C101017,VR907951,VR907951,quoted_valid,VA-HP-ST3,Connectivity,Low,Chat Frontline,A3011,0,,6299.0,6299.0,GW-OTHER,N,helpdesk,helpdesk,False,unique_record,rule2_single_source_record
TK-249592,2026-01-28 11:07,2026-01-28 11:39,resolved,chat,C109086,VR881733,VR881733,quoted_valid,VA-SW-NX2,Billing & Payments,High,Billing,A3032,0,,6499.0,6499.0,DUP-PAYMENT,N,helpdesk,helpdesk,False,unique_record,rule2_single_source_record
TK-249599,2026-01-28 15:13,2026-01-29 15:42,resolved,chat,C109452,VR897652,VR897652,quoted_valid,VA-EB-PL2,Delivery & Shipping,Low,Logistics,A3030,0,,3499.0,3499.0,RETURN-QC-OK,N,helpdesk,helpdesk,False,unique_record,rule2_single_source_record
TK-249614,2026-01-29 10:08,2026-01-29 10:36,closed,chat,C107674,,VR903566,fallback_single,VA-NB-ARC,Other,Normal,Chat Frontline,A3013,0,,2468.0,2468.0,DUP-PAYMENT,N,helpdesk,helpdesk,False,unique_record,rule2_single_source_record
TK-249615,2026-01-29 10:16,2026-01-30 08:29,resolved,email,C109226,VR895945,VR895945,quoted_valid,VA-EB-PL2,Other,Normal,Email Frontline,A3038,1,1.0,280.0,280.0,DUP-PAYMENT,N,helpdesk,helpdesk,False,unique_record,rule2_single_source_record
TK-249625,2026-01-29 16:54,2026-01-29 19:06,resolved,email,C100488,,VR882581,fallback_single,VA-SW-NX2,Other,Normal,Email Frontline,A3018,0,5.0,1300.0,1300.0,CANCEL,N,helpdesk,helpdesk,False,unique_record,rule2_single_source_record
TK-249630,2026-01-29 19:58,2026-02-02 03:11,resolved,email,C106135,VR904809,VR904809,quoted_valid,VA-SP-MINI,Returns & Refunds,Normal,Returns Desk,A3037,0,2.0,2499.0,2499.0,GW-OTHER,N,helpdesk,helpdesk,False,unique_record,rule2_single_source_record
TK-249631,2026-01-29 20:13,2026-01-30 00:02,resolved,email,C101164,VR898472,VR898472,quoted_valid,VA-EB-PL2,Other,High,Email Frontline,A3016,0,5.0,630.0,630.0,CANCEL,N,helpdesk,helpdesk,False,unique_record,rule2_single_source_record
TK-249638,2026-01-29 23:47,2026-01-31 00:22,resolved,chat,C103882,VR889472,VR889472,quoted_valid,VA-SP-MINI,Returns & Refunds,Normal,Returns Desk,A3038,0,,2249.0,2249.0,RETURN-QC-OK,N,helpdesk,helpdesk,False,unique_record,rule2_single_source_record
TK-249651,2026-01-30 13:09,2026-01-30 15:30,resolved,social,C105806,VR890111,VR890111,quoted_valid,VA-EB-PL1,Billing & Payments,High,Billing,A3035,1,,1999.0,1999.0,DUP-PAYMENT,N,helpdesk,helpdesk,False,unique_record,rule2_single_source_record
TK-249652,2026-01-30 15:29,2026-01-30 16:48,resolved,voice,C101865,,VR894534,fallback_single,VA-SW-NX2,Other,Normal,Voice Frontline,A3026,0,,5524.0,5524.0,DUP-PAYMENT,N,helpdesk,helpdesk,False,unique_record,rule2_single_source_record
TK-249672,2026-01-30 21:47,2026-01-30 22:25,resolved,chat,C102701,VR886232,VR886232,quoted_valid,VA-SP-MINI,Billing & Payments,High,Billing,A3035,0,,2499.0,2499.0,DUP-PAYMENT,N,helpdesk,helpdesk,False,unique_record,rule2_single_source_record
TK-249675,2026-01-30 23:45,2026-02-03 00:14,resolved,chat,C106516,VR903574,VR903574,quoted_valid,VA-EB-PL2,Delivery & Shipping,Normal,Logistics,A3028,0,,2974.0,2974.0,RETURN-QC-OK,N,helpdesk,helpdesk,False,unique_record,rule2_single_source_record
TK-249677,2026-01-31 09:06,2026-02-01 09:36,resolved,chat,C107674,,VR903566,fallback_single,VA-NB-ARC,Returns & Refunds,Normal,Returns Desk,A3038,0,4.0,2468.0,2468.0,RETURN-QC-OK,N,helpdesk,helpdesk,False,unique_record,rule2_single_source_record
TK-249687,2026-01-31 14:24,2026-01-31 15:23,resolved,social,C109192,VR883104,VR883104,quoted_valid,VA-EB-PL2,Other,Normal,Chat Frontline,A3015,0,,2974.0,2974.0,CANCEL,N,helpdesk,helpdesk,False,unique_record,rule2_single_source_record
TK-249701,2026-01-31 22:43,2026-01-31 23:21,resolved,chat,C108812,VR892652,VR892652,quoted_valid,VA-HP-ST3,Billing & Payments,Normal,Billing,A3032,0,3.0,6649.0,6649.0,GW-OTHER,N,helpdesk,helpdesk,False,unique_record,rule2_single_source_record
TK-249706,2026-02-01 10:03,2026-02-02 10:27,resolved,chat,C108213,VR895162,VR895162,quoted_valid,VA-EB-PL2,Returns & Refunds,Normal,Returns Desk,A3038,0,,1574.0,1574.0,RETURN-QC-OK,N,helpdesk,helpdesk,False,unique_record,rule2_single_source_record
TK-249707,2026-02-01 10:05,2026-02-02 10:35,resolved,chat,C106606,VR902521,VR902521,quoted_valid,VA-EB-PL2,Returns & Refunds,Normal,Returns Desk,A3037,0,5.0,3149.0,3149.0,RETURN-QC-OK,N,helpdesk,helpdesk,False,unique_record,rule2_single_source_record
TK-249713,2026-02-01 11:44,2026-02-04 12:22,closed,chat,C109100,,VR892326,fallback_single,VA-EB-PL2,Delivery & Shipping,High,Logistics,A3031,0,2.0,3499.0,3499.0,GW-OTHER,N,helpdesk,helpdesk,False,unique_record,rule2_single_source_record
TK-249715,2026-02-01 13:02,2026-02-03 13:33,resolved,chat,C108258,,VR885501,fallback_single,VA-SW-NX1,Returns & Refunds,High,Returns Desk,A3038,0,,450.0,450.0,GW-OTHER,N,helpdesk,helpdesk,False,unique_record,rule2_single_source_record
TK-249723,2026-02-01 17:03,2026-02-04 18:43,resolved,email,C104536,,VR883084,fallback_single,VA-EB-PL2,Returns & Refunds,Normal,Returns Desk,A3036,0,2.0,2799.0,2799.0,RETURN-QC-OK,N,helpdesk,helpdesk,False,unique_record,rule2_single_source_record
TK-249725,2026-02-01 17:48,2026-02-01 18:06,resolved,chat,C108783,VR894670,VR894670,quoted_valid,VA-SW-FIT,Delivery & Shipping,Normal,Logistics,A3030,0,,1699.0,1699.0,GW-OTHER,N,helpdesk,helpdesk,False,unique_record,rule2_single_source_record
TK-249730,2026-02-01 20:22,2026-02-01 23:41,resolved,social,C101467,VR891984,VR891984,quoted_valid,VA-EB-PL2,Connectivity,Normal,Chat Frontline,A3002,0,3.0,3499.0,3499.0,GW-OTHER,N,helpdesk,helpdesk,False,unique_record,rule2_single_source_record
TK-249731,2026-02-01 21:12,2026-02-01 23:41,resolved,email,C100661,,VR884279,fallback_single,VA-EB-PL2,Other,Normal,Email Frontline,A3003,0,3.0,420.0,420.0,CANCEL,N,helpdesk,helpdesk,False,unique_record,rule2_single_source_record
TK-249738,2026-02-02 07:39,2026-02-03 11:11,resolved,email,C101728,VR888198,VR888198,quoted_valid,VA-EB-PL2,Returns & Refunds,Normal,Returns Desk,A3038,0,3.0,3149.0,3149.0,RETURN-QC-OK,N,helpdesk,helpdesk,False,unique_record,rule2_single_source_record
TK-249741,2026-02-02 08:37,2026-02-02 09:48,resolved,social,C102331,VR882979,VR882979,quoted_valid,VA-SW-NX2,Billing & Payments,High,Billing,A3017,1,3.0,650.0,650.0,GW-OTHER,N,helpdesk,helpdesk,False,unique_record,rule2_single_source_record
TK-249755,2026-02-02 17:33,,pending,email,C102933,,VR904232,fallback_single,VA-SP-MINI,Connectivity,Normal,Email Frontline,A3018,0,4.0,2124.0,2124.0,GW-OTHER,N,helpdesk,helpdesk,False,unique_record,rule2_single_source_record
TK-249757,2026-02-02 18:40,2026-02-02 19:09,resolved,voice,C107143,VR898057,VR898057,quoted_valid,VA-EB-PL2,Audio Quality,Normal,Voice Frontline,A3026,0,3.0,332.0,332.0,WTY-BUYBACK,N,helpdesk,helpdesk,False,unique_record,rule2_single_source_record
TK-249759,2026-02-02 18:53,2026-02-02 22:31,closed,email,C108932,VR891138,VR891138,quoted_valid,VA-EB-PL1,Billing & Payments,High,Billing,A3033,0,,1999.0,1999.0,PRICE-ADJ,N,helpdesk,helpdesk,False,unique_record,rule2_single_source_record
TK-249761,2026-02-02 19:32,2026-02-04 23:32,resolved,email,C101097,VR882333,VR882333,quoted_valid,VA-AC-CASE,Billing & Payments,High,Billing,A3032,0,3.0,1299.0,1299.0,GW-OTHER,Y,helpdesk,helpdesk,False,unique_record,rule2_single_source_record
TK-249774,2026-02-03 09:05,2026-02-03 14:24,resolved,email,C101195,VR897826,VR897826,quoted_valid,VA-EB-PL2,Charging & Battery,Normal,Email Frontline,A3018,0,3.0,3149.0,3149.0,GW-OTHER,Y,helpdesk,helpdesk,False,unique_record,rule2_single_source_record
TK-249782,2026-02-03 11:31,2026-02-05 11:59,closed,chat,C109058,,,ambiguous,VA-EB-AIR,Delivery & Shipping,Normal,Logistics,A3029,0,4.0,1799.0,1799.0,RETURN-QC-OK,N,helpdesk,helpdesk,False,unique_record,rule2_single_source_record
TK-249785,2026-02-03 12:21,2026-02-03 13:23,resolved,social,C107857,VR898387,VR898387,quoted_valid,VA-EB-PL2,Other,Normal,Chat Frontline,A3010,0,3.0,3149.0,3149.0,DUP-PAYMENT,N,helpdesk,helpdesk,False,unique_record,rule2_single_source_record
TK-249788,2026-02-03 14:11,2026-02-03 15:30,resolved,email,C104566,VR900270,VR900270,quoted_valid,VA-SW-NX2,Returns & Refunds,Normal,Returns Desk,A3036,0,,6174.0,6174.0,GW-OTHER,N,helpdesk,helpdesk,False,unique_record,rule2_single_source_record
TK-249790,2026-02-03 16:18,2026-02-03 16:56,resolved,chat,C102329,,VR883309,fallback_single,VA-EB-PL2,Billing & Payments,Normal,Billing,A3035,0,,350.0,350.0,GW-OTHER,N,helpdesk,helpdesk,False,unique_record,rule2_single_source_record
TK-249803,2026-02-03 21:44,2026-02-03 22:41,resolved,social,C108836,,VR892376,fallback_single,VA-SW-NX2,Billing & Payments,Normal,Billing,A3032,0,,5199.0,5199.0,GW-OTHER,N,helpdesk,helpdesk,False,unique_record,rule2_single_source_record
TK-249810,2026-02-04 07:02,2026-02-04 08:31,resolved,social,C102226,VR901731,VR901731,quoted_valid,VA-EB-PL2,Other,Normal,Chat Frontline,A3010,0,4.0,3324.0,3324.0,DOA-REPL,Y,helpdesk,helpdesk,False,unique_record,rule2_single_source_record
TK-249811,2026-02-04 11:06,2026-02-04 11:35,closed,chat,C103935,VR881716,VR881716,quoted_valid,VA-EB-AIR,Delivery & Shipping,High,Logistics,A3027,0,5.0,1799.0,1799.0,GW-OTHER,N,helpdesk,helpdesk,False,unique_record,rule2_single_source_record
TK-249812,2026-02-04 11:21,2026-02-04 11:39,resolved,chat,C104235,,VR899387,fallback_single,VA-EB-PL2,Connectivity,Normal,Chat Frontline,A3007,0,4.0,3499.0,3499.0,DOA-REPL,Y,helpdesk,helpdesk,False,unique_record,rule2_single_source_record
TK-249833,2026-02-04 18:17,2026-02-04 18:43,resolved,chat,C104236,VR893934,VR893934,quoted_valid,VA-EB-PL1,Delivery & Shipping,Normal,Logistics,A3030,0,4.0,1250.0,1250.0,GW-OTHER,N,helpdesk,helpdesk,False,unique_record,rule2_single_source_record
TK-249847,2026-02-05 11:13,2026-02-07 11:44,resolved,chat,C105337,VR895869,VR895869,quoted_valid,VA-EB-PL2,Returns & Refunds,High,Returns Desk,A3038,0,,350.0,350.0,RETURN-QC-OK,N,helpdesk,helpdesk,False,unique_record,rule2_single_source_record
TK-249850,2026-02-05 12:08,2026-02-05 12:44,resolved,voice,C102402,VR896747,VR896747,quoted_valid,VA-SW-NX1,Other,Normal,Voice Frontline,A3023,0,,3999.0,3999.0,CANCEL,N,helpdesk,helpdesk,False,unique_record,rule2_single_source_record
TK-249853,2026-02-05 12:36,2026-02-08 14:14,resolved,email,C104403,,VR880915,fallback_single,VA-EB-PL2,Delivery & Shipping,Normal,Logistics,A3028,0,,700.0,700.0,GW-OTHER,N,helpdesk,helpdesk,False,unique_record,rule2_single_source_record
TK-249856,2026-02-05 14:40,2026-02-05 14:56,resolved,chat,C107603,VR902994,VR902994,quoted_valid,VA-EB-PL2,Billing & Payments,Normal,Billing,A3035,0,3.0,5598.0,5598.0,PRICE-ADJ,N,helpdesk,helpdesk,False,unique_record,rule2_single_source_record
TK-249869,2026-02-05 18:46,2026-02-05 19:03,resolved,chat,C101464,,,ambiguous,VA-EB-PL2,Other,Normal,Chat Frontline,A3014,0,4.0,3499.0,3499.0,CANCEL,N,helpdesk,helpdesk,False,unique_record,rule2_single_source_record
TK-249872,2026-02-05 20:48,2026-02-06 21:15,closed,chat,C104774,VR908804,VR908804,quoted_valid,VA-EB-PL1,Returns & Refunds,High,Returns Desk,A3036,0,,2499.0,2499.0,GW-OTHER,N,helpdesk,helpdesk,False,unique_record,rule2_single_source_record
TK-249873,2026-02-05 21:39,2026-02-06 00:14,resolved,voice,C103132,VR903348,VR903348,quoted_valid,VA-EB-PL2,Delivery & Shipping,Normal,Logistics,A3027,0,,2799.0,2799.0,RETURN-QC-OK,N,helpdesk,helpdesk,False,unique_record,rule2_single_source_record
TK-249890,2026-02-06 13:25,2026-02-07 19:50,resolved,email,C108356,,,ambiguous,VA-EB-PL2,Billing & Payments,High,Billing,A3035,0,,3499.0,3499.0,GW-OTHER,N,helpdesk,helpdesk,False,unique_record,rule2_single_source_record
TK-249893,2026-02-06 14:56,2026-02-08 19:04,resolved,voice,C109203,,,ambiguous,VA-EB-PL2,Returns & Refunds,Normal,Returns Desk,A3036,0,,3499.0,3499.0,RETURN-QC-OK,N,helpdesk,helpdesk,False,unique_record,rule2_single_source_record
TK-249896,2026-02-06 15:59,2026-02-06 16:29,resolved,chat,C105449,VR892907,VR892907,quoted_valid,VA-SP-MINI,Returns & Refunds,Normal,Returns Desk,A3036,0,,2499.0,2499.0,GW-OTHER,N,helpdesk,helpdesk,False,unique_record,rule2_single_source_record
TK-249897,2026-02-06 16:40,,open,email,C101483,,VR888645,fallback_single,VA-EB-PL1,Other,Normal,Email Frontline,A3018,0,,475.0,475.0,GW-OTHER,N,helpdesk,helpdesk,False,unique_record,rule2_single_source_record
TK-249900,2026-02-06 18:32,2026-02-08 20:24,resolved,voice,C105583,VR900573,VR900573,quoted_valid,VA-EB-PL2,Delivery & Shipping,Normal,Logistics,A3030,0,3.0,3499.0,3499.0,DOA-REPL,N,helpdesk,helpdesk,False,unique_record,rule2_single_source_record
TK-249903,2026-02-06 19:29,2026-02-07 12:07,resolved,email,C102402,VR896747,VR896747,quoted_valid,VA-SW-NX1,Billing & Payments,High,Billing,A3034,0,,600.0,600.0,PRICE-ADJ,N,helpdesk,helpdesk,False,unique_record,rule2_single_source_record
TK-249912,2026-02-07 00:18,2026-02-10 09:01,resolved,email,C102236,VR892788,VR892788,quoted_valid,VA-EB-PL2,Returns & Refunds,Normal,Returns Desk,A3037,0,,3149.0,3149.0,GW-OTHER,N,helpdesk,helpdesk,False,unique_record,rule2_single_source_record
TK-249913,2026-02-07 00:19,2026-02-09 03:24,resolved,email,C106513,,VR893549,fallback_single,VA-EB-PL2,Billing & Payments,High,Billing,A3032,0,,3324.0,3324.0,RETURN-QC-OK,N,helpdesk,helpdesk,False,unique_record,rule2_single_source_record
TK-249919,2026-02-07 12:28,2026-02-07 13:07,resolved,chat,C105458,VR904757,VR904757,quoted_valid,VA-SP-MINI,Billing & Payments,High,Billing,A3032,0,,2499.0,2499.0,DUP-PAYMENT,N,helpdesk,helpdesk,False,unique_record,rule2_single_source_record
TK-249925,2026-02-07 14:28,,pending,chat,C105698,VR883176,VR883176,quoted_valid,VA-SW-NX1,Delivery & Shipping,Normal,Logistics,A3030,0,3.0,4999.0,4999.0,RETURN-QC-OK,N,helpdesk,helpdesk,False,unique_record,rule2_single_source_record
TK-249931,2026-02-07 17:23,2026-02-09 17:43,resolved,chat,C106345,,VR881880,fallback_single,VA-EB-AIR,Returns & Refunds,Low,Returns Desk,A3028,1,,1619.0,1619.0,RETURN-QC-OK,N,helpdesk,helpdesk,False,unique_record,rule2_single_source_record
TK-249933,2026-02-07 17:25,2026-02-07 20:16,resolved,voice,C104530,,VR903095,fallback_single,VA-SP-MINI,Delivery & Shipping,High,Logistics,A3030,0,3.0,2499.0,2499.0,DOA-REPL,N,helpdesk,helpdesk,False,unique_record,rule2_single_source_record
TK-249952,2026-02-08 07:40,2026-02-10 09:01,resolved,email,C104419,,VR906928,fallback_single,VA-EB-PL2,Returns & Refunds,Normal,Returns Desk,A3038,0,,2974.0,2974.0,GW-OTHER,N,helpdesk,helpdesk,False,unique_record,rule2_single_source_record
TK-249960,2026-02-08 10:55,2026-02-09 13:08,resolved,voice,C103273,,,ambiguous,VA-EB-PL2,Returns & Refunds,Normal,Returns Desk,A3038,0,,3499.0,3499.0,GW-OTHER,N,helpdesk,helpdesk,False,unique_record,rule2_single_source_record
TK-249970,2026-02-08 15:09,2026-02-08 16:42,resolved,social,C104465,VR884484,VR884484,quoted_valid,VA-EB-PL2,Billing & Payments,High,Billing,A3035,0,,350.0,350.0,DUP-PAYMENT,N,helpdesk,helpdesk,False,unique_record,rule2_single_source_record
TK-249977,2026-02-08 19:09,2026-02-09 23:14,resolved,email,C107084,,,ambiguous,VA-EB-PL2,Delivery & Shipping,Low,Logistics,A3028,0,,3324.0,3324.0,WTY-BUYBACK,Y,helpdesk,helpdesk,False,unique_record,rule2_single_source_record
TK-249993,2026-02-09 04:37,2026-02-09 06:46,resolved,email,C107566,,VR881008,fallback_single,VA-SW-FIT,Delivery & Shipping,Normal,Logistics,A3031,0,,1799.0,1799.0,GW-OTHER,N,helpdesk,helpdesk,False,unique_record,rule2_single_source_record
TK-249996,2026-02-09 08:28,2026-02-11 14:03,resolved,social,C101650,,,ambiguous,VA-EB-PL1,Returns & Refunds,Normal,Returns Desk,A3038,0,,1999.0,1999.0,GW-OTHER,N,helpdesk,helpdesk,False,unique_record,rule2_single_source_record
TK-250008,2026-02-09 10:57,2026-02-09 12:21,resolved,voice,C103982,VR896388,VR896388,quoted_valid,VA-EB-PL2,Returns & Refunds,High,Returns Desk,A3038,0,,3499.0,3499.0,GW-OTHER,N,helpdesk,helpdesk,False,unique_record,rule2_single_source_record
TK-250012,2026-02-09 12:47,2026-02-09 14:52,resolved,email,C103176,VR896406,VR896406,quoted_valid,VA-EB-PL1,Other,High,Email Frontline,A3018,0,2.0,2374.0,2374.0,GW-OTHER,N,helpdesk,helpdesk,False,unique_record,rule2_single_source_record
TK-250021,2026-02-09 20:02,2026-02-09 20:22,resolved,chat,C103365,,VR894354,fallback_single,VA-SW-NX2,Other,Normal,Chat Frontline,A3009,0,4.0,585.0,585.0,CANCEL,N,helpdesk,helpdesk,False,unique_record,rule2_single_source_record
TK-250022,2026-02-09 20:34,2026-02-09 21:22,resolved,chat,C104086,,VR889793,fallback_single,VA-EB-PL2,Charging & Battery,Normal,Chat Frontline,A3005,0,,3324.0,3324.0,GW-OTHER,Y,helpdesk,helpdesk,False,unique_record,rule2_single_source_record
TK-250031,2026-02-10 12:03,2026-02-13 12:23,resolved,chat,C103217,VR882675,VR882675,quoted_valid,VA-EB-PL2,Returns & Refunds,Normal,Returns Desk,A3037,0,4.0,2799.0,2799.0,RETURN-QC-OK,N,helpdesk,helpdesk,False,unique_record,rule2_single_source_record
TK-250032,2026-02-10 12:53,2026-02-10 14:18,resolved,social,C101564,VR889802,VR889802,quoted_valid,VA-EB-PL1,Billing & Payments,Normal,Billing,A3032,0,,2374.0,2374.0,DUP-PAYMENT,N,helpdesk,helpdesk,False,unique_record,rule2_single_source_record
TK-250044,2026-02-10 18:16,2026-02-10 18:45,resolved,chat,C100535,,,ambiguous,VA-EB-AIR,Charging & Battery,High,Chat Frontline,A3036,2,,1619.0,1619.0,GW-OTHER,N,helpdesk,helpdesk,False,unique_record,rule2_single_source_record
TK-250054,2026-02-11 08:25,2026-02-11 09:56,resolved,email,C101625,,VR894379,fallback_single,VA-SW-NX2,Billing & Payments,Normal,Billing,A3033,0,,3250.0,3250.0,DUP-PAYMENT,N,helpdesk,helpdesk,False,unique_record,rule2_single_source_record
TK-250056,2026-02-11 09:20,2026-02-14 09:52,resolved,chat,C103290,,VR891652,fallback_single,VA-EB-PL2,Returns & Refunds,Normal,Returns Desk,A3038,0,3.0,2974.0,2974.0,RETURN-QC-OK,N,helpdesk,helpdesk,False,unique_record,rule2_single_source_record
TK-250061,2026-02-11 13:33,2026-02-11 13:55,closed,chat,C102804,VR882498,VR882498,quoted_valid,VA-EB-PL2,Other,Normal,Chat Frontline,A3010,0,4.0,420.0,420.0,CANCEL,N,helpdesk,helpdesk,False,unique_record,rule2_single_source_record
TK-250072,2026-02-11 18:15,2026-02-12 00:18,resolved,email,C101778,,VR906283,fallback_single,VA-SP-MINI,Billing & Payments,High,Billing,A3034,0,5.0,1250.0,1250.0,PRICE-ADJ,N,helpdesk,helpdesk,False,unique_record,rule2_single_source_record
TK-250082,2026-02-12 09:56,2026-02-13 10:36,resolved,chat,C108599,VR908153,VR908153,quoted_valid,VA-EB-PL2,Returns & Refunds,Normal,Returns Desk,A3037,0,2.0,3149.0,3149.0,RETURN-QC-OK,N,helpdesk,helpdesk,False,unique_record,rule2_single_source_record
TK-250085,2026-02-12 10:28,2026-02-13 10:55,resolved,social,C104357,VR884337,VR884337,quoted_valid,VA-SW-NX2,Returns & Refunds,Normal,Returns Desk,A3037,0,3.0,6174.0,6174.0,RETURN-QC-OK,N,helpdesk,helpdesk,False,unique_record,rule2_single_source_record
TK-250087,2026-02-12 10:53,2026-02-12 11:27,resolved,chat,C108864,,VR907982,fallback_single,VA-EB-PL2,Connectivity,Normal,Chat Frontline,A3007,0,,2974.0,2974.0,GW-OTHER,N,helpdesk,helpdesk,False,unique_record,rule2_single_source_record
TK-250091,2026-02-12 11:05,2026-02-12 11:33,resolved,chat,C108598,VR892418,VR892418,quoted_valid,VA-AC-CH65,Billing & Payments,Normal,Billing,A3033,0,,1274.0,1274.0,PRICE-ADJ,N,helpdesk,helpdesk,False,unique_record,rule2_single_source_record
TK-250094,2026-02-12 14:37,2026-02-12 15:18,resolved,email,C105517,VR882222,VR882222,quoted_valid,VA-SP-MINI,Billing & Payments,Normal,Billing,A3035,0,3.0,2124.0,2124.0,GW-OTHER,N,helpdesk,helpdesk,False,unique_record,rule2_single_source_record
TK-250095,2026-02-12 15:11,2026-02-13 15:52,resolved,voice,C100130,,VR889039,fallback_single,VA-EB-PL2,Returns & Refunds,Normal,Returns Desk,A3036,0,4.0,3499.0,3499.0,RETURN-QC-OK,N,helpdesk,helpdesk,False,unique_record,rule2_single_source_record
TK-250108,2026-02-12 23:03,2026-02-13 01:17,resolved,email,C105545,VR903241,VR903241,quoted_valid,VA-SP-MINI,Billing & Payments,High,Billing,A3029,1,4.0,319.0,319.0,GW-OTHER,N,helpdesk,helpdesk,False,unique_record,rule2_single_source_record
TK-250119,2026-02-13 12:35,2026-02-13 13:18,resolved,chat,C109357,VR892957,VR892957,quoted_valid,VA-EB-PL2,Billing & Payments,Normal,Billing,A3032,0,2.0,3324.0,3324.0,DUP-PAYMENT,N,helpdesk,helpdesk,False,unique_record,rule2_single_source_record
TK-250120,2026-02-13 12:55,2026-02-14 03:35,resolved,social,C109058,,,ambiguous,VA-EB-AIR,Returns & Refunds,Normal,Returns Desk,A3037,0,,270.0,270.0,GW-OTHER,N,helpdesk,helpdesk,False,unique_record,rule2_single_source_record
TK-250131,2026-02-13 20:18,2026-02-13 20:46,resolved,chat,C104337,VR894493,VR894493,quoted_valid,VA-EB-PL2,Billing & Payments,Normal,Billing,A3035,0,,2799.0,2799.0,PRICE-ADJ,N,helpdesk,helpdesk,False,unique_record,rule2_single_source_record
TK-250137,2026-02-13 22:16,2026-02-14 00:39,resolved,email,C101618,,,ambiguous,VA-EB-PL2,Billing & Payments,High,Billing,A3034,0,,3149.0,3149.0,GW-OTHER,N,helpdesk,helpdesk,False,unique_record,rule2_single_source_record
TK-250139,2026-02-13 22:30,2026-02-15 02:53,resolved,email,C103197,,,ambiguous,VA-EB-PL1,Billing & Payments,Normal,Billing,A3034,0,3.0,356.0,356.0,GW-OTHER,N,helpdesk,helpdesk,False,unique_record,rule2_single_source_record
TK-250140,2026-02-13 22:35,2026-02-13 23:06,resolved,chat,C105978,,VR892485,fallback_single,VA-EB-PL2,Billing & Payments,High,Billing,A3033,0,3.0,3499.0,3499.0,GW-OTHER,N,helpdesk,helpdesk,False,unique_record,rule2_single_source_record
TK-250151,2026-02-14 12:29,2026-02-16 12:50,resolved,chat,C102295,VR881064,VR881064,quoted_valid,VA-AC-CASE,Returns & Refunds,Normal,Returns Desk,A3038,0,,195.0,195.0,RETURN-QC-OK,N,helpdesk,helpdesk,False,unique_record,rule2_single_source_record
TK-250155,2026-02-14 15:36,2026-02-15 16:03,resolved,chat,C104549,VR885047,VR885047,quoted_valid,VA-EB-PL2,Returns & Refunds,Low,Returns Desk,A3036,0,3.0,2799.0,2799.0,GW-OTHER,N,helpdesk,helpdesk,False,unique_record,rule2_single_source_record
TK-250162,2026-02-14 17:18,2026-02-14 19:13,resolved,email,C103818,,,ambiguous,VA-EB-PL2,Billing & Payments,Low,Billing,A3035,0,4.0,2974.0,2974.0,DUP-PAYMENT,N,helpdesk,helpdesk,False,unique_record,rule2_single_source_record
TK-250180,2026-02-15 12:40,2026-02-15 13:11,resolved,voice,C103053,VR891876,VR891876,quoted_valid,VA-HP-ST3,Billing & Payments,High,Billing,A3033,0,,5949.0,5949.0,DUP-PAYMENT,N,helpdesk,helpdesk,False,unique_record,rule2_single_source_record
TK-250182,2026-02-15 14:30,2026-02-15 15:07,resolved,chat,C100908,VR891962,VR891962,quoted_valid,VA-EB-PL2,Charging & Battery,Normal,Chat Frontline,A3005,0,,700.0,700.0,GW-OTHER,N,helpdesk,helpdesk,False,unique_record,rule2_single_source_record
TK-250183,2026-02-15 15:17,2026-02-15 19:42,resolved,voice,C109475,VR900949,VR900949,quoted_valid,VA-EB-PL2,Billing & Payments,High,Billing,A3035,0,,6998.0,6998.0,DUP-PAYMENT,N,helpdesk,helpdesk,False,unique_record,rule2_single_source_record
TK-250202,2026-02-15 22:51,2026-02-15 23:22,resolved,chat,C103343,VR891616,VR891616,quoted_valid,VA-SP-ORB,Billing & Payments,High,Billing,A3032,0,,960.0,960.0,DUP-PAYMENT,N,helpdesk,helpdesk,False,unique_record,rule2_single_source_record
TK-250207,2026-02-16 01:25,2026-02-24 08:09,resolved,chat,C109308,VR887285,VR887285,quoted_valid,VA-SP-ORB,Warranty & Repair,Normal,Escalations & Warranty,A3039,0,4.0,5099.0,5099.0,DOA-REPL,N,helpdesk,helpdesk,False,unique_record,rule2_single_source_record
TK-250209,2026-02-16 07:03,2026-02-18 07:28,resolved,chat,C106223,VR898060,VR898060,quoted_valid,VA-EB-PL2,Other,Normal,Chat Frontline,A3007,0,5.0,2974.0,2974.0,GW-OTHER,N,helpdesk,helpdesk,False,unique_record,rule2_single_source_record
TK-250210,2026-02-16 07:05,2026-02-16 07:32,resolved,chat,C109132,VR905736,VR905736,quoted_valid,VA-HP-ST3,Billing & Payments,High,Billing,A3033,0,,6999.0,6999.0,DUP-PAYMENT,N,helpdesk,helpdesk,False,unique_record,rule2_single_source_record
TK-250215,2026-02-16 09:17,2026-02-16 10:10,resolved,email,C100179,VR893474,VR893474,quoted_valid,VA-EB-AIR,Billing & Payments,High,Billing,A3032,0,,1799.0,1799.0,GW-OTHER,N,helpdesk,helpdesk,False,unique_record,rule2_single_source_record
TK-250219,2026-02-16 10:56,2026-02-17 11:33,resolved,chat,C104534,VR891096,VR891096,quoted_valid,VA-SW-FIT,Delivery & Shipping,Low,Logistics,A3029,0,,1799.0,1799.0,LOST-TRANSIT,N,helpdesk,helpdesk,False,unique_record,rule2_single_source_record
TK-250228,2026-02-16 14:36,2026-02-17 15:14,resolved,voice,C102435,VR901348,VR901348,quoted_valid,VA-NB-ARC,Returns & Refunds,Normal,Returns Desk,A3036,0,3.0,1299.0,1299.0,RETURN-QC-OK,N,helpdesk,helpdesk,False,unique_record,rule2_single_source_record
TK-250234,2026-02-16 16:09,2026-02-17 06:07,resolved,email,C101865,,VR894534,fallback_single,VA-SW-NX2,Returns & Refunds,Normal,Returns Desk,A3038,0,3.0,5524.0,5524.0,DOA-REPL,Y,helpdesk,helpdesk,False,unique_record,rule2_single_source_record
TK-250251,2026-02-16 22:32,2026-02-17 06:53,resolved,email,C108958,,VR908114,fallback_single,VA-EB-PL2,Product Enquiry,Normal,Email Frontline,A3020,0,,2799.0,2799.0,GW-OTHER,N,helpdesk,helpdesk,False,unique_record,rule2_single_source_record
TK-250255,2026-02-17 03:31,2026-02-19 03:51,resolved,chat,C103527,VR893502,VR893502,quoted_valid,VA-HP-ST3,Returns & Refunds,Low,Returns Desk,A3038,0,,630.0,630.0,GW-OTHER,N,helpdesk,helpdesk,False,unique_record,rule2_single_source_record
TK-250260,2026-02-17 10:03,2026-02-17 16:59,resolved,email,C101545,,VR898949,fallback_single,VA-HP-ST3,Product Enquiry,Normal,Email Frontline,A3018,0,5.0,6299.0,6299.0,PRICE-ADJ,N,helpdesk,helpdesk,False,unique_record,rule2_single_source_record
TK-250266,2026-02-17 11:45,2026-02-19 12:22,resolved,chat,C104314,VR894313,VR894313,quoted_valid,VA-SP-ORB,Returns & Refunds,Low,Returns Desk,A3038,0,5.0,540.0,540.0,RETURN-QC-OK,N,helpdesk,helpdesk,False,unique_record,rule2_single_source_record
TK-250314,2026-02-18 15:59,2026-02-21 18:31,resolved,email,C108856,VR907973,VR907973,quoted_valid,VA-SW-NX2,Returns & Refunds,Normal,Returns Desk,A3036,0,4.0,6499.0,6499.0,RETURN-QC-OK,N,helpdesk,helpdesk,False,unique_record,rule2_single_source_record
TK-250341,2026-02-19 10:08,2026-02-19 10:42,resolved,voice,C104360,VR892545,VR892545,quoted_valid,VA-EB-PL2,Billing & Payments,High,Billing,A3034,0,,499.0,499.0,GW-OTHER,N,helpdesk,helpdesk,False,unique_record,rule2_single_source_record
TK-250345,2026-02-19 11:18,2026-02-19 11:39,resolved,chat,C109063,VR886780,VR886780,quoted_valid,VA-SW-FIT,Delivery & Shipping,Normal,Logistics,A3028,0,,1899.0,1899.0,GW-OTHER,N,helpdesk,helpdesk,False,unique_record,rule2_single_source_record
TK-250359,2026-02-19 18:38,2026-02-21 19:42,resolved,voice,C101342,VR881833,VR881833,quoted_valid,VA-EB-PL1,Other,Low,Voice Frontline,A3026,0,4.0,1999.0,1999.0,GW-OTHER,Y,helpdesk,helpdesk,False,unique_record,rule2_single_source_record
TK-250370,2026-02-19 22:49,2026-02-20 01:37,resolved,social,C105384,VR901768,VR901768,quoted_valid,VA-EB-PL2,Connectivity,High,Chat Frontline,A3016,0,4.0,3149.0,3149.0,GW-OTHER,Y,helpdesk,helpdesk,False,unique_record,rule2_single_source_record
TK-250375,2026-02-20 10:37,2026-02-23 14:39,closed,social,C108179,VR905037,VR905037,quoted_valid,VA-SW-NX2,Returns & Refunds,Normal,Returns Desk,A3036,0,3.0,2924.0,2924.0,RETURN-QC-OK,N,helpdesk,helpdesk,False,unique_record,rule2_single_source_record
TK-250377,2026-02-20 11:00,2026-02-20 11:25,resolved,chat,C107996,,,ambiguous,VA-EB-PL2,Billing & Payments,High,Billing,A3034,0,4.0,3149.0,3149.0,DUP-PAYMENT,N,helpdesk,helpdesk,False,unique_record,rule2_single_source_record
TK-250383,2026-02-20 13:30,2026-02-21 14:12,resolved,voice,C106791,,VR901782,fallback_single,VA-SW-FIT,Returns & Refunds,High,Returns Desk,A3038,0,,380.0,380.0,RETURN-QC-OK,N,helpdesk,helpdesk,False,unique_record,rule2_single_source_record
TK-250388,2026-02-20 15:45,2026-02-23 20:38,resolved,email,C103490,VR893681,VR893681,quoted_valid,VA-AC-CBL,Returns & Refunds,Normal,Returns Desk,A3036,0,4.0,339.0,339.0,RETURN-QC-OK,N,helpdesk,helpdesk,False,unique_record,rule2_single_source_record
TK-250389,2026-02-20 17:35,2026-02-20 17:54,resolved,chat,C100413,VR885935,VR885935,quoted_valid,VA-EB-PL2,Billing & Payments,Normal,Billing,A3035,0,3.0,3324.0,3324.0,DUP-PAYMENT,N,helpdesk,helpdesk,False,unique_record,rule2_single_source_record
TK-250398,2026-02-20 22:03,2026-02-21 02:30,resolved,email,C100944,VR887746,VR887746,quoted_valid,VA-SP-MINI,Other,Normal,Email Frontline,A3017,0,,2124.0,2124.0,CANCEL,N,helpdesk,helpdesk,False,unique_record,rule2_single_source_record
TK-250422,2026-02-21 15:18,2026-02-21 18:57,resolved,social,C103997,VR887607,VR887607,quoted_valid,VA-SW-NX1,Billing & Payments,High,Billing,A3035,0,5.0,4999.0,4999.0,GW-OTHER,N,helpdesk,helpdesk,False,unique_record,rule2_single_source_record
TK-250428,2026-02-21 17:02,2026-02-24 17:32,closed,chat,C105922,VR887572,VR887572,quoted_valid,VA-AC-CH65,Delivery & Shipping,Normal,Logistics,A3030,0,,1274.0,1274.0,GW-OTHER,N,helpdesk,helpdesk,False,unique_record,rule2_single_source_record
TK-250446,2026-02-22 08:19,2026-02-22 10:07,resolved,voice,C102510,VR907792,VR907792,quoted_valid,VA-EB-PL2,Billing & Payments,High,Billing,A3032,0,3.0,1750.0,1750.0,GW-OTHER,N,helpdesk,helpdesk,False,unique_record,rule2_single_source_record
TK-250453,2026-02-22 11:21,2026-02-22 22:08,resolved,email,C103421,VR887352,VR887352,quoted_valid,VA-SW-NX2,Billing & Payments,Normal,Billing,A3035,0,,5199.0,5199.0,GW-OTHER,N,helpdesk,helpdesk,False,unique_record,rule2_single_source_record
TK-250456,2026-02-22 12:41,2026-02-24 13:23,closed,chat,C101545,VR898949,VR898949,quoted_valid,VA-HP-ST3,Returns & Refunds,Normal,Returns Desk,A3037,0,,945.0,945.0,RETURN-QC-OK,N,helpdesk,helpdesk,False,unique_record,rule2_single_source_record
TK-250466,2026-02-22 17:54,2026-02-22 19:52,closed,email,C100417,VR903951,VR903951,quoted_valid,VA-SW-NX1,Other,Normal,Email Frontline,A3018,0,4.0,8498.0,8498.0,DUP-PAYMENT,N,helpdesk,helpdesk,False,unique_record,rule2_single_source_record
TK-250470,2026-02-22 20:05,2026-02-23 22:37,resolved,email,C100265,VR881525,VR881525,quoted_valid,VA-SW-NX2,Returns & Refunds,Normal,Returns Desk,A3038,0,,11048.0,11048.0,GW-OTHER,N,helpdesk,helpdesk,False,unique_record,rule2_single_source_record
TK-250471,2026-02-22 20:19,,open,voice,C105862,VR886378,VR886378,quoted_valid,VA-HP-ST3,Warranty & Repair,Normal,Escalations & Warranty,A3042,0,,5949.0,5949.0,GW-OTHER,N,helpdesk,helpdesk,False,unique_record,rule2_single_source_record
TK-250489,2026-02-23 17:42,2026-02-26 19:18,resolved,voice,C106605,VR884809,VR884809,quoted_valid,VA-EB-PL1,Returns & Refunds,High,Returns Desk,A3036,0,,500.0,500.0,GW-OTHER,N,helpdesk,helpdesk,False,unique_record,rule2_single_source_record
TK-250499,2026-02-23 20:42,2026-02-23 21:13,resolved,chat,C105451,,VR891472,fallback_single,VA-EB-AIR,Connectivity,Normal,Chat Frontline,A3005,0,,1439.0,1439.0,GW-OTHER,Y,helpdesk,helpdesk,False,unique_record,rule2_single_source_record
TK-250501,2026-02-23 21:19,,open,email,C107209,VR890171,VR890171,quoted_valid,VA-EB-AIR,Other,Normal,Email Frontline,A3016,0,,1619.0,1619.0,CANCEL,N,helpdesk,helpdesk,False,unique_record,rule2_single_source_record
TK-250509,2026-02-24 11:37,2026-02-24 13:12,resolved,voice,C109411,VR909405,VR909405,quoted_valid,VA-EB-AIR,Billing & Payments,Normal,Billing,A3033,0,4.0,243.0,243.0,DUP-PAYMENT,N,helpdesk,helpdesk,False,unique_record,rule2_single_source_record
TK-250524,2026-02-24 14:36,2026-02-24 15:17,resolved,social,C103015,VR881173,VR881173,quoted_valid,VA-AC-CASE,Billing & Payments,Normal,Billing,A3035,0,,2468.0,2468.0,DUP-PAYMENT,N,helpdesk,helpdesk,False,unique_record,rule2_single_source_record
TK-250537,2026-02-24 22:37,2026-02-25 23:01,resolved,chat,C103594,VR888131,VR888131,quoted_valid,VA-EB-AIR,Returns & Refunds,Normal,Returns Desk,A3038,0,3.0,720.0,720.0,RETURN-QC-OK,N,helpdesk,helpdesk,False,unique_record,rule2_single_source_record
TK-250542,2026-02-25 09:13,2026-02-28 09:45,resolved,chat,C103265,VR885641,VR885641,quoted_valid,VA-EB-PL2,Returns & Refunds,Normal,Returns Desk,A3037,0,,3149.0,3149.0,RETURN-QC-OK,N,helpdesk,helpdesk,False,unique_record,rule2_single_source_record
TK-250554,2026-02-25 17:10,2026-02-25 18:33,resolved,voice,C100304,VR899233,VR899233,quoted_valid,VA-EB-PL2,Charging & Battery,Normal,Voice Frontline,A3026,0,,3499.0,3499.0,GW-OTHER,N,helpdesk,helpdesk,False,unique_record,rule2_single_source_record
TK-250559,2026-02-25 19:01,2026-02-27 07:57,closed,email,C105807,VR894328,VR894328,quoted_valid,VA-EB-AIR,Delivery & Shipping,High,Logistics,A3029,0,,306.0,306.0,DOA-REPL,N,helpdesk,helpdesk,False,unique_record,rule2_single_source_record
TK-250570,2026-02-25 21:02,2026-02-25 22:33,resolved,social,C109093,,VR901725,fallback_single,VA-AC-CASE,Billing & Payments,High,Billing,A3032,0,3.0,185.0,185.0,DUP-PAYMENT,N,helpdesk,helpdesk,False,unique_record,rule2_single_source_record
TK-250571,2026-02-25 21:20,2026-02-27 22:36,resolved,voice,C102106,VR883731,VR883731,quoted_valid,VA-EB-PL2,Returns & Refunds,Low,Returns Desk,A3037,0,2.0,2974.0,2974.0,RETURN-QC-OK,N,helpdesk,helpdesk,False,unique_record,rule2_single_source_record
TK-250576,2026-02-26 10:12,2026-03-03 12:23,resolved,email,C100994,VR887988,VR887988,quoted_valid,VA-AC-CBL,Other,Low,Email Frontline,A3022,0,3.0,319.0,319.0,DOA-REPL,Y,helpdesk,helpdesk,False,unique_record,rule2_single_source_record
TK-250580,2026-02-26 11:00,2026-02-27 12:39,resolved,email,C101455,VR889252,VR889252,quoted_valid,VA-SW-NX2,Delivery & Shipping,Normal,Logistics,A3027,0,,12348.0,12348.0,GW-OTHER,N,helpdesk,helpdesk,False,unique_record,rule2_single_source_record
TK-250584,2026-02-26 11:43,2026-02-26 13:32,resolved,email,C104183,VR881994,VR881994,quoted_valid,VA-SW-NX2,Connectivity,Low,Email Frontline,A3021,0,4.0,6499.0,6499.0,DOA-REPL,N,helpdesk,helpdesk,False,unique_record,rule2_single_source_record
TK-250586,2026-02-26 12:10,2026-02-26 12:52,resolved,chat,C106018,VR894183,VR894183,quoted_valid,VA-SP-MINI,Delivery & Shipping,Normal,Logistics,A3027,0,,2374.0,2374.0,RETURN-QC-OK,N,helpdesk,helpdesk,False,unique_record,rule2_single_source_record
TK-250588,2026-02-26 12:17,2026-02-26 13:35,resolved,social,C104626,VR883603,VR883603,quoted_valid,VA-EB-PL2,Other,Normal,Chat Frontline,A3007,0,,332.0,332.0,GW-OTHER,N,helpdesk,helpdesk,False,unique_record,rule2_single_source_record
TK-250592,2026-02-26 14:38,2026-02-28 21:59,resolved,email,C108818,VR907471,VR907471,quoted_valid,VA-HP-ST2,Returns & Refunds,Normal,Returns Desk,A3036,0,5.0,4749.0,4749.0,RETURN-QC-OK,N,helpdesk,helpdesk,False,unique_record,rule2_single_source_record
TK-250604,2026-02-26 19:28,2026-02-26 21:20,resolved,chat,C106866,,VR885181,fallback_single,VA-EB-PL2,Delivery & Shipping,Normal,Logistics,A3021,1,,3499.0,3499.0,GW-OTHER,N,helpdesk,helpdesk,False,unique_record,rule2_single_source_record
TK-250608,2026-02-26 21:24,2026-02-26 22:11,resolved,voice,C101467,VR898000,VR898000,quoted_valid,VA-NB-ARC,Billing & Payments,Normal,Billing,A3035,0,4.0,247.0,247.0,GW-OTHER,N,helpdesk,helpdesk,False,unique_record,rule2_single_source_record
TK-250624,2026-02-27 10:16,2026-03-02 12:23,resolved,chat,C107407,VR909946,VR909946,quoted_valid,VA-EB-AIR,Warranty & Repair,Normal,Escalations & Warranty,A3039,0,,1619.0,1619.0,GW-OTHER,N,helpdesk,helpdesk,False,unique_record,rule2_single_source_record
TK-250626,2026-02-27 12:07,2026-02-27 12:44,resolved,chat,C105242,VR906022,VR906022,quoted_valid,VA-AC-CASE,Billing & Payments,Normal,Billing,A3033,0,3.0,1299.0,1299.0,GW-OTHER,N,helpdesk,helpdesk,False,unique_record,rule2_single_source_record
TK-250632,2026-02-27 13:48,2026-03-02 14:17,resolved,chat,C109047,,VR903340,fallback_single,VA-SW-NX2,Returns & Refunds,Normal,Returns Desk,A3038,0,4.0,5524.0,5524.0,GW-OTHER,N,helpdesk,helpdesk,False,unique_record,rule2_single_source_record
TK-250633,2026-02-27 14:27,2026-02-27 15:14,resolved,voice,C108561,,VR881201,fallback_single,VA-SW-FIT,Connectivity,Normal,Voice Frontline,A3026,0,4.0,1699.0,1699.0,GW-OTHER,Y,helpdesk,helpdesk,False,unique_record,rule2_single_source_record
TK-250634,2026-02-27 14:51,2026-02-27 15:38,resolved,email,C100346,VR891759,VR891759,quoted_valid,VA-EB-PL2,Returns & Refunds,Normal,Returns Desk,A3036,0,,350.0,350.0,GW-OTHER,N,helpdesk,helpdesk,False,unique_record,rule2_single_source_record
TK-250635,2026-02-27 14:58,2026-02-27 15:26,resolved,voice,C108110,,VR885728,fallback_single,VA-HP-ST3,Returns & Refunds,Normal,Returns Desk,A3036,0,,997.0,997.0,RETURN-QC-OK,N,helpdesk,helpdesk,False,unique_record,rule2_single_source_record
TK-250666,2026-02-28 18:58,2026-03-03 21:34,resolved,chat,C109120,,VR906190,fallback_single,VA-SP-MINI,Warranty & Repair,High,Escalations & Warranty,A3041,0,,2499.0,2499.0,GW-OTHER,N,helpdesk,helpdesk,False,unique_record,rule2_single_source_record
TK-250667,2026-02-28 19:03,2026-03-02 19:32,resolved,voice,C108650,VR900652,VR900652,quoted_valid,VA-EB-PL2,Returns & Refunds,High,Returns Desk,A3036,0,3.0,3499.0,3499.0,RETURN-QC-OK,N,helpdesk,helpdesk,False,unique_record,rule2_single_source_record
TK-250668,2026-02-28 19:42,2026-03-01 00:35,resolved,email,C103007,VR905135,VR905135,quoted_valid,VA-EB-PL2,Billing & Payments,High,Billing,A3034,0,,2799.0,2799.0,DUP-PAYMENT,N,helpdesk,helpdesk,False,unique_record,rule2_single_source_record
TK-250673,2026-02-28 23:57,2026-03-01 00:14,resolved,chat,C105811,VR884157,VR884157,quoted_valid,VA-EB-PL2,Other,Low,Chat Frontline,A3003,0,,3499.0,3499.0,DUP-PAYMENT,N,helpdesk,helpdesk,False,unique_record,rule2_single_source_record
TK-250681,2026-03-01 07:19,2026-03-01 10:15,closed,email,C101534,,VR897304,fallback_single,VA-AC-CASE,Returns & Refunds,Normal,Returns Desk,A3037,0,3.0,2078.0,2078.0,RETURN-QC-OK,N,helpdesk,helpdesk,False,unique_record,rule2_single_source_record
TK-250694,2026-03-01 14:47,2026-03-02 01:44,resolved,email,C104336,,VR885950,fallback_single,VA-EB-AIR,Charging & Battery,Normal,Email Frontline,A3003,0,3.0,1799.0,1799.0,DOA-REPL,Y,helpdesk,helpdesk,False,unique_record,rule2_single_source_record
TK-250701,2026-03-01 20:06,,pending,voice,C102295,VR899037,VR899037,quoted_valid,VA-EB-PL1,Charging & Battery,Normal,Voice Frontline,A3010,1,3.0,2249.0,2249.0,GW-OTHER,Y,helpdesk,helpdesk,False,unique_record,rule2_single_source_record
TK-250703,2026-03-01 20:58,2026-03-01 21:25,resolved,chat,C109338,VR909721,VR909721,quoted_valid,VA-EB-PL1,Audio Quality,Normal,Chat Frontline,A3009,0,,2374.0,2374.0,GW-OTHER,N,helpdesk,helpdesk,False,unique_record,rule2_single_source_record
TK-250704,2026-03-01 21:26,2026-03-01 21:53,resolved,chat,C106779,,VR903208,fallback_single,VA-SP-MINI,Delivery & Shipping,Normal,Logistics,A3030,0,,1999.0,1999.0,WTY-BUYBACK,Y,helpdesk,helpdesk,False,unique_record,rule2_single_source_record
TK-250713,2026-03-02 01:21,2026-03-02 05:48,resolved,email,C102490,,VR892967,fallback_single,VA-EB-PL2,Delivery & Shipping,High,Logistics,A3031,0,,499.0,499.0,CANCEL,N,helpdesk,helpdesk,False,unique_record,rule2_single_source_record
TK-250719,2026-03-02 13:24,2026-03-02 13:59,resolved,chat,C106239,,VR896881,fallback_single,VA-EB-PL2,Billing & Payments,High,Billing,A3034,0,4.0,2974.0,2974.0,DUP-PAYMENT,N,helpdesk,helpdesk,False,unique_record,rule2_single_source_record
TK-250720,2026-03-02 13:50,2026-03-02 15:46,resolved,email,C101594,,VR884679,fallback_single,VA-HP-ST3,Billing & Payments,High,Billing,A3035,0,,5599.0,5599.0,GW-OTHER,N,helpdesk,helpdesk,False,unique_record,rule2_single_source_record
TK-250722,2026-03-02 14:34,2026-03-04 19:15,resolved,email,C104764,VR891655,VR891655,quoted_valid,VA-EB-PL2,Delivery & Shipping,Normal,Logistics,A3030,0,,560.0,560.0,GW-OTHER,N,helpdesk,helpdesk,False,unique_record,rule2_single_source_record
TK-250731,2026-03-02 18:25,2026-03-04 19:21,resolved,voice,C106847,,VR882120,fallback_single,VA-SW-NX2,Returns & Refunds,Normal,Returns Desk,A3036,0,,6174.0,6174.0,RETURN-QC-OK,N,helpdesk,helpdesk,False,unique_record,rule2_single_source_record
TK-250744,2026-03-02 21:41,2026-03-02 22:19,resolved,chat,C106069,VR886928,VR886928,quoted_valid,VA-AC-CH65,Other,Normal,Chat Frontline,A3001,0,3.0,1274.0,1274.0,CANCEL,N,helpdesk,helpdesk,False,unique_record,rule2_single_source_record
TK-250745,2026-03-02 22:10,2026-03-05 22:26,resolved,chat,C106402,VR907531,VR907531,quoted_valid,VA-EB-PL1,Returns & Refunds,Normal,Returns Desk,A3037,0,,500.0,500.0,RETURN-QC-OK,N,helpdesk,helpdesk,False,unique_record,rule2_single_source_record
TK-250747,2026-03-02 22:55,2026-03-02 23:17,closed,chat,C104416,,VR900572,fallback_single,VA-SP-MINI,Other,Normal,Chat Frontline,A3003,0,,1187.0,1187.0,CANCEL,N,helpdesk,helpdesk,False,unique_record,rule2_single_source_record
TK-250749,2026-03-03 01:42,2026-03-03 02:49,resolved,email,C106935,VR893423,VR893423,quoted_valid,VA-EB-AIR,Charging & Battery,Normal,Email Frontline,A3016,0,,1799.0,1799.0,GW-OTHER,N,helpdesk,helpdesk,False,unique_record,rule2_single_source_record
TK-250754,2026-03-03 05:35,2026-03-04 06:23,resolved,email,C104223,VR903080,VR903080,quoted_valid,VA-EB-PL2,Returns & Refunds,Normal,Returns Desk,A3038,0,,5598.0,5598.0,GW-OTHER,N,helpdesk,helpdesk,False,unique_record,rule2_single_source_record
TK-250758,2026-03-03 08:11,2026-03-03 10:24,resolved,social,C106402,VR907531,VR907531,quoted_valid,VA-EB-PL1,Other,Normal,Chat Frontline,A3007,0,,500.0,500.0,GW-OTHER,N,helpdesk,helpdesk,False,unique_record,rule2_single_source_record
TK-250762,2026-03-03 10:09,2026-03-03 11:38,closed,social,C106483,VR890027,VR890027,quoted_valid,VA-EB-AIR,Billing & Payments,Normal,Billing,A3034,0,,1439.0,1439.0,DUP-PAYMENT,N,helpdesk,helpdesk,False,unique_record,rule2_single_source_record
TK-250764,2026-03-03 10:49,2026-03-04 11:37,resolved,chat,C100817,,VR897914,fallback_single,VA-EB-PL2,Returns & Refunds,Normal,Returns Desk,A3037,0,,3499.0,3499.0,GW-OTHER,N,helpdesk,helpdesk,False,unique_record,rule2_single_source_record
TK-250771,2026-03-03 17:27,2026-03-03 18:46,resolved,social,C109046,,VR881666,fallback_single,VA-SP-ORB,Delivery & Shipping,Normal,Logistics,A3030,0,2.0,5999.0,5999.0,LOST-TRANSIT,N,helpdesk,helpdesk,False,unique_record,rule2_single_source_record
TK-250779,2026-03-03 20:24,2026-03-03 20:43,resolved,chat,C109260,,VR888660,fallback_single,VA-SW-NX1,Billing & Payments,High,Billing,A3035,0,,4749.0,4749.0,DUP-PAYMENT,N,helpdesk,helpdesk,False,unique_record,rule2_single_source_record
TK-250780,2026-03-03 20:48,2026-03-08 21:24,resolved,voice,C103003,,VR896407,fallback_single,VA-NB-ARC,Other,Normal,Voice Frontline,A3026,0,4.0,1234.0,1234.0,LOST-TRANSIT,N,helpdesk,helpdesk,False,unique_record,rule2_single_source_record
TK-250782,2026-03-03 22:39,2026-03-03 23:48,resolved,email,C100312,VR881091,VR881091,quoted_valid,VA-AC-CASE,Other,Normal,Email Frontline,A3016,0,,1299.0,1299.0,CANCEL,N,helpdesk,helpdesk,False,unique_record,rule2_single_source_record
TK-250792,2026-03-04 09:19,2026-03-06 09:44,resolved,voice,C105704,VR899230,VR899230,quoted_valid,VA-AC-CASE,Returns & Refunds,Normal,Returns Desk,A3002,1,,156.0,156.0,RETURN-QC-OK,N,helpdesk,helpdesk,False,unique_record,rule2_single_source_record
TK-250795,2026-03-04 10:55,2026-03-07 11:35,resolved,chat,C104559,VR889555,VR889555,quoted_valid,VA-AC-CASE,Returns & Refunds,Normal,Returns Desk,A3038,0,,2468.0,2468.0,RETURN-QC-OK,N,helpdesk,helpdesk,False,unique_record,rule2_single_source_record
TK-250813,2026-03-05 09:39,2026-03-05 09:59,resolved,chat,C101845,,VR893148,fallback_single,VA-SW-NX2,Other,Normal,Chat Frontline,A3010,0,,926.0,926.0,GW-OTHER,N,helpdesk,helpdesk,False,unique_record,rule2_single_source_record
TK-250814,2026-03-05 10:59,2026-03-06 11:45,resolved,social,C107217,VR895757,VR895757,quoted_valid,VA-EB-PL2,Returns & Refunds,Normal,Returns Desk,A3019,1,,3149.0,3149.0,RETURN-QC-OK,N,helpdesk,helpdesk,False,unique_record,rule2_single_source_record
TK-250823,2026-03-05 20:00,2026-03-06 21:01,resolved,voice,C102550,,VR886535,fallback_single,VA-SP-MINI,Billing & Payments,Normal,Billing,A3035,0,,1999.0,1999.0,GW-OTHER,N,helpdesk,helpdesk,False,unique_record,rule2_single_source_record
TK-250827,2026-03-05 21:41,2026-03-05 22:37,resolved,social,C104620,,VR899009,fallback_single,VA-EB-PL1,Charging & Battery,Normal,Chat Frontline,A3016,0,5.0,1999.0,1999.0,DOA-REPL,Y,helpdesk,helpdesk,False,unique_record,rule2_single_source_record
TK-250828,2026-03-05 21:48,2026-03-07 22:54,resolved,email,C102572,VR887796,VR887796,quoted_valid,VA-HP-ST2,Delivery & Shipping,High,Logistics,A3031,0,,3999.0,3999.0,DOA-REPL,N,helpdesk,helpdesk,False,unique_record,rule2_single_source_record
TK-250829,2026-03-05 22:53,2026-03-05 23:21,resolved,chat,C101709,VR899441,VR899441,quoted_valid,VA-EB-PL2,Billing & Payments,Normal,Billing,A3034,0,,3324.0,3324.0,DUP-PAYMENT,N,helpdesk,helpdesk,False,unique_record,rule2_single_source_record
TK-250833,2026-03-06 08:56,2026-03-08 11:41,resolved,email,C101634,VR891600,VR891600,quoted_valid,VA-SW-FIT,Delivery & Shipping,Normal,Logistics,A3029,0,,1999.0,1999.0,WTY-BUYBACK,Y,helpdesk,helpdesk,False,unique_record,rule2_single_source_record
TK-250852,2026-03-06 13:28,2026-03-06 15:48,closed,voice,C102935,,VR906195,fallback_single,VA-HP-ST3,Billing & Payments,Normal,Billing,A3035,0,3.0,665.0,665.0,DUP-PAYMENT,N,helpdesk,helpdesk,False,unique_record,rule2_single_source_record
TK-250857,2026-03-06 17:38,,open,voice,C101746,,VR897030,fallback_single,VA-EB-AIR,Other,High,Voice Frontline,A3026,0,,1799.0,1799.0,DUP-PAYMENT,N,helpdesk,helpdesk,False,unique_record,rule2_single_source_record
TK-250860,2026-03-06 19:30,2026-03-09 20:44,resolved,email,C105541,,VR884964,fallback_single,VA-EB-PL2,Billing & Payments,Normal,Billing,A3035,0,3.0,332.0,332.0,RETURN-QC-OK,N,helpdesk,helpdesk,False,unique_record,rule2_single_source_record
TK-250866,2026-03-07 01:06,2026-03-07 02:43,resolved,email,C109431,,,ambiguous,VA-AC-CH65,Other,Normal,Email Frontline,A3002,0,,2848.0,2848.0,DUP-PAYMENT,N,helpdesk,helpdesk,False,unique_record,rule2_single_source_record
TK-250877,2026-03-07 09:50,,open,voice,C104517,,VR899771,fallback_single,VA-EB-AIR,Billing & Payments,High,Billing,A3033,0,,2878.0,2878.0,GW-OTHER,N,helpdesk,helpdesk,False,unique_record,rule2_single_source_record
TK-250880,2026-03-07 11:19,2026-03-07 13:44,resolved,email,C109473,VR898548,VR898548,quoted_valid,VA-EB-PL2,Other,Normal,Email Frontline,A3021,0,5.0,525.0,525.0,GW-OTHER,N,helpdesk,helpdesk,False,unique_record,rule2_single_source_record
TK-250884,2026-03-07 12:39,2026-03-07 12:58,resolved,chat,C101834,VR881643,VR881643,quoted_valid,VA-EB-PL2,Other,Normal,Chat Frontline,A3006,0,,2974.0,2974.0,CANCEL,N,helpdesk,helpdesk,False,unique_record,rule2_single_source_record
TK-250886,2026-03-07 13:14,2026-03-15 18:02,resolved,email,C100155,VR900202,VR900202,quoted_valid,VA-SW-NX2,Warranty & Repair,Normal,Escalations & Warranty,A3041,0,5.0,12348.0,12348.0,GW-OTHER,Y,helpdesk,helpdesk,False,unique_record,rule2_single_source_record
TK-250889,2026-03-07 15:27,2026-03-07 16:04,resolved,chat,C107740,,VR888086,fallback_single,VA-HP-ST3,Billing & Payments,High,Billing,A3035,0,5.0,1400.0,1400.0,DUP-PAYMENT,N,helpdesk,helpdesk,False,unique_record,rule2_single_source_record
TK-250890,2026-03-07 17:39,2026-03-10 18:25,resolved,voice,C105675,,,ambiguous,VA-EB-PL2,Returns & Refunds,Normal,Returns Desk,A3036,0,,280.0,280.0,RETURN-QC-OK,N,helpdesk,helpdesk,False,unique_record,rule2_single_source_record
TK-250891,2026-03-07 19:48,2026-03-07 21:21,resolved,social,C104147,VR898389,VR898389,quoted_valid,VA-SW-FIT,Billing & Payments,Normal,Billing,A3035,0,,3198.0,3198.0,GW-OTHER,N,helpdesk,helpdesk,False,unique_record,rule2_single_source_record
TK-250899,2026-03-08 10:19,,open,chat,C104777,,VR883449,fallback_single,VA-AC-CBL,Other,Normal,Chat Frontline,A3006,0,,359.0,359.0,CANCEL,N,helpdesk,helpdesk,False,unique_record,rule2_single_source_record
TK-250905,2026-03-08 13:41,,pending,voice,C108938,,,ambiguous,VA-EB-PL2,Other,Low,Voice Frontline,A3024,0,5.0,3324.0,3324.0,DUP-PAYMENT,N,helpdesk,helpdesk,False,unique_record,rule2_single_source_record
TK-250906,2026-03-08 16:02,2026-03-10 16:21,closed,chat,C105672,VR892272,VR892272,quoted_valid,VA-SP-ORB,Delivery & Shipping,Normal,Logistics,A3030,0,3.0,5999.0,5999.0,GW-OTHER,N,helpdesk,helpdesk,False,unique_record,rule2_single_source_record
TK-250922,2026-03-09 08:40,2026-03-09 09:00,resolved,chat,C105539,,VR904927,fallback_single,VA-SP-ORB,Other,High,Chat Frontline,A3006,0,,2160.0,2160.0,GW-OTHER,N,helpdesk,helpdesk,False,unique_record,rule2_single_source_record
TK-250932,2026-03-09 14:45,2026-03-10 15:18,resolved,chat,C108668,VR884762,VR884762,quoted_valid,VA-SP-MINI,Delivery & Shipping,Normal,Logistics,A3030,0,,2124.0,2124.0,DOA-REPL,N,helpdesk,helpdesk,False,unique_record,rule2_single_source_record
TK-250948,2026-03-10 08:25,2026-03-11 13:41,resolved,chat,C100251,,VR902088,fallback_single,VA-EB-PL1,Warranty & Repair,Low,Escalations & Warranty,A3039,0,,2499.0,2499.0,GW-OTHER,N,helpdesk,helpdesk,False,unique_record,rule2_single_source_record
TK-250954,2026-03-10 14:02,2026-03-10 15:19,resolved,voice,C104777,,VR883449,fallback_single,VA-AC-CBL,Delivery & Shipping,Normal,Logistics,A3030,0,,359.0,359.0,GW-OTHER,N,helpdesk,helpdesk,False,unique_record,rule2_single_source_record
TK-250967,2026-03-10 21:29,2026-03-10 21:51,resolved,chat,C108739,,VR900336,fallback_single,VA-HP-ST2,Other,High,Chat Frontline,A3015,0,,425.0,425.0,CANCEL,N,helpdesk,helpdesk,False,unique_record,rule2_single_source_record
TK-250970,2026-03-11 00:55,2026-03-12 01:32,resolved,chat,C105184,VR887422,VR887422,quoted_valid,VA-SP-MINI,Returns & Refunds,Normal,Returns Desk,A3016,1,,450.0,450.0,RETURN-QC-OK,N,helpdesk,helpdesk,False,unique_record,rule2_single_source_record
TK-250974,2026-03-11 06:44,2026-03-14 07:09,resolved,chat,C107176,,VR900981,fallback_single,VA-EB-PL2,Delivery & Shipping,Normal,Logistics,A3028,0,,3499.0,3499.0,GW-OTHER,Y,helpdesk,helpdesk,False,unique_record,rule2_single_source_record
TK-250975,2026-03-11 08:19,2026-03-13 09:03,resolved,voice,C107295,VR888968,VR888968,quoted_valid,VA-EB-PL2,Returns & Refunds,Normal,Returns Desk,A3037,0,4.0,2799.0,2799.0,RETURN-QC-OK,N,helpdesk,helpdesk,False,unique_record,rule2_single_source_record
TK-250977,2026-03-11 10:25,2026-03-11 10:55,resolved,chat,C107855,VR882817,VR882817,quoted_valid,VA-EB-PL2,Audio Quality,Normal,Chat Frontline,A3006,0,4.0,3499.0,3499.0,GW-OTHER,Y,helpdesk,helpdesk,False,unique_record,rule2_single_source_record
TK-250980,2026-03-11 11:43,2026-03-11 12:18,resolved,chat,C100608,,VR908550,fallback_single,VA-EB-PL2,Other,Normal,Chat Frontline,A3011,0,4.0,3149.0,3149.0,DUP-PAYMENT,N,helpdesk,helpdesk,False,unique_record,rule2_single_source_record
TK-250988,2026-03-11 15:44,2026-03-11 15:56,resolved,chat,C107481,,,ambiguous,VA-SW-NX2,Delivery & Shipping,Normal,Logistics,A3030,0,,6174.0,6174.0,GW-OTHER,N,helpdesk,helpdesk,False,unique_record,rule2_single_source_record
TK-251001,2026-03-11 20:07,2026-03-11 22:09,resolved,social,C105077,VR887003,VR887003,quoted_valid,VA-EB-PL2,Billing & Payments,High,Billing,A3035,0,,3499.0,3499.0,GW-OTHER,N,helpdesk,helpdesk,False,unique_record,rule2_single_source_record
TK-251013,2026-03-12 10:46,,open,email,C108041,VR905924,VR905924,quoted_valid,VA-EB-PL2,Returns & Refunds,High,Returns Desk,A3031,1,3.0,3324.0,3324.0,RETURN-QC-OK,N,helpdesk,helpdesk,False,unique_record,rule2_single_source_record
TK-251017,2026-03-12 11:44,2026-03-12 12:34,resolved,voice,C102313,VR882209,VR882209,quoted_valid,VA-SW-NX2,Billing & Payments,Normal,Billing,A3032,0,3.0,520.0,520.0,GW-OTHER,N,helpdesk,helpdesk,False,unique_record,rule2_single_source_record
TK-251021,2026-03-12 12:35,2026-03-12 19:09,closed,email,C102291,VR894524,VR894524,quoted_valid,VA-EB-PL1,Billing & Payments,Normal,Billing,A3035,0,,500.0,500.0,GW-OTHER,N,helpdesk,helpdesk,False,unique_record,rule2_single_source_record
TK-251027,2026-03-12 18:38,2026-03-12 19:24,resolved,chat,C106742,VR908055,VR908055,quoted_valid,VA-SP-MINI,Billing & Payments,Low,Billing,A3035,0,,2374.0,2374.0,DUP-PAYMENT,N,helpdesk,helpdesk,False,unique_record,rule2_single_source_record
TK-251031,2026-03-12 19:42,2026-03-12 20:15,resolved,chat,C102393,VR902518,VR902518,quoted_valid,VA-HP-ST3,Charging & Battery,Normal,Chat Frontline,A3014,0,,6649.0,6649.0,GW-OTHER,Y,helpdesk,helpdesk,False,unique_record,rule2_single_source_record
TK-251042,2026-03-13 08:02,2026-03-14 08:20,resolved,chat,C104099,,VR882639,fallback_single,VA-SP-MINI,Delivery & Shipping,High,Logistics,A3028,0,2.0,2499.0,2499.0,GW-OTHER,N,helpdesk,helpdesk,False,unique_record,rule2_single_source_record
TK-251044,2026-03-13 09:02,2026-03-15 10:56,closed,social,C105849,,VR892840,fallback_single,VA-EB-PL2,Returns & Refunds,Normal,Returns Desk,A3038,0,,1260.0,1260.0,RETURN-QC-OK,N,helpdesk,helpdesk,False,unique_record,rule2_single_source_record
TK-251059,2026-03-13 15:00,,pending,email,C103477,,VR895296,fallback_single,VA-AC-CASE,Other,Low,Email Frontline,A3018,0,,208.0,208.0,CANCEL,N,helpdesk,helpdesk,False,unique_record,rule2_single_source_record
TK-251070,2026-03-13 18:08,2026-03-13 19:49,resolved,email,C105295,VR882068,VR882068,quoted_valid,VA-EB-PL2,Other,High,Email Frontline,A3018,0,,3499.0,3499.0,GW-OTHER,N,helpdesk,helpdesk,False,unique_record,rule2_single_source_record
TK-251081,2026-03-14 08:55,2026-03-17 09:18,resolved,chat,C106448,VR881697,VR881697,quoted_valid,VA-SW-NX2,Returns & Refunds,Low,Returns Desk,A3037,0,,6174.0,6174.0,RETURN-QC-OK,N,helpdesk,helpdesk,False,unique_record,rule2_single_source_record
TK-251094,2026-03-14 12:15,2026-03-14 12:40,resolved,chat,C109041,VR881747,VR881747,quoted_valid,VA-EB-PL2,Billing & Payments,High,Billing,A3033,0,,3499.0,3499.0,GW-OTHER,N,helpdesk,helpdesk,False,unique_record,rule2_single_source_record
TK-251107,2026-03-14 20:12,2026-03-14 20:53,resolved,chat,C100270,VR905270,VR905270,quoted_valid,VA-EB-PL2,Billing & Payments,High,Billing,A3031,1,3.0,280.0,280.0,DUP-PAYMENT,N,helpdesk,helpdesk,False,unique_record,rule2_single_source_record
TK-251115,2026-03-15 02:22,2026-03-15 04:37,resolved,email,C105886,VR891153,VR891153,quoted_valid,VA-EB-PL2,Delivery & Shipping,Low,Logistics,A3031,0,3.0,665.0,665.0,GW-OTHER,N,helpdesk,helpdesk,False,unique_record,rule2_single_source_record
TK-251127,2026-03-15 11:07,2026-03-15 11:54,closed,email,C101994,VR905548,VR905548,quoted_valid,VA-SW-FIT,Billing & Payments,High,Billing,A3033,0,,300.0,300.0,DUP-PAYMENT,N,helpdesk,helpdesk,False,unique_record,rule2_single_source_record
TK-251139,2026-03-15 14:23,2026-03-15 14:52,resolved,chat,C100608,,VR908550,fallback_single,VA-EB-PL2,App & Firmware,Normal,Chat Frontline,A3009,0,4.0,3149.0,3149.0,GW-OTHER,N,helpdesk,helpdesk,False,unique_record,rule2_single_source_record
TK-251146,2026-03-15 18:13,2026-03-15 19:07,resolved,voice,C107415,VR899541,VR899541,quoted_valid,VA-EB-PL2,Audio Quality,Low,Voice Frontline,A3026,0,,3499.0,3499.0,GW-OTHER,N,helpdesk,helpdesk,False,unique_record,rule2_single_source_record
TK-251151,2026-03-15 21:45,2026-03-16 02:22,resolved,email,C101501,,VR904295,fallback_single,VA-EB-PL2,Billing & Payments,High,Billing,A3032,0,,3324.0,3324.0,GW-OTHER,N,helpdesk,helpdesk,False,unique_record,rule2_single_source_record
TK-251158,2026-03-16 06:59,2026-03-19 07:37,closed,chat,C104777,,VR883449,fallback_single,VA-AC-CBL,Returns & Refunds,Normal,Returns Desk,A3038,0,4.0,72.0,72.0,RETURN-QC-OK,N,helpdesk,helpdesk,False,unique_record,rule2_single_source_record
TK-251174,2026-03-16 19:15,2026-03-17 20:22,resolved,voice,C106418,,VR898838,fallback_single,VA-EB-PL2,Returns & Refunds,Normal,Returns Desk,A3036,0,3.0,700.0,700.0,RETURN-QC-OK,N,helpdesk,helpdesk,False,unique_record,rule2_single_source_record
TK-251186,2026-03-17 13:24,2026-03-17 13:42,resolved,chat,C108259,VR909590,VR909590,quoted_valid,VA-EB-PL2,Returns & Refunds,Normal,Returns Desk,A3038,0,,446.0,446.0,GW-OTHER,N,helpdesk,helpdesk,False,unique_record,rule2_single_source_record
TK-251191,2026-03-17 16:01,2026-03-22 20:03,resolved,email,C107644,,VR898196,fallback_single,VA-EB-PL2,Delivery & Shipping,Normal,Logistics,A3030,0,,3499.0,3499.0,DOA-REPL,N,helpdesk,helpdesk,False,unique_record,rule2_single_source_record
TK-251200,2026-03-17 21:00,,open,email,C102232,,,ambiguous,VA-EB-PL1,Delivery & Shipping,Normal,Logistics,A3027,0,,2124.0,2124.0,GW-OTHER,N,helpdesk,helpdesk,False,unique_record,rule2_single_source_record
TK-251208,2026-03-18 11:48,2026-03-21 12:06,resolved,chat,C100180,VR907455,VR907455,quoted_valid,VA-EB-PL1,Returns & Refunds,High,Returns Desk,A3038,0,,400.0,400.0,RETURN-QC-OK,N,helpdesk,helpdesk,False,unique_record,rule2_single_source_record
TK-251209,2026-03-18 12:44,,open,social,C102751,VR891713,VR891713,quoted_valid,VA-EB-PL2,Delivery & Shipping,Normal,Logistics,A3027,0,4.0,2974.0,2974.0,LOST-TRANSIT,N,helpdesk,helpdesk,False,unique_record,rule2_single_source_record
TK-251212,2026-03-18 13:40,2026-03-18 13:58,resolved,chat,C100224,VR898631,VR898631,quoted_valid,VA-HP-ST3,Billing & Payments,Normal,Billing,A3033,0,3.0,6649.0,6649.0,DUP-PAYMENT,N,helpdesk,helpdesk,False,unique_record,rule2_single_source_record
TK-251219,2026-03-18 15:37,,open,email,C106583,VR898071,VR898071,quoted_valid,VA-SW-NX1,Billing & Payments,High,Billing,A3035,0,3.0,8498.0,8498.0,PRICE-ADJ,N,helpdesk,helpdesk,False,unique_record,rule2_single_source_record
TK-251237,2026-03-19 07:03,2026-03-19 07:38,resolved,email,C102303,VR881466,VR881466,quoted_valid,VA-AC-CASE,Other,Low,Email Frontline,A3020,0,,104.0,104.0,GW-OTHER,N,helpdesk,helpdesk,False,unique_record,rule2_single_source_record
TK-251241,2026-03-19 11:05,,pending,voice,C102234,,VR889941,fallback_single,VA-SW-NX2,Returns & Refunds,Normal,Returns Desk,A3038,0,2.0,6499.0,6499.0,RETURN-QC-OK,N,helpdesk,helpdesk,False,unique_record,rule2_single_source_record
TK-251244,2026-03-19 12:08,2026-03-20 04:19,resolved,email,C105317,,VR890468,fallback_single,VA-AC-CASE,Billing & Payments,High,Billing,A3018,1,2.0,650.0,650.0,DUP-PAYMENT,N,helpdesk,helpdesk,False,unique_record,rule2_single_source_record
TK-251247,2026-03-19 13:15,2026-03-22 15:15,resolved,chat,C102108,VR890424,VR890424,quoted_valid,VA-EB-AIR,Charging & Battery,Normal,Chat Frontline,A3040,1,,1529.0,1529.0,WTY-BUYBACK,N,helpdesk,helpdesk,False,unique_record,rule2_single_source_record
TK-251248,2026-03-19 13:27,2026-03-19 15:56,resolved,social,C104378,VR888273,VR888273,quoted_valid,VA-SW-NX1,Connectivity,Normal,Chat Frontline,A3005,0,,4999.0,4999.0,GW-OTHER,Y,helpdesk,helpdesk,False,unique_record,rule2_single_source_record
TK-251265,2026-03-19 19:26,2026-03-20 23:50,resolved,email,C101253,VR906965,VR906965,quoted_valid,VA-EB-PL2,Warranty & Repair,Low,Escalations & Warranty,A3040,0,4.0,3324.0,3324.0,GW-OTHER,N,helpdesk,helpdesk,False,unique_record,rule2_single_source_record
TK-251274,2026-03-19 22:04,2026-03-21 22:26,resolved,chat,C103926,VR888735,VR888735,quoted_valid,VA-EB-PL2,Returns & Refunds,Low,Returns Desk,A3037,0,4.0,2974.0,2974.0,GW-OTHER,N,helpdesk,helpdesk,False,unique_record,rule2_single_source_record
TK-251282,2026-03-20 08:09,2026-03-22 08:38,resolved,chat,C104616,VR897179,VR897179,quoted_valid,VA-AC-CASE,Returns & Refunds,Normal,Returns Desk,A3038,0,,110.0,110.0,GW-OTHER,N,helpdesk,helpdesk,False,unique_record,rule2_single_source_record
TK-251284,2026-03-20 08:56,2026-03-21 09:26,resolved,voice,C101753,,VR904229,fallback_single,VA-EB-PL2,Delivery & Shipping,Normal,Logistics,A3031,0,3.0,1662.0,1662.0,GW-OTHER,Y,helpdesk,helpdesk,False,unique_record,rule2_single_source_record
TK-251307,2026-03-20 22:06,2026-03-20 22:53,resolved,chat,C106302,VR895966,VR895966,quoted_valid,VA-EB-PL1,Billing & Payments,High,Billing,A3034,0,,2499.0,2499.0,GW-OTHER,N,helpdesk,helpdesk,False,unique_record,rule2_single_source_record
TK-251308,2026-03-20 23:59,2026-03-21 04:20,resolved,email,C107223,VR907215,VR907215,quoted_valid,VA-SW-NX2,Delivery & Shipping,Normal,Logistics,A3031,0,,6499.0,6499.0,LOST-TRANSIT,N,helpdesk,helpdesk,False,unique_record,rule2_single_source_record
TK-251319,2026-03-21 10:47,2026-03-21 11:56,resolved,voice,C107210,VR883631,VR883631,quoted_valid,VA-NB-ARC,Audio Quality,High,Voice Frontline,A3024,0,3.0,1299.0,1299.0,WTY-BUYBACK,Y,helpdesk,helpdesk,False,unique_record,rule2_single_source_record
TK-251320,2026-03-21 11:33,2026-03-24 14:39,resolved,voice,C100886,,VR892051,fallback_single,VA-EB-PL2,Warranty & Repair,High,Escalations & Warranty,A3039,0,5.0,6998.0,6998.0,WTY-BUYBACK,N,helpdesk,helpdesk,False,unique_record,rule2_single_source_record
TK-251321,2026-03-21 12:08,2026-03-21 14:11,resolved,email,C107749,VR899294,VR899294,quoted_valid,VA-EB-PL2,Returns & Refunds,Normal,Returns Desk,A3037,0,,6998.0,6998.0,RETURN-QC-OK,N,helpdesk,helpdesk,False,unique_record,rule2_single_source_record
TK-251323,2026-03-21 12:52,2026-03-21 13:13,resolved,chat,C105987,VR889531,VR889531,quoted_valid,VA-EB-PL2,Other,Normal,Chat Frontline,A3011,0,,2974.0,2974.0,DUP-PAYMENT,N,helpdesk,helpdesk,False,unique_record,rule2_single_source_record
TK-251331,2026-03-21 16:57,2026-03-23 19:14,resolved,social,C105883,VR884070,VR884070,quoted_valid,VA-EB-PL1,Delivery & Shipping,Normal,Logistics,A3030,0,3.0,1999.0,1999.0,GW-OTHER,N,helpdesk,helpdesk,False,unique_record,rule2_single_source_record
TK-251335,2026-03-21 17:56,2026-03-21 18:35,resolved,chat,C100887,VR880597,VR880597,quoted_valid,VA-EB-AIR,Charging & Battery,Normal,Chat Frontline,A3014,0,3.0,3058.0,3058.0,DOA-REPL,N,helpdesk,helpdesk,False,unique_record,rule2_single_source_record
TK-251336,2026-03-21 18:31,2026-03-23 19:00,resolved,chat,C100929,,VR905986,fallback_single,VA-EB-PL1,Delivery & Shipping,Normal,Logistics,A3030,0,,2499.0,2499.0,RETURN-QC-OK,N,helpdesk,helpdesk,False,unique_record,rule2_single_source_record
TK-251337,2026-03-21 18:33,2026-03-21 18:50,closed,chat,C106870,VR891708,VR891708,quoted_valid,VA-EB-AIR,Billing & Payments,High,Billing,A3035,0,,3058.0,3058.0,CANCEL,N,helpdesk,helpdesk,False,unique_record,rule2_single_source_record
TK-251341,2026-03-21 19:14,2026-03-21 22:35,resolved,email,C101898,VR894801,VR894801,quoted_valid,VA-EB-PL1,Returns & Refunds,Normal,Returns Desk,A3037,0,,2499.0,2499.0,RETURN-QC-OK,N,helpdesk,helpdesk,False,unique_record,rule2_single_source_record
TK-251347,2026-03-21 20:34,2026-03-22 22:46,resolved,email,C107644,,VR898196,fallback_single,VA-EB-PL2,Returns & Refunds,Normal,Returns Desk,A3038,0,4.0,3499.0,3499.0,RETURN-QC-OK,N,helpdesk,helpdesk,False,unique_record,rule2_single_source_record
TK-251351,2026-03-21 22:31,2026-03-21 22:41,resolved,chat,C101955,,VR906089,fallback_single,VA-HP-ST3,Other,Low,Chat Frontline,A3001,0,3.0,6999.0,6999.0,PRICE-ADJ,N,helpdesk,helpdesk,False,unique_record,rule2_single_source_record
TK-251353,2026-03-21 23:46,2026-03-23 03:33,resolved,email,C101847,,VR896796,fallback_single,VA-EB-PL1,Other,Normal,Email Frontline,A3016,0,,2499.0,2499.0,DOA-REPL,N,helpdesk,helpdesk,False,unique_record,rule2_single_source_record
TK-251356,2026-03-22 00:48,,pending,chat,C101746,,VR897030,fallback_single,VA-EB-AIR,Billing & Payments,High,Billing,A3032,0,3.0,360.0,360.0,CANCEL,N,helpdesk,helpdesk,False,unique_record,rule2_single_source_record
TK-251358,2026-03-22 00:52,2026-03-25 02:46,closed,chat,C106588,VR884292,VR884292,quoted_valid,VA-EB-PL2,Warranty & Repair,Normal,Escalations & Warranty,A3039,0,,2799.0,2799.0,DOA-REPL,N,helpdesk,helpdesk,False,unique_record,rule2_single_source_record
TK-251360,2026-03-22 00:54,2026-03-22 01:19,resolved,chat,C109093,,VR901725,fallback_single,VA-AC-CASE,Other,Normal,Chat Frontline,A3003,0,3.0,1234.0,1234.0,DUP-PAYMENT,N,helpdesk,helpdesk,False,unique_record,rule2_single_source_record
TK-251369,2026-03-22 10:02,2026-03-23 12:42,resolved,email,C106429,VR899274,VR899274,quoted_valid,VA-SW-NX2,Returns & Refunds,Normal,Returns Desk,A3037,1,,5199.0,5199.0,GW-OTHER,N,helpdesk,helpdesk,False,unique_record,rule2_single_source_record
TK-251373,2026-03-22 11:27,2026-03-22 14:39,resolved,email,C104526,VR889470,VR889470,quoted_valid,VA-EB-PL2,Other,Normal,Email Frontline,A3018,0,3.0,2974.0,2974.0,CANCEL,N,helpdesk,helpdesk,False,unique_record,rule2_single_source_record
TK-251374,2026-03-22 11:36,2026-03-25 12:11,resolved,voice,C100103,VR893501,VR893501,quoted_valid,VA-HP-ST3,Delivery & Shipping,Normal,Logistics,A3029,0,3.0,6999.0,6999.0,RETURN-QC-OK,N,helpdesk,helpdesk,False,unique_record,rule2_single_source_record
TK-251375,2026-03-22 11:49,2026-03-24 15:41,closed,social,C102685,VR888159,VR888159,quoted_valid,VA-SP-MINI,Returns & Refunds,High,Returns Desk,A3036,0,4.0,2499.0,2499.0,RETURN-QC-OK,N,helpdesk,helpdesk,False,unique_record,rule2_single_source_record
TK-251377,2026-03-22 11:54,2026-03-23 13:06,resolved,voice,C106127,VR884203,VR884203,quoted_valid,VA-EB-PL2,Returns & Refunds,Normal,Returns Desk,A3037,0,5.0,3324.0,3324.0,RETURN-QC-OK,N,helpdesk,helpdesk,False,unique_record,rule2_single_source_record
TK-251380,2026-03-22 13:38,2026-03-23 14:09,resolved,chat,C103300,VR896929,VR896929,quoted_valid,VA-HP-ST2,Returns & Refunds,Normal,Returns Desk,A3037,0,,3999.0,3999.0,GW-OTHER,N,helpdesk,helpdesk,False,unique_record,rule2_single_source_record
TK-251387,2026-03-22 17:59,,pending,email,C102474,VR894924,VR894924,quoted_valid,VA-AC-CBL,Billing & Payments,High,Billing,A3033,0,2.0,638.0,638.0,GW-OTHER,N,helpdesk,helpdesk,False,unique_record,rule2_single_source_record
TK-251395,2026-03-22 20:16,2026-03-25 20:53,resolved,voice,C101458,,VR908849,fallback_single,VA-EB-PL2,Returns & Refunds,High,Returns Desk,A3033,2,,3324.0,3324.0,RETURN-QC-OK,N,helpdesk,helpdesk,False,unique_record,rule2_single_source_record
TK-251397,2026-03-22 20:24,2026-03-22 20:54,resolved,chat,C107895,,VR903092,fallback_single,VA-AC-CASE,Billing & Payments,Normal,Billing,A3035,0,,1299.0,1299.0,DUP-PAYMENT,N,helpdesk,helpdesk,False,unique_record,rule2_single_source_record
TK-251401,2026-03-23 06:33,2026-03-23 09:15,resolved,email,C105853,,,ambiguous,VA-EB-AIR,Other,Normal,Email Frontline,A3015,1,4.0,900.0,900.0,GW-OTHER,N,helpdesk,helpdesk,False,unique_record,rule2_single_source_record
TK-251408,2026-03-23 11:02,2026-03-23 12:37,resolved,email,C101600,,VR892170,fallback_single,VA-AC-CH65,Other,Normal,Email Frontline,A3019,0,,1199.0,1199.0,GW-OTHER,N,helpdesk,helpdesk,False,unique_record,rule2_single_source_record
TK-251410,2026-03-23 13:12,2026-03-23 14:28,resolved,social,C103459,,VR905910,fallback_single,VA-HP-ST3,Audio Quality,Normal,Chat Frontline,A3010,0,,5599.0,5599.0,GW-OTHER,Y,helpdesk,helpdesk,False,unique_record,rule2_single_source_record
TK-251413,2026-03-23 13:43,2026-03-24 15:37,resolved,email,C104189,VR886951,VR886951,quoted_valid,VA-SW-NX2,Delivery & Shipping,High,Logistics,A3030,0,,5524.0,5524.0,DOA-REPL,N,helpdesk,helpdesk,False,unique_record,rule2_single_source_record
TK-251436,2026-03-23 22:18,2026-03-24 06:26,resolved,email,C106382,VR895541,VR895541,quoted_valid,VA-HP-ST3,Audio Quality,Normal,Email Frontline,A3019,0,,1120.0,1120.0,DOA-REPL,N,helpdesk,helpdesk,False,unique_record,rule2_single_source_record
TK-251438,2026-03-24 03:59,2026-03-24 04:37,resolved,chat,C101600,,VR892170,fallback_single,VA-AC-CH65,Returns & Refunds,Low,Returns Desk,A3005,1,,1199.0,1199.0,GW-OTHER,N,helpdesk,helpdesk,False,unique_record,rule2_single_source_record
TK-251443,2026-03-24 10:01,2026-03-24 10:21,closed,chat,C104230,VR907063,VR907063,quoted_valid,VA-SP-ORB,Other,Normal,Chat Frontline,A3013,0,3.0,5399.0,5399.0,GW-OTHER,N,helpdesk,helpdesk,False,unique_record,rule2_single_source_record
TK-251451,2026-03-24 16:02,2026-03-26 16:20,resolved,chat,C108821,VR881672,VR881672,quoted_valid,VA-EB-PL2,Returns & Refunds,High,Returns Desk,A3036,0,4.0,560.0,560.0,GW-OTHER,N,helpdesk,helpdesk,False,unique_record,rule2_single_source_record
TK-251456,2026-03-24 17:13,2026-03-24 19:37,closed,email,C103058,,VR897955,fallback_single,VA-AC-CASE,Returns & Refunds,Normal,Returns Desk,A3036,0,,1104.0,1104.0,RETURN-QC-OK,N,helpdesk,helpdesk,False,unique_record,rule2_single_source_record
TK-251459,2026-03-24 17:42,,pending,chat,C109486,VR885953,VR885953,quoted_valid,VA-EB-PL2,Billing & Payments,Normal,Billing,A3035,0,,2799.0,2799.0,DUP-PAYMENT,N,helpdesk,helpdesk,False,unique_record,rule2_single_source_record
TK-251463,2026-03-24 19:02,2026-03-24 19:33,resolved,chat,C108219,VR897193,VR897193,quoted_valid,VA-EB-PL2,Billing & Payments,High,Billing,A3035,0,,3149.0,3149.0,GW-OTHER,N,helpdesk,helpdesk,False,unique_record,rule2_single_source_record
TK-251467,2026-03-24 20:58,2026-03-24 23:33,resolved,social,C106963,VR890735,VR890735,quoted_valid,VA-EB-PL2,Other,Normal,Chat Frontline,A3003,0,,1487.0,1487.0,CANCEL,N,helpdesk,helpdesk,False,unique_record,rule2_single_source_record
TK-251470,2026-03-24 23:24,2026-03-28 00:13,resolved,chat,C104614,VR896182,VR896182,quoted_valid,VA-SW-NX2,Returns & Refunds,Low,Returns Desk,A3038,0,2.0,6174.0,6174.0,RETURN-QC-OK,N,helpdesk,helpdesk,False,unique_record,rule2_single_source_record
TK-251472,2026-03-24 23:59,2026-03-30 00:15,resolved,chat,C106701,,VR908449,fallback_single,VA-EB-PL2,Delivery & Shipping,Normal,Logistics,A3029,0,,3324.0,3324.0,DOA-REPL,N,helpdesk,helpdesk,False,unique_record,rule2_single_source_record
TK-251476,2026-03-25 06:10,2026-03-25 07:26,resolved,email,C105317,,VR890468,fallback_single,VA-AC-CASE,Delivery & Shipping,Normal,Logistics,A3031,0,,1299.0,1299.0,DOA-REPL,Y,helpdesk,helpdesk,False,unique_record,rule2_single_source_record
TK-251484,2026-03-25 09:30,2026-03-25 11:17,resolved,voice,C106769,VR907168,VR907168,quoted_valid,VA-EB-AIR,Billing & Payments,Low,Billing,A3033,0,3.0,1799.0,1799.0,GW-OTHER,N,helpdesk,helpdesk,False,unique_record,rule2_single_source_record
TK-251493,2026-03-25 17:03,2026-03-25 17:28,resolved,chat,C103845,VR884287,VR884287,quoted_valid,VA-SP-ORB,Billing & Payments,High,Billing,A3035,0,,1080.0,1080.0,DUP-PAYMENT,N,helpdesk,helpdesk,False,unique_record,rule2_single_source_record
TK-251494,2026-03-25 17:58,2026-03-25 18:32,resolved,chat,C105242,VR908532,VR908532,quoted_valid,VA-SW-NX2,Billing & Payments,Low,Billing,A3035,0,4.0,1170.0,1170.0,GW-OTHER,N,helpdesk,helpdesk,False,unique_record,rule2_single_source_record
TK-251500,2026-03-25 19:17,2026-03-27 19:52,resolved,voice,C103096,,VR884481,fallback_single,VA-HP-ST2,Returns & Refunds,Normal,Returns Desk,A3036,0,,2500.0,2500.0,GW-OTHER,N,helpdesk,helpdesk,False,unique_record,rule2_single_source_record
TK-251513,2026-03-26 08:33,2026-03-29 10:09,resolved,social,C107913,,VR905601,fallback_single,VA-EB-PL1,Returns & Refunds,Normal,Returns Desk,A3038,0,,2499.0,2499.0,RETURN-QC-OK,N,helpdesk,helpdesk,False,unique_record,rule2_single_source_record
TK-251515,2026-03-26 11:17,2026-03-27 11:50,resolved,chat,C102072,,,ambiguous,VA-EB-PL2,Returns & Refunds,Normal,Returns Desk,A3038,0,,5598.0,5598.0,RETURN-QC-OK,N,helpdesk,helpdesk,False,unique_record,rule2_single_source_record
TK-251519,2026-03-26 12:38,2026-03-26 12:57,resolved,chat,C102241,VR906363,VR906363,quoted_valid,VA-SP-ORB,Connectivity,Normal,Chat Frontline,A3007,0,,5699.0,5699.0,GW-OTHER,N,helpdesk,helpdesk,False,unique_record,rule2_single_source_record
TK-251523,2026-03-26 15:49,2026-03-26 18:44,resolved,social,C104526,,,ambiguous,VA-EB-PL2,Billing & Payments,High,Billing,A3035,0,4.0,1487.0,1487.0,GW-OTHER,N,helpdesk,helpdesk,False,unique_record,rule2_single_source_record
TK-251537,2026-03-26 22:16,2026-03-26 22:53,resolved,chat,C102426,VR898989,VR898989,quoted_valid,VA-EB-PL2,Audio Quality,Normal,Chat Frontline,A3003,0,4.0,3149.0,3149.0,WTY-BUYBACK,Y,helpdesk,helpdesk,False,unique_record,rule2_single_source_record
TK-251542,2026-03-27 08:04,2026-03-30 11:53,resolved,email,C101555,VR881452,VR881452,quoted_valid,VA-SW-NX1,Warranty & Repair,Normal,Escalations & Warranty,A3039,0,4.0,3999.0,3999.0,DOA-REPL,N,helpdesk,helpdesk,False,unique_record,rule2_single_source_record
TK-251555,2026-03-27 14:42,2026-03-27 18:01,resolved,email,C102685,VR888159,VR888159,quoted_valid,VA-SP-MINI,Other,High,Email Frontline,A3018,0,4.0,500.0,500.0,CANCEL,N,helpdesk,helpdesk,False,unique_record,rule2_single_source_record
TK-251559,2026-03-27 16:33,2026-03-30 17:37,resolved,voice,C106521,,,ambiguous,VA-EB-PL1,Returns & Refunds,Normal,Returns Desk,A3036,0,4.0,2249.0,2249.0,RETURN-QC-OK,N,helpdesk,helpdesk,False,unique_record,rule2_single_source_record
TK-251570,2026-03-27 22:39,2026-03-29 12:31,resolved,email,C101994,VR905548,VR905548,quoted_valid,VA-SW-FIT,Returns & Refunds,Normal,Returns Desk,A3037,0,,1000.0,1000.0,RETURN-QC-OK,N,helpdesk,helpdesk,False,unique_record,rule2_single_source_record
TK-251571,2026-03-27 23:16,2026-03-27 23:58,resolved,chat,C106453,VR908339,VR908339,quoted_valid,VA-NB-ARC,Audio Quality,Normal,Chat Frontline,A3017,1,2.0,1299.0,1299.0,WTY-BUYBACK,Y,helpdesk,helpdesk,False,unique_record,rule2_single_source_record
TK-251598,2026-03-28 15:32,2026-03-30 15:58,resolved,chat,C107905,VR883650,VR883650,quoted_valid,VA-SP-MINI,Delivery & Shipping,Normal,Logistics,A3030,0,,4248.0,4248.0,LOST-TRANSIT,N,helpdesk,helpdesk,False,unique_record,rule2_single_source_record
TK-251601,2026-03-28 17:30,,pending,chat,C104895,VR884846,VR884846,quoted_valid,VA-SW-FIT,Other,Normal,Chat Frontline,A3005,0,,1899.0,1899.0,GW-OTHER,N,helpdesk,helpdesk,False,unique_record,rule2_single_source_record
TK-251613,2026-03-28 22:59,2026-03-31 03:38,resolved,email,C102057,VR881414,VR881414,quoted_valid,VA-SW-NX2,Delivery & Shipping,Normal,Logistics,A3029,0,,5199.0,5199.0,LOST-TRANSIT,N,helpdesk,helpdesk,False,unique_record,rule2_single_source_record
TK-251620,2026-03-29 11:38,2026-03-29 12:16,resolved,chat,C104610,VR897550,VR897550,quoted_valid,VA-NB-ARC,Connectivity,High,Chat Frontline,A3013,0,2.0,1299.0,1299.0,GW-OTHER,Y,helpdesk,helpdesk,False,unique_record,rule2_single_source_record
TK-251630,2026-03-29 14:37,,pending,email,C108571,VR891653,VR891653,quoted_valid,VA-SP-MINI,Other,Normal,Email Frontline,A3036,1,,2249.0,2249.0,DUP-PAYMENT,N,helpdesk,helpdesk,False,unique_record,rule2_single_source_record
TK-251633,2026-03-29 17:50,2026-03-29 18:52,resolved,chat,C106421,VR891591,VR891591,quoted_valid,VA-SW-FIT,Connectivity,Low,Chat Frontline,A3014,0,,1999.0,1999.0,GW-OTHER,N,helpdesk,helpdesk,False,unique_record,rule2_single_source_record
TK-251635,2026-03-29 23:41,2026-03-30 00:53,resolved,email,C106622,,VR896026,fallback_single,VA-EB-PL1,Audio Quality,Normal,Email Frontline,A3016,0,,2499.0,2499.0,DOA-REPL,Y,helpdesk,helpdesk,False,unique_record,rule2_single_source_record
TK-251638,2026-03-29 23:56,2026-03-30 00:14,resolved,chat,C101540,,VR900955,fallback_single,VA-EB-PL2,Billing & Payments,High,Billing,A3034,0,,2799.0,2799.0,GW-OTHER,N,helpdesk,helpdesk,False,unique_record,rule2_single_source_record
TK-251644,2026-03-30 07:45,2026-04-02 08:06,resolved,chat,C104711,,,ambiguous,VA-EB-PL2,Returns & Refunds,Low,Returns Desk,A3038,0,,630.0,630.0,GW-OTHER,N,helpdesk,helpdesk,False,unique_record,rule2_single_source_record
TK-251655,2026-03-30 12:19,2026-04-04 15:09,resolved,email,C109294,VR893480,VR893480,quoted_valid,VA-EB-PL2,Delivery & Shipping,Normal,Logistics,A3030,0,,3499.0,3499.0,WTY-BUYBACK,Y,helpdesk,helpdesk,False,unique_record,rule2_single_source_record
TK-251666,2026-03-30 19:29,2026-03-30 19:59,resolved,chat,C107237,VR900807,VR900807,quoted_valid,VA-HP-ST2,Billing & Payments,High,Billing,A3035,0,3.0,4499.0,4499.0,DUP-PAYMENT,N,helpdesk,helpdesk,False,unique_record,rule2_single_source_record
TK-251690,2026-03-31 11:34,2026-03-31 15:45,resolved,email,C100575,VR907702,VR907702,quoted_valid,VA-EB-AIR,Other,Normal,Email Frontline,A3018,0,4.0,720.0,720.0,CANCEL,N,helpdesk,helpdesk,False,unique_record,rule2_single_source_record
TK-251701,2026-03-31 14:51,2026-04-02 15:14,resolved,chat,C102922,VR905138,VR905138,quoted_valid,VA-SW-FIT,Returns & Refunds,Normal,Returns Desk,A3036,0,,160.0,160.0,RETURN-QC-OK,N,helpdesk,helpdesk,False,unique_record,rule2_single_source_record
TK-251705,2026-03-31 17:15,2026-03-31 17:50,resolved,chat,C108237,VR885281,VR885281,quoted_valid,VA-EB-AIR,Billing & Payments,Normal,Billing,A3035,0,,810.0,810.0,CANCEL,N,helpdesk,helpdesk,False,unique_record,rule2_single_source_record
TK-251706,2026-03-31 17:31,2026-03-31 17:54,closed,chat,C103374,VR908740,VR908740,quoted_valid,VA-EB-PL2,Connectivity,High,Chat Frontline,A3004,0,3.0,3499.0,3499.0,GW-OTHER,Y,helpdesk,helpdesk,False,unique_record,rule2_single_source_record
TK-251708,2026-03-31 19:34,2026-04-02 21:44,closed,email,C106814,,VR906055,fallback_single,VA-EB-PL2,Delivery & Shipping,Normal,Logistics,A3030,0,,2974.0,2974.0,GW-OTHER,N,helpdesk,helpdesk,False,unique_record,rule2_single_source_record
TK-251720,2026-04-01 08:49,2026-04-01 10:43,resolved,email,C104471,,VR902387,fallback_single,VA-EB-PL2,Billing & Payments,High,Billing,A3033,0,4.0,3324.0,3324.0,GW-OTHER,N,helpdesk,helpdesk,False,unique_record,rule2_single_source_record
TK-251723,2026-04-01 10:27,2026-04-01 12:00,closed,email,C107213,VR881881,VR881881,quoted_valid,VA-AC-CBL,Other,Normal,Email Frontline,A3020,0,4.0,144.0,144.0,GW-OTHER,N,helpdesk,helpdesk,False,unique_record,rule2_single_source_record
TK-251724,2026-04-01 10:29,2026-04-01 10:50,resolved,chat,C101221,VR892086,VR892086,quoted_valid,VA-EB-AIR,Other,Normal,Chat Frontline,A3007,0,3.0,900.0,900.0,CANCEL,N,helpdesk,helpdesk,False,unique_record,rule2_single_source_record
TK-251725,2026-04-01 11:57,2026-04-01 12:39,resolved,chat,C100970,VR893321,VR893321,quoted_valid,VA-AC-CBL,Billing & Payments,High,Billing,A3034,0,,399.0,399.0,DUP-PAYMENT,N,helpdesk,helpdesk,False,unique_record,rule2_single_source_record
TK-251727,2026-04-01 11:59,,open,chat,C101669,VR893014,VR893014,quoted_valid,VA-EB-PL2,Returns & Refunds,Normal,Returns Desk,A3037,0,,525.0,525.0,RETURN-QC-OK,N,helpdesk,helpdesk,False,unique_record,rule2_single_source_record
TK-251729,2026-04-01 13:53,2026-04-01 20:09,resolved,email,C106406,VR893726,VR893726,quoted_valid,VA-SP-MINI,Other,Normal,Email Frontline,A3018,0,3.0,2374.0,2374.0,DUP-PAYMENT,N,helpdesk,helpdesk,False,unique_record,rule2_single_source_record
TK-251738,2026-04-01 18:53,2026-04-01 19:52,resolved,voice,C107868,VR900294,VR900294,quoted_valid,VA-EB-AIR,Other,High,Voice Frontline,A3026,0,,1439.0,1439.0,GW-OTHER,N,helpdesk,helpdesk,False,unique_record,rule2_single_source_record
TK-251760,2026-04-02 16:45,2026-04-02 17:21,resolved,voice,C104900,VR881254,VR881254,quoted_valid,VA-SW-FIT,Billing & Payments,High,Billing,A3035,0,,300.0,300.0,PRICE-ADJ,N,helpdesk,helpdesk,False,unique_record,rule2_single_source_record
TK-251770,2026-04-02 21:15,2026-04-03 22:50,closed,voice,C104900,VR881254,VR881254,quoted_valid,VA-SW-FIT,Delivery & Shipping,Normal,Logistics,A3028,0,,1999.0,1999.0,LOST-TRANSIT,N,helpdesk,helpdesk,False,unique_record,rule2_single_source_record
TK-251777,2026-04-03 12:00,2026-04-03 12:59,closed,social,C105075,VR899695,VR899695,quoted_valid,VA-SP-ORB,Billing & Payments,Normal,Billing,A3032,0,3.0,4799.0,4799.0,GW-OTHER,N,helpdesk,helpdesk,False,unique_record,rule2_single_source_record
TK-251798,2026-04-03 19:32,2026-04-03 19:57,resolved,chat,C107794,VR896589,VR896589,quoted_valid,VA-SW-FIT,Other,Normal,Chat Frontline,A3012,0,,400.0,400.0,CANCEL,N,helpdesk,helpdesk,False,unique_record,rule2_single_source_record
TK-251802,2026-04-03 20:27,2026-04-03 20:56,resolved,voice,C104589,,,ambiguous,VA-EB-PL1,Billing & Payments,Normal,Billing,A3035,0,,475.0,475.0,DUP-PAYMENT,N,helpdesk,helpdesk,False,unique_record,rule2_single_source_record
TK-251804,2026-04-03 21:50,2026-04-04 03:31,resolved,email,C103564,VR897506,VR897506,quoted_valid,VA-EB-PL1,Billing & Payments,High,Billing,A3034,0,,2124.0,2124.0,DUP-PAYMENT,N,helpdesk,helpdesk,False,unique_record,rule2_single_source_record
TK-251806,2026-04-03 22:08,2026-04-04 00:01,resolved,social,C102413,VR881879,VR881879,quoted_valid,VA-SP-MINI,Billing & Payments,Low,Billing,A3032,0,,2499.0,2499.0,DUP-PAYMENT,N,helpdesk,helpdesk,False,unique_record,rule2_single_source_record
TK-251809,2026-04-03 23:29,2026-04-04 00:08,resolved,chat,C104189,VR886951,VR886951,quoted_valid,VA-SW-NX2,Returns & Refunds,Normal,Returns Desk,A3037,0,5.0,552.0,552.0,GW-OTHER,N,helpdesk,helpdesk,False,unique_record,rule2_single_source_record
TK-251812,2026-04-04 09:30,2026-04-04 10:27,resolved,voice,C103841,VR882021,VR882021,quoted_valid,VA-NB-ARC,Delivery & Shipping,High,Logistics,A3029,0,4.0,1299.0,1299.0,DOA-REPL,N,helpdesk,helpdesk,False,unique_record,rule2_single_source_record
TK-251817,2026-04-04 11:18,2026-04-04 11:39,resolved,voice,C104385,,VR900556,fallback_single,VA-EB-PL2,Other,Normal,Voice Frontline,A3023,0,,3149.0,3149.0,CANCEL,N,helpdesk,helpdesk,False,unique_record,rule2_single_source_record
TK-251818,2026-04-04 11:21,2026-04-09 14:15,resolved,voice,C106007,,VR908781,fallback_single,VA-EB-PL2,Warranty & Repair,Normal,Escalations & Warranty,A3039,0,,2799.0,2799.0,DOA-REPL,N,helpdesk,helpdesk,False,unique_record,rule2_single_source_record
TK-251821,2026-04-04 11:43,2026-04-04 12:18,closed,chat,C105987,VR889531,VR889531,quoted_valid,VA-EB-PL2,Returns & Refunds,Normal,Returns Desk,A3038,0,,1487.0,1487.0,RETURN-QC-OK,N,helpdesk,helpdesk,False,unique_record,rule2_single_source_record
TK-251823,2026-04-04 11:52,2026-04-04 12:07,resolved,chat,C108507,VR895842,VR895842,quoted_valid,VA-HP-ST3,Other,Normal,Chat Frontline,A3011,0,,6999.0,6999.0,CANCEL,N,helpdesk,helpdesk,False,unique_record,rule2_single_source_record
TK-251826,2026-04-04 13:13,2026-04-04 13:50,resolved,chat,C100970,,VR893321,fallback_single,VA-AC-CBL,Billing & Payments,Normal,Billing,A3020,1,3.0,80.0,80.0,DUP-PAYMENT,N,helpdesk,helpdesk,False,unique_record,rule2_single_source_record
TK-251828,2026-04-04 13:46,2026-04-05 14:06,resolved,chat,C102954,VR880017,VR880017,quoted_valid,VA-HP-ST3,Returns & Refunds,Normal,Returns Desk,A3037,0,3.0,6999.0,6999.0,RETURN-QC-OK,N,helpdesk,helpdesk,False,unique_record,rule2_single_source_record
TK-251831,2026-04-04 15:27,2026-04-04 15:45,resolved,chat,C109117,VR882036,VR882036,quoted_valid,VA-HP-ST2,Returns & Refunds,Normal,Returns Desk,A3036,0,4.0,9498.0,9498.0,GW-OTHER,N,helpdesk,helpdesk,False,unique_record,rule2_single_source_record
TK-251837,2026-04-04 17:20,2026-04-09 17:34,resolved,chat,C107430,VR880795,VR880795,quoted_valid,VA-SW-FIT,Delivery & Shipping,Normal,Logistics,A3030,0,3.0,340.0,340.0,RETURN-QC-OK,N,helpdesk,helpdesk,False,unique_record,rule2_single_source_record
TK-251840,2026-04-04 18:22,2026-04-07 18:44,resolved,chat,C107019,VR881852,VR881852,quoted_valid,VA-EB-PL2,Delivery & Shipping,Normal,Logistics,A3030,0,,3499.0,3499.0,GW-OTHER,Y,helpdesk,helpdesk,False,unique_record,rule2_single_source_record
TK-251842,2026-04-04 18:22,,open,email,C105844,VR896785,VR896785,quoted_valid,VA-HP-ST3,Delivery & Shipping,Normal,Logistics,A3030,0,4.0,1050.0,1050.0,LOST-TRANSIT,N,helpdesk,helpdesk,False,unique_record,rule2_single_source_record
TK-251849,2026-04-04 21:00,2026-04-04 21:35,resolved,chat,C100002,VR894913,VR894913,quoted_valid,VA-EB-PL1,Audio Quality,Normal,Chat Frontline,A3015,0,,2124.0,2124.0,GW-OTHER,N,helpdesk,helpdesk,False,unique_record,rule2_single_source_record
TK-251853,2026-04-04 21:48,2026-04-05 23:46,resolved,email,C108012,VR893808,VR893808,quoted_valid,VA-EB-PL2,Returns & Refunds,Normal,Returns Desk,A3038,0,2.0,280.0,280.0,RETURN-QC-OK,N,helpdesk,helpdesk,False,unique_record,rule2_single_source_record
TK-251856,2026-04-04 22:55,2026-04-05 01:46,closed,social,C106987,VR906674,VR906674,quoted_valid,VA-HP-ST3,Billing & Payments,High,Billing,A3034,0,,6999.0,6999.0,GW-OTHER,N,helpdesk,helpdesk,False,unique_record,rule2_single_source_record
TK-251857,2026-04-05 00:34,2026-04-05 06:53,resolved,email,C105584,,VR887836,fallback_single,VA-EB-PL2,Returns & Refunds,Normal,Returns Desk,A3037,0,,2974.0,2974.0,GW-OTHER,N,helpdesk,helpdesk,False,unique_record,rule2_single_source_record
TK-251860,2026-04-05 10:30,2026-04-08 11:06,resolved,voice,C108133,VR894368,VR894368,quoted_valid,VA-SW-FIT,Delivery & Shipping,Normal,Logistics,A3031,0,,1999.0,1999.0,DOA-REPL,N,helpdesk,helpdesk,False,unique_record,rule2_single_source_record
TK-251863,2026-04-05 12:53,2026-04-05 13:13,resolved,chat,C102687,VR893200,VR893200,quoted_valid,VA-HP-ST2,Other,Low,Chat Frontline,A3007,0,5.0,4249.0,4249.0,GW-OTHER,N,helpdesk,helpdesk,False,unique_record,rule2_single_source_record
TK-251865,2026-04-05 15:44,2026-04-10 17:57,resolved,email,C108204,VR904921,VR904921,quoted_valid,VA-SW-NX1,Warranty & Repair,High,Escalations & Warranty,A3041,0,3.0,1000.0,1000.0,GW-OTHER,N,helpdesk,helpdesk,False,unique_record,rule2_single_source_record
TK-251866,2026-04-05 15:56,2026-04-08 16:36,resolved,chat,C108571,,VR891653,fallback_single,VA-SP-MINI,Returns & Refunds,Normal,Returns Desk,A3036,1,,2249.0,2249.0,RETURN-QC-OK,N,helpdesk,helpdesk,False,unique_record,rule2_single_source_record
TK-251873,2026-04-05 19:05,2026-04-09 21:10,resolved,voice,C101047,VR908050,VR908050,quoted_valid,VA-EB-PL1,Other,Normal,Voice Frontline,A3039,1,2.0,375.0,375.0,DOA-REPL,N,helpdesk,helpdesk,False,unique_record,rule2_single_source_record
TK-251880,2026-04-05 22:21,2026-04-06 01:36,resolved,email,C107010,VR882803,VR882803,quoted_valid,VA-EB-PL2,Audio Quality,High,Email Frontline,A3017,0,,3499.0,3499.0,WTY-BUYBACK,Y,helpdesk,helpdesk,False,unique_record,rule2_single_source_record
TK-251900,2026-04-06 12:01,2026-04-08 12:18,resolved,chat,C107815,,VR900041,fallback_single,VA-SW-FIT,Returns & Refunds,Normal,Returns Desk,A3037,0,3.0,1999.0,1999.0,GW-OTHER,N,helpdesk,helpdesk,False,unique_record,rule2_single_source_record
TK-251905,2026-04-06 14:38,2026-04-07 03:20,resolved,email,C105845,,VR893778,fallback_single,VA-SW-FIT,Billing & Payments,High,Billing,A3032,0,2.0,1999.0,1999.0,GW-OTHER,N,helpdesk,helpdesk,False,unique_record,rule2_single_source_record
TK-251908,2026-04-06 16:24,2026-04-07 09:13,closed,email,C108179,VR903589,VR903589,quoted_valid,VA-EB-PL2,Billing & Payments,High,Billing,A3033,0,,499.0,499.0,PRICE-ADJ,N,helpdesk,helpdesk,False,unique_record,rule2_single_source_record
TK-251925,2026-04-07 07:27,2026-04-09 07:42,resolved,chat,C108440,,VR909227,fallback_single,VA-EB-AIR,Returns & Refunds,Normal,Returns Desk,A3031,1,,180.0,180.0,RETURN-QC-OK,N,helpdesk,helpdesk,False,unique_record,rule2_single_source_record
TK-251928,2026-04-07 09:29,2026-04-09 09:55,resolved,chat,C101871,VR890710,VR890710,quoted_valid,VA-EB-PL2,Delivery & Shipping,Normal,Logistics,A3027,0,,3324.0,3324.0,GW-OTHER,N,helpdesk,helpdesk,False,unique_record,rule2_single_source_record
TK-251939,2026-04-07 13:55,2026-04-10 14:24,resolved,chat,C102260,,VR897720,fallback_single,VA-SW-NX1,Returns & Refunds,Normal,Returns Desk,A3038,0,,2500.0,2500.0,RETURN-QC-OK,N,helpdesk,helpdesk,False,unique_record,rule2_single_source_record
TK-251940,2026-04-07 14:33,2026-04-07 16:22,resolved,voice,C107359,,VR903459,fallback_single,VA-EB-PL2,Other,Normal,Voice Frontline,A3026,0,4.0,2799.0,2799.0,CANCEL,N,helpdesk,helpdesk,False,unique_record,rule2_single_source_record
TK-251952,2026-04-07 17:52,2026-04-07 18:23,resolved,chat,C107481,VR888103,VR888103,quoted_valid,VA-SW-NX2,Returns & Refunds,High,Returns Desk,A3036,0,,6174.0,6174.0,WTY-BUYBACK,N,helpdesk,helpdesk,False,unique_record,rule2_single_source_record
TK-251954,2026-04-07 19:29,2026-04-07 22:47,resolved,email,C102244,VR881660,VR881660,quoted_valid,VA-SP-MINI,Billing & Payments,Normal,Billing,A3032,0,,1999.0,1999.0,RETURN-QC-OK,N,helpdesk,helpdesk,False,unique_record,rule2_single_source_record
TK-251955,2026-04-07 20:10,2026-04-07 20:52,resolved,chat,C101654,,VR899680,fallback_single,VA-EB-PL1,Billing & Payments,Normal,Billing,A3035,0,3.0,2499.0,2499.0,GW-OTHER,N,helpdesk,helpdesk,False,unique_record,rule2_single_source_record
TK-251959,2026-04-07 21:29,2026-04-07 21:43,resolved,chat,C101871,,VR890710,fallback_single,VA-EB-PL2,Other,High,Chat Frontline,A3015,0,3.0,3324.0,3324.0,PRICE-ADJ,N,helpdesk,helpdesk,False,unique_record,rule2_single_source_record
TK-251965,2026-04-08 01:58,2026-04-08 02:28,resolved,chat,C106769,VR907168,VR907168,quoted_valid,VA-EB-AIR,Returns & Refunds,Normal,Returns Desk,A3038,0,,1799.0,1799.0,RETURN-QC-OK,N,helpdesk,helpdesk,False,unique_record,rule2_single_source_record
TK-251970,2026-04-08 08:09,2026-04-08 08:47,resolved,email,C108548,VR904247,VR904247,quoted_valid,VA-EB-PL2,Billing & Payments,Normal,Billing,A3038,1,4.0,3499.0,3499.0,PRICE-ADJ,N,helpdesk,helpdesk,False,unique_record,rule2_single_source_record
TK-251988,2026-04-08 17:51,2026-04-08 19:24,resolved,email,C103250,,,ambiguous,VA-EB-PL2,Other,Normal,Email Frontline,A3018,0,,6998.0,6998.0,GW-OTHER,N,helpdesk,helpdesk,False,unique_record,rule2_single_source_record
TK-251991,2026-04-08 18:32,2026-04-09 18:45,closed,chat,C106295,VR882201,VR882201,quoted_valid,VA-EB-AIR,Delivery & Shipping,Low,Logistics,A3030,0,,1799.0,1799.0,DOA-REPL,Y,helpdesk,helpdesk,False,unique_record,rule2_single_source_record
TK-251996,2026-04-08 19:39,2026-04-08 20:10,resolved,chat,C105771,VR893587,VR893587,quoted_valid,VA-EB-PL2,Returns & Refunds,High,Returns Desk,A3036,0,3.0,3499.0,3499.0,RETURN-QC-OK,N,helpdesk,helpdesk,False,unique_record,rule2_single_source_record
TK-252004,2026-04-09 08:50,2026-04-09 09:43,resolved,email,C106274,,VR898379,fallback_single,VA-EB-PL2,Returns & Refunds,Normal,Returns Desk,A3037,0,,1487.0,1487.0,GW-OTHER,N,helpdesk,helpdesk,False,unique_record,rule2_single_source_record
TK-252010,2026-04-09 11:54,2026-04-09 12:28,resolved,chat,C106987,VR906674,VR906674,quoted_valid,VA-HP-ST3,Delivery & Shipping,Normal,Logistics,A3031,0,,6999.0,6999.0,GW-OTHER,Y,helpdesk,helpdesk,False,unique_record,rule2_single_source_record
TK-252020,2026-04-09 17:41,2026-04-12 18:33,closed,email,C101498,VR887429,VR887429,quoted_valid,VA-EB-PL2,Returns & Refunds,Normal,Returns Desk,A3036,0,,3499.0,3499.0,GW-OTHER,N,helpdesk,helpdesk,False,unique_record,rule2_single_source_record
TK-252024,2026-04-09 19:26,2026-04-11 22:39,resolved,email,C100689,VR884950,VR884950,quoted_valid,VA-EB-PL1,Delivery & Shipping,Normal,Logistics,A3027,0,,2499.0,2499.0,GW-OTHER,Y,helpdesk,helpdesk,False,unique_record,rule2_single_source_record
TK-252029,2026-04-09 22:55,2026-04-11 23:47,resolved,email,C106132,,VR898276,fallback_single,VA-HP-ST3,Delivery & Shipping,High,Logistics,A3027,0,,5599.0,5599.0,DOA-REPL,N,helpdesk,helpdesk,False,unique_record,rule2_single_source_record
TK-252031,2026-04-10 09:43,2026-04-11 10:10,resolved,chat,C106180,VR901682,VR901682,quoted_valid,VA-EB-PL2,Returns & Refunds,Normal,Returns Desk,A3038,0,,3324.0,3324.0,RETURN-QC-OK,N,helpdesk,helpdesk,False,unique_record,rule2_single_source_record
TK-252034,2026-04-10 12:12,2026-04-10 12:47,resolved,chat,C103898,VR888313,VR888313,quoted_valid,VA-EB-PL1,Charging & Battery,Normal,Chat Frontline,A3006,0,4.0,2124.0,2124.0,DOA-REPL,N,helpdesk,helpdesk,False,unique_record,rule2_single_source_record
TK-252060,2026-04-11 16:25,2026-04-14 17:09,resolved,chat,C109328,VR890264,VR890264,quoted_valid,VA-EB-AIR,Returns & Refunds,Normal,Returns Desk,A3036,0,3.0,1709.0,1709.0,RETURN-QC-OK,N,helpdesk,helpdesk,False,unique_record,rule2_single_source_record
TK-252063,2026-04-11 17:17,2026-04-14 17:44,resolved,chat,C101909,VR902403,VR902403,quoted_valid,VA-AC-CBL,Returns & Refunds,Normal,Returns Desk,A3036,0,4.0,32.0,32.0,GW-OTHER,N,helpdesk,helpdesk,False,unique_record,rule2_single_source_record
TK-252071,2026-04-11 20:51,2026-04-11 21:06,resolved,chat,C103205,VR900055,VR900055,quoted_valid,VA-SW-NX1,Delivery & Shipping,Normal,Logistics,A3030,0,,4999.0,4999.0,RETURN-QC-OK,N,helpdesk,helpdesk,False,unique_record,rule2_single_source_record
TK-252073,2026-04-11 21:10,,open,email,C105606,VR888101,VR888101,quoted_valid,VA-EB-PL2,Other,Low,Email Frontline,A3001,0,,6298.0,6298.0,GW-OTHER,N,helpdesk,helpdesk,False,unique_record,rule2_single_source_record
TK-252076,2026-04-12 00:25,2026-04-14 00:57,resolved,chat,C105744,VR893347,VR893347,quoted_valid,VA-HP-ST3,Returns & Refunds,Normal,Returns Desk,A3038,0,,6999.0,6999.0,GW-OTHER,N,helpdesk,helpdesk,False,unique_record,rule2_single_source_record
TK-252081,2026-04-12 08:28,2026-04-15 11:18,resolved,email,C106048,,,ambiguous,VA-SW-NX2,Returns & Refunds,High,Returns Desk,A3037,0,,6499.0,6499.0,GW-OTHER,N,helpdesk,helpdesk,False,unique_record,rule2_single_source_record
TK-252082,2026-04-12 09:00,2026-04-12 13:20,resolved,email,C104867,,,ambiguous,VA-EB-PL2,Audio Quality,Low,Email Frontline,A3021,0,4.0,2799.0,2799.0,GW-OTHER,N,helpdesk,helpdesk,False,unique_record,rule2_single_source_record
TK-252087,2026-04-12 12:02,2026-04-12 12:19,resolved,chat,C104237,VR908932,VR908932,quoted_valid,VA-SP-MINI,Other,High,Chat Frontline,A3031,1,4.0,1250.0,1250.0,GW-OTHER,N,helpdesk,helpdesk,False,unique_record,rule2_single_source_record
TK-252097,2026-04-13 00:24,2026-04-13 01:04,resolved,chat,C105221,VR906621,VR906621,quoted_valid,VA-EB-PL2,App & Firmware,Normal,Chat Frontline,A3003,0,4.0,3499.0,3499.0,GW-OTHER,N,helpdesk,helpdesk,False,unique_record,rule2_single_source_record
TK-252099,2026-04-13 01:29,2026-04-13 01:59,resolved,chat,C103250,,,ambiguous,VA-EB-PL2,Billing & Payments,High,Billing,A3032,0,5.0,700.0,700.0,DUP-PAYMENT,N,helpdesk,helpdesk,False,unique_record,rule2_single_source_record
TK-252112,2026-04-13 16:15,2026-04-15 19:05,resolved,email,C107979,,VR897426,fallback_single,VA-EB-PL2,Returns & Refunds,Normal,Returns Desk,A3036,0,3.0,2799.0,2799.0,RETURN-QC-OK,N,helpdesk,helpdesk,False,unique_record,rule2_single_source_record
TK-252116,2026-04-13 18:49,2026-04-13 19:47,resolved,social,C104581,VR882433,VR882433,quoted_valid,VA-EB-AIR,Other,Normal,Chat Frontline,A3004,0,5.0,1529.0,1529.0,CANCEL,N,helpdesk,helpdesk,False,unique_record,rule2_single_source_record
TK-252118,2026-04-13 19:50,2026-04-13 22:06,resolved,email,C108658,,VR882942,fallback_single,VA-SW-NX2,Returns & Refunds,Low,Returns Desk,A3036,0,5.0,2470.0,2470.0,GW-OTHER,N,helpdesk,helpdesk,False,unique_record,rule2_single_source_record
TK-252119,2026-04-13 20:20,2026-04-16 22:56,resolved,social,C105684,VR884956,VR884956,quoted_valid,VA-EB-AIR,Returns & Refunds,Normal,Returns Desk,A3038,0,,1619.0,1619.0,RETURN-QC-OK,N,helpdesk,helpdesk,False,unique_record,rule2_single_source_record
TK-252125,2026-04-14 08:55,2026-04-14 10:08,resolved,email,C109013,VR899909,VR899909,quoted_valid,VA-EB-PL2,Billing & Payments,High,Billing,A3033,0,,2974.0,2974.0,GW-OTHER,N,helpdesk,helpdesk,False,unique_record,rule2_single_source_record
TK-252135,2026-04-14 11:59,2026-04-17 12:53,closed,voice,C105664,VR908693,VR908693,quoted_valid,VA-EB-PL2,Returns & Refunds,Normal,Returns Desk,A3029,1,,630.0,630.0,RETURN-QC-OK,N,helpdesk,helpdesk,False,unique_record,rule2_single_source_record
TK-252137,2026-04-14 14:15,2026-04-17 17:50,resolved,email,C104329,VR882918,VR882918,quoted_valid,VA-EB-PL2,Other,Normal,Email Frontline,A3032,1,,297.0,297.0,GW-OTHER,N,helpdesk,helpdesk,False,unique_record,rule2_single_source_record
TK-252146,2026-04-15 06:21,2026-04-15 06:37,closed,chat,C105273,,VR898365,fallback_single,VA-EB-PL1,Billing & Payments,Normal,Billing,A3032,0,4.0,2374.0,2374.0,DOA-REPL,Y,helpdesk,helpdesk,False,unique_record,rule2_single_source_record
TK-252158,2026-04-15 11:00,2026-04-16 11:42,resolved,chat,C107240,VR891344,VR891344,quoted_valid,VA-EB-PL2,Delivery & Shipping,Normal,Logistics,A3036,1,,3499.0,3499.0,LOST-TRANSIT,N,helpdesk,helpdesk,False,unique_record,rule2_single_source_record
TK-252168,2026-04-15 15:38,2026-04-16 21:16,resolved,social,C108939,VR892089,VR892089,quoted_valid,VA-NB-ARC,Warranty & Repair,Normal,Escalations & Warranty,A3040,0,,1299.0,1299.0,DOA-REPL,N,helpdesk,helpdesk,False,unique_record,rule2_single_source_record
TK-252170,2026-04-15 16:08,2026-04-16 01:48,resolved,email,C108237,VR885281,VR885281,quoted_valid,VA-EB-AIR,Returns & Refunds,Normal,Returns Desk,A3037,0,5.0,1619.0,1619.0,RETURN-QC-OK,N,helpdesk,helpdesk,False,unique_record,rule2_single_source_record
TK-252173,2026-04-15 17:33,2026-04-15 17:50,closed,chat,C108362,VR895477,VR895477,quoted_valid,VA-HP-ST3,Connectivity,Normal,Chat Frontline,A3038,1,,6299.0,6299.0,GW-OTHER,N,helpdesk,helpdesk,False,unique_record,rule2_single_source_record
TK-252174,2026-04-15 17:40,2026-04-17 18:12,resolved,chat,C107219,VR894233,VR894233,quoted_valid,VA-SP-MINI,Delivery & Shipping,Normal,Logistics,A3030,0,3.0,2499.0,2499.0,LOST-TRANSIT,N,helpdesk,helpdesk,False,unique_record,rule2_single_source_record
TK-252181,2026-04-16 07:00,2026-04-16 07:32,closed,chat,C105953,VR894566,VR894566,quoted_valid,VA-EB-PL2,Billing & Payments,High,Billing,A3034,0,,1750.0,1750.0,GW-OTHER,N,helpdesk,helpdesk,False,unique_record,rule2_single_source_record
TK-252185,2026-04-16 09:17,2026-04-16 10:32,resolved,chat,C104559,VR884926,VR884926,quoted_valid,VA-EB-PL2,Audio Quality,Normal,Chat Frontline,A3011,0,,2799.0,2799.0,GW-OTHER,N,helpdesk,helpdesk,False,unique_record,rule2_single_source_record
TK-252188,2026-04-16 09:43,2026-04-16 10:33,closed,voice,C103103,VR896822,VR896822,quoted_valid,VA-AC-CBL,Delivery & Shipping,High,Logistics,A3027,0,4.0,379.0,379.0,GW-OTHER,N,helpdesk,helpdesk,False,unique_record,rule2_single_source_record
TK-252195,2026-04-16 13:24,2026-04-18 15:23,resolved,social,C106260,,VR888996,fallback_single,VA-EB-PL2,Returns & Refunds,Low,Returns Desk,A3036,1,,3499.0,3499.0,RETURN-QC-OK,N,helpdesk,helpdesk,False,unique_record,rule2_single_source_record
TK-252200,2026-04-16 17:49,2026-04-19 18:29,resolved,voice,C107455,VR907239,VR907239,quoted_valid,VA-AC-CASE,Returns & Refunds,Normal,Returns Desk,A3036,0,,1234.0,1234.0,RETURN-QC-OK,N,helpdesk,helpdesk,False,unique_record,rule2_single_source_record
TK-252207,2026-04-16 22:52,2026-04-19 00:33,resolved,email,C105930,VR909212,VR909212,quoted_valid,VA-EB-AIR,Returns & Refunds,Normal,Returns Desk,A3038,0,1.0,1799.0,1799.0,GW-OTHER,N,helpdesk,helpdesk,False,unique_record,rule2_single_source_record
TK-252212,2026-04-17 10:46,2026-04-17 11:26,resolved,chat,C108608,VR902423,VR902423,quoted_valid,VA-EB-PL2,Charging & Battery,Low,Chat Frontline,A3007,0,,3149.0,3149.0,GW-OTHER,N,helpdesk,helpdesk,False,unique_record,rule2_single_source_record
TK-252214,2026-04-17 11:08,2026-04-17 14:31,resolved,email,C101274,VR886063,VR886063,quoted_valid,VA-AC-CBL,Billing & Payments,High,Billing,A3035,0,,399.0,399.0,GW-OTHER,N,helpdesk,helpdesk,False,unique_record,rule2_single_source_record
TK-252215,2026-04-17 11:09,2026-04-17 12:48,resolved,voice,C104460,,VR897224,fallback_single,VA-SW-NX1,Returns & Refunds,Normal,Returns Desk,A3037,0,,4249.0,4249.0,RETURN-QC-OK,N,helpdesk,helpdesk,False,unique_record,rule2_single_source_record
TK-252230,2026-04-17 18:46,2026-04-17 20:01,resolved,email,C107877,,VR897109,fallback_single,VA-EB-AIR,Billing & Payments,High,Billing,A3035,0,,2878.0,2878.0,GW-OTHER,N,helpdesk,helpdesk,False,unique_record,rule2_single_source_record
TK-252233,2026-04-17 19:30,2026-04-17 20:00,resolved,chat,C100514,VR891209,VR891209,quoted_valid,VA-SW-NX1,Billing & Payments,High,Billing,A3035,0,,3999.0,3999.0,GW-OTHER,N,helpdesk,helpdesk,False,unique_record,rule2_single_source_record
TK-252235,2026-04-17 21:11,2026-04-18 21:38,resolved,voice,C102054,,VR909095,fallback_single,VA-EB-AIR,Returns & Refunds,Normal,Returns Desk,A3036,0,,1709.0,1709.0,GW-OTHER,N,helpdesk,helpdesk,False,unique_record,rule2_single_source_record
TK-252243,2026-04-18 09:55,2026-04-18 10:48,resolved,chat,C108303,VR906412,VR906412,quoted_valid,VA-EB-PL1,Charging & Battery,Normal,Chat Frontline,A3010,0,,2499.0,2499.0,GW-OTHER,N,helpdesk,helpdesk,False,unique_record,rule2_single_source_record
TK-252245,2026-04-18 10:51,2026-04-19 15:06,resolved,email,C102654,,VR888748,fallback_single,VA-SP-MINI,Returns & Refunds,Normal,Returns Desk,A3036,0,,2374.0,2374.0,RETURN-QC-OK,N,helpdesk,helpdesk,False,unique_record,rule2_single_source_record
TK-252260,2026-04-18 17:58,2026-04-18 19:28,closed,social,C107294,VR898020,VR898020,quoted_valid,VA-SP-MINI,Connectivity,Low,Chat Frontline,A3012,0,3.0,1250.0,1250.0,WTY-BUYBACK,N,helpdesk,helpdesk,False,unique_record,rule2_single_source_record
TK-252262,2026-04-18 20:36,2026-04-18 22:50,resolved,email,C108551,VR883505,VR883505,quoted_valid,VA-EB-PL2,Billing & Payments,Normal,Billing,A3034,0,3.0,3499.0,3499.0,GW-OTHER,N,helpdesk,helpdesk,False,unique_record,rule2_single_source_record
TK-252264,2026-04-18 21:04,2026-04-19 04:44,resolved,email,C104774,VR892199,VR892199,quoted_valid,VA-EB-PL2,Billing & Payments,High,Billing,A3032,0,3.0,3499.0,3499.0,DUP-PAYMENT,N,helpdesk,helpdesk,False,unique_record,rule2_single_source_record
TK-252280,2026-04-19 10:44,2026-04-19 11:19,resolved,voice,C105936,VR890213,VR890213,quoted_valid,VA-EB-PL2,Other,Normal,Voice Frontline,A3025,0,,3149.0,3149.0,GW-OTHER,N,helpdesk,helpdesk,False,unique_record,rule2_single_source_record
TK-252281,2026-04-19 11:09,2026-04-20 11:33,resolved,chat,C107825,,VR904166,fallback_single,VA-EB-PL2,Delivery & Shipping,Normal,Logistics,A3027,0,,3499.0,3499.0,DOA-REPL,N,helpdesk,helpdesk,False,unique_record,rule2_single_source_record
TK-252291,2026-04-19 14:41,2026-04-19 14:55,resolved,chat,C106467,VR888684,VR888684,quoted_valid,VA-EB-PL2,Other,Normal,Chat Frontline,A3008,0,3.0,3149.0,3149.0,GW-OTHER,N,helpdesk,helpdesk,False,unique_record,rule2_single_source_record
TK-252297,2026-04-19 18:41,2026-04-19 19:11,resolved,chat,C106764,VR898580,VR898580,quoted_valid,VA-EB-PL2,Billing & Payments,Normal,Billing,A3035,0,,350.0,350.0,GW-OTHER,N,helpdesk,helpdesk,False,unique_record,rule2_single_source_record
TK-252303,2026-04-19 20:30,2026-04-19 21:19,resolved,social,C102378,,VR891836,fallback_single,VA-EB-PL2,Other,Normal,Chat Frontline,A3032,2,,2799.0,2799.0,CANCEL,N,helpdesk,helpdesk,False,unique_record,rule2_single_source_record
TK-252308,2026-04-20 07:27,2026-04-23 07:52,resolved,chat,C101054,VR881487,VR881487,quoted_valid,VA-SW-NX2,Delivery & Shipping,Normal,Logistics,A3028,0,,6499.0,6499.0,GW-OTHER,N,helpdesk,helpdesk,False,unique_record,rule2_single_source_record
TK-252314,2026-04-20 10:53,2026-04-20 21:14,resolved,email,C104159,VR900733,VR900733,quoted_valid,VA-EB-AIR,Billing & Payments,Normal,Billing,A3035,0,,1799.0,1799.0,PRICE-ADJ,N,helpdesk,helpdesk,False,unique_record,rule2_single_source_record
TK-252326,2026-04-20 19:04,2026-04-24 01:25,resolved,email,C107435,,VR890405,fallback_single,VA-SP-MINI,Returns & Refunds,Normal,Returns Desk,A3037,0,,500.0,500.0,RETURN-QC-OK,N,helpdesk,helpdesk,False,unique_record,rule2_single_source_record
TK-252328,2026-04-20 20:36,2026-04-20 22:24,resolved,voice,C108527,VR892951,VR892951,quoted_valid,VA-HP-ST3,Other,Normal,Voice Frontline,A3026,0,,1260.0,1260.0,GW-OTHER,N,helpdesk,helpdesk,False,unique_record,rule2_single_source_record
TK-252334,2026-04-21 08:30,2026-04-21 12:19,resolved,email,C108752,VR896524,VR896524,quoted_valid,VA-AC-CH65,Other,Normal,Email Frontline,A3021,0,,1274.0,1274.0,CANCEL,N,helpdesk,helpdesk,False,unique_record,rule2_single_source_record
TK-252335,2026-04-21 08:44,2026-04-24 02:48,resolved,email,C105884,,VR884880,fallback_single,VA-EB-PL2,Returns & Refunds,Normal,Returns Desk,A3037,0,,1050.0,1050.0,GW-OTHER,N,helpdesk,helpdesk,False,unique_record,rule2_single_source_record
TK-252346,2026-04-21 13:32,2026-04-23 16:15,resolved,email,C107381,,VR885623,fallback_single,VA-EB-PL2,Returns & Refunds,Low,Returns Desk,A3036,0,4.0,1487.0,1487.0,GW-OTHER,N,helpdesk,helpdesk,False,unique_record,rule2_single_source_record
TK-252347,2026-04-21 14:03,2026-04-22 14:43,closed,chat,C100558,,VR909544,fallback_single,VA-EB-AIR,Returns & Refunds,Low,Returns Desk,A3036,0,,1799.0,1799.0,RETURN-QC-OK,N,helpdesk,helpdesk,False,unique_record,rule2_single_source_record
TK-252353,2026-04-21 19:15,2026-04-21 19:38,resolved,chat,C103992,VR888612,VR888612,quoted_valid,VA-HP-ST3,Delivery & Shipping,High,Logistics,A3030,0,,6649.0,6649.0,CANCEL,N,helpdesk,helpdesk,False,unique_record,rule2_single_source_record
TK-252357,2026-04-21 20:30,2026-04-22 21:10,closed,chat,C105013,,VR894049,fallback_single,VA-NB-ARC,Billing & Payments,Normal,Billing,A3035,2,3.0,1299.0,1299.0,GW-OTHER,N,helpdesk,helpdesk,False,unique_record,rule2_single_source_record
TK-252358,2026-04-21 21:15,2026-04-21 21:29,resolved,chat,C105953,VR894566,VR894566,quoted_valid,VA-EB-PL2,Delivery & Shipping,Normal,Logistics,A3030,0,5.0,3499.0,3499.0,CANCEL,N,helpdesk,helpdesk,False,unique_record,rule2_single_source_record
TK-252359,2026-04-21 21:32,2026-04-21 22:07,resolved,chat,C103522,VR880794,VR880794,quoted_valid,VA-EB-PL1,Returns & Refunds,Normal,Returns Desk,A3036,0,1.0,2499.0,2499.0,RETURN-QC-OK,N,helpdesk,helpdesk,False,unique_record,rule2_single_source_record
TK-252364,2026-04-22 08:40,2026-04-22 09:06,resolved,chat,C100790,VR887238,VR887238,quoted_valid,VA-AC-CH65,Returns & Refunds,Normal,Returns Desk,A3037,0,4.0,1499.0,1499.0,RETURN-QC-OK,N,helpdesk,helpdesk,False,unique_record,rule2_single_source_record
TK-252370,2026-04-22 11:36,2026-04-22 11:57,resolved,chat,C104637,,,ambiguous,VA-EB-PL2,Billing & Payments,High,Billing,A3034,0,,2799.0,2799.0,GW-OTHER,N,helpdesk,helpdesk,False,unique_record,rule2_single_source_record
TK-252384,2026-04-22 19:37,2026-04-22 20:16,resolved,chat,C106950,VR883502,VR883502,quoted_valid,VA-EB-PL2,Other,Normal,Chat Frontline,A3015,0,3.0,2799.0,2799.0,GW-OTHER,N,helpdesk,helpdesk,False,unique_record,rule2_single_source_record
TK-252393,2026-04-23 12:40,2026-04-24 17:53,resolved,voice,C103228,,VR909430,fallback_single,VA-EB-AIR,Returns & Refunds,Normal,Returns Desk,A3036,0,3.0,1619.0,1619.0,RETURN-QC-OK,N,helpdesk,helpdesk,False,unique_record,rule2_single_source_record
TK-252397,2026-04-23 13:18,2026-04-23 19:14,resolved,email,C105397,VR899271,VR899271,quoted_valid,VA-EB-PL2,Other,Normal,Email Frontline,A3018,0,5.0,6648.0,6648.0,PRICE-ADJ,N,helpdesk,helpdesk,False,unique_record,rule2_single_source_record
TK-252400,2026-04-23 15:18,2026-04-23 15:49,resolved,chat,C102931,,VR907332,fallback_single,VA-SW-NX2,Returns & Refunds,Normal,Returns Desk,A3036,0,3.0,6499.0,6499.0,GW-OTHER,N,helpdesk,helpdesk,False,unique_record,rule2_single_source_record
TK-252404,2026-04-23 16:19,2026-04-26 17:57,resolved,email,C106509,,,ambiguous,VA-EB-PL2,Returns & Refunds,Normal,Returns Desk,A3036,0,4.0,630.0,630.0,RETURN-QC-OK,N,helpdesk,helpdesk,False,unique_record,rule2_single_source_record
TK-252405,2026-04-23 18:19,2026-04-23 18:56,resolved,chat,C108457,,VR909840,fallback_single,VA-EB-PL2,Delivery & Shipping,High,Logistics,A3030,0,4.0,3499.0,3499.0,GW-OTHER,N,helpdesk,helpdesk,False,unique_record,rule2_single_source_record
TK-252408,2026-04-23 19:22,2026-04-26 20:17,resolved,voice,C105672,VR887526,VR887526,quoted_valid,VA-EB-PL2,Delivery & Shipping,High,Logistics,A3030,0,,3499.0,3499.0,GW-OTHER,N,helpdesk,helpdesk,False,unique_record,rule2_single_source_record
TK-252409,2026-04-23 20:51,2026-04-23 22:49,resolved,social,C103204,,VR880374,fallback_single,VA-EB-PL2,Billing & Payments,Normal,Billing,A3034,0,3.0,3499.0,3499.0,DUP-PAYMENT,N,helpdesk,helpdesk,False,unique_record,rule2_single_source_record
TK-252414,2026-04-24 08:14,2026-04-24 09:07,resolved,voice,C102094,VR887667,VR887667,quoted_valid,VA-SW-NX2,Billing & Payments,Normal,Billing,A3033,0,,6499.0,6499.0,GW-OTHER,N,helpdesk,helpdesk,False,unique_record,rule2_single_source_record
TK-252415,2026-04-24 08:15,2026-04-24 13:20,resolved,email,C108817,,VR884188,fallback_single,VA-AC-CBL,Returns & Refunds,High,Returns Desk,A3037,0,,200.0,200.0,DOA-REPL,N,helpdesk,helpdesk,False,unique_record,rule2_single_source_record
TK-252416,2026-04-24 09:48,2026-04-24 11:03,resolved,social,C103355,VR898985,VR898985,quoted_valid,VA-SP-MINI,Other,Normal,Chat Frontline,A3007,0,,2374.0,2374.0,CANCEL,N,helpdesk,helpdesk,False,unique_record,rule2_single_source_record
TK-252428,2026-04-24 18:13,2026-04-24 21:11,resolved,email,C107737,VR881923,VR881923,quoted_valid,VA-SP-ORB,Delivery & Shipping,Low,Logistics,A3037,1,,5999.0,5999.0,RETURN-QC-OK,N,helpdesk,helpdesk,False,unique_record,rule2_single_source_record
TK-252437,2026-04-24 21:53,2026-04-24 22:18,resolved,chat,C105076,VR889623,VR889623,quoted_valid,VA-AC-CASE,Billing & Payments,High,Billing,A3035,0,3.0,1234.0,1234.0,DUP-PAYMENT,N,helpdesk,helpdesk,False,unique_record,rule2_single_source_record
TK-252440,2026-04-25 07:59,2026-04-27 14:42,closed,email,C101276,VR900250,VR900250,quoted_valid,VA-NB-ARC,Billing & Payments,High,Billing,A3035,0,3.0,1234.0,1234.0,RETURN-QC-OK,N,helpdesk,helpdesk,False,unique_record,rule2_single_source_record
TK-252446,2026-04-25 12:11,2026-04-25 12:26,closed,chat,C101484,VR906482,VR906482,quoted_valid,VA-AC-CASE,Returns & Refunds,Normal,Returns Desk,A3038,0,,1299.0,1299.0,RETURN-QC-OK,N,helpdesk,helpdesk,False,unique_record,rule2_single_source_record
TK-252460,2026-04-26 02:31,2026-04-26 04:24,resolved,email,C101075,,,ambiguous,VA-EB-PL2,Charging & Battery,Normal,Email Frontline,A3002,0,,2799.0,2799.0,GW-OTHER,N,helpdesk,helpdesk,False,unique_record,rule2_single_source_record
TK-252466,2026-04-26 08:47,2026-04-26 09:15,resolved,chat,C107294,VR898020,VR898020,quoted_valid,VA-SP-MINI,Audio Quality,Normal,Chat Frontline,A3013,0,4.0,2499.0,2499.0,WTY-BUYBACK,Y,helpdesk,helpdesk,False,unique_record,rule2_single_source_record
TK-252470,2026-04-26 09:57,2026-04-29 12:34,resolved,email,C104159,VR900733,VR900733,quoted_valid,VA-EB-AIR,Billing & Payments,Normal,Billing,A3017,1,3.0,1799.0,1799.0,RETURN-QC-OK,N,helpdesk,helpdesk,False,unique_record,rule2_single_source_record
TK-252472,2026-04-26 11:47,2026-05-01 16:04,resolved,chat,C102804,VR882498,VR882498,quoted_valid,VA-EB-PL2,Warranty & Repair,Normal,Escalations & Warranty,A3039,0,,2799.0,2799.0,WTY-BUYBACK,N,helpdesk,helpdesk,False,unique_record,rule2_single_source_record
TK-252492,2026-04-27 06:32,2026-04-27 06:52,resolved,chat,C101975,,VR890908,fallback_single,VA-SP-MINI,Delivery & Shipping,Normal,Logistics,A3028,0,,500.0,500.0,GW-OTHER,N,helpdesk,helpdesk,False,unique_record,rule2_single_source_record
TK-252505,2026-04-27 14:27,2026-04-27 19:38,resolved,email,C107962,VR901151,VR901151,quoted_valid,VA-EB-PL2,Other,Normal,Email Frontline,A3018,0,,700.0,700.0,GW-OTHER,N,helpdesk,helpdesk,False,unique_record,rule2_single_source_record
TK-252512,2026-04-27 19:15,2026-04-30 20:49,resolved,voice,C106185,VR893481,VR893481,quoted_valid,VA-EB-PL2,Returns & Refunds,Normal,Returns Desk,A3036,0,,3499.0,3499.0,RETURN-QC-OK,N,helpdesk,helpdesk,False,unique_record,rule2_single_source_record
TK-252513,2026-04-27 19:31,2026-04-30 21:29,resolved,voice,C103270,,VR905470,fallback_single,VA-EB-PL2,Returns & Refunds,Normal,Returns Desk,A3036,0,4.0,560.0,560.0,GW-OTHER,N,helpdesk,helpdesk,False,unique_record,rule2_single_source_record
TK-252514,2026-04-27 22:44,2026-04-27 23:15,resolved,chat,C100828,VR889909,VR889909,quoted_valid,VA-EB-PL2,Connectivity,Normal,Chat Frontline,A3003,0,,3149.0,3149.0,GW-OTHER,N,helpdesk,helpdesk,False,unique_record,rule2_single_source_record
TK-252517,2026-04-28 05:01,2026-04-28 08:22,resolved,email,C103968,VR882054,VR882054,quoted_valid,VA-EB-PL1,Billing & Payments,High,Billing,A3032,0,,2499.0,2499.0,GW-OTHER,N,helpdesk,helpdesk,False,unique_record,rule2_single_source_record
TK-252531,2026-04-28 11:54,2026-04-28 13:14,resolved,social,C100201,VR893026,VR893026,quoted_valid,VA-HP-ST3,Returns & Refunds,Low,Returns Desk,A3037,0,,2100.0,2100.0,RETURN-QC-OK,N,helpdesk,helpdesk,False,unique_record,rule2_single_source_record
TK-252532,2026-04-28 13:16,2026-04-30 13:46,resolved,chat,C105822,VR894672,VR894672,quoted_valid,VA-EB-PL2,Returns & Refunds,Normal,Returns Desk,A3037,0,5.0,3149.0,3149.0,GW-OTHER,N,helpdesk,helpdesk,False,unique_record,rule2_single_source_record
TK-252537,2026-04-28 17:13,2026-04-28 19:15,resolved,voice,C105296,VR897981,VR897981,quoted_valid,VA-AC-CH65,Other,Normal,Voice Frontline,A3026,0,,1499.0,1499.0,GW-OTHER,N,helpdesk,helpdesk,False,unique_record,rule2_single_source_record
TK-252538,2026-04-28 19:04,,open,voice,C109179,VR902015,VR902015,quoted_valid,VA-NB-ARC,Returns & Refunds,Normal,Returns Desk,A3036,0,,195.0,195.0,RETURN-QC-OK,N,helpdesk,helpdesk,False,unique_record,rule2_single_source_record
TK-252552,2026-04-29 08:58,2026-05-01 13:25,resolved,email,C102478,VR897472,VR897472,quoted_valid,VA-SW-NX2,Returns & Refunds,Normal,Returns Desk,A3038,0,,5524.0,5524.0,RETURN-QC-OK,N,helpdesk,helpdesk,False,unique_record,rule2_single_source_record
TK-252563,2026-04-29 19:11,2026-04-29 21:23,resolved,email,C103257,,VR909752,fallback_single,VA-HP-ST2,Other,Normal,Email Frontline,A3018,0,2.0,3999.0,3999.0,CANCEL,N,helpdesk,helpdesk,False,unique_record,rule2_single_source_record
TK-252577,2026-04-30 10:40,2026-04-30 18:09,resolved,email,C100642,VR893557,VR893557,quoted_valid,VA-EB-PL1,Billing & Payments,High,Billing,A3035,0,,2374.0,2374.0,GW-OTHER,N,helpdesk,helpdesk,False,unique_record,rule2_single_source_record
TK-252581,2026-04-30 13:32,2026-05-03 14:13,resolved,voice,C108786,VR885591,VR885591,quoted_valid,VA-SW-FIT,Returns & Refunds,Normal,Returns Desk,A3006,1,,340.0,340.0,GW-OTHER,N,helpdesk,helpdesk,False,unique_record,rule2_single_source_record
TK-252590,2026-04-30 20:11,2026-04-30 21:08,resolved,voice,C101481,VR882671,VR882671,quoted_valid,VA-EB-PL2,Other,Normal,Voice Frontline,A3026,0,,3499.0,3499.0,DUP-PAYMENT,N,helpdesk,helpdesk,False,unique_record,rule2_single_source_record
TK-252599,2026-04-30 23:15,2026-04-30 23:41,resolved,chat,C106196,,VR887085,fallback_single,VA-EB-AIR,Billing & Payments,Normal,Billing,A3034,0,,1619.0,1619.0,DUP-PAYMENT,N,helpdesk,helpdesk,False,unique_record,rule2_single_source_record
TK-252601,2026-04-30 23:57,2026-05-03 00:25,resolved,chat,C105340,VR908103,VR908103,quoted_valid,VA-AC-CH65,Returns & Refunds,Normal,Returns Desk,A3038,0,4.0,1499.0,1499.0,GW-OTHER,N,helpdesk,helpdesk,False,unique_record,rule2_single_source_record
TK-252603,2026-05-01 07:18,2026-05-04 07:46,resolved,chat,C106124,VR907139,VR907139,quoted_valid,VA-EB-PL2,Returns & Refunds,Normal,Returns Desk,A3037,0,,630.0,630.0,GW-OTHER,N,helpdesk,helpdesk,False,unique_record,rule2_single_source_record
TK-252604,2026-05-01 08:14,2026-05-03 09:00,resolved,voice,C109454,VR909911,VR909911,quoted_valid,VA-EB-PL2,Returns & Refunds,Normal,Returns Desk,A3037,0,3.0,3499.0,3499.0,GW-OTHER,N,helpdesk,helpdesk,False,unique_record,rule2_single_source_record
TK-252627,2026-05-01 20:20,2026-05-01 20:39,closed,chat,C107622,,VR898201,fallback_single,VA-SW-NX2,Other,Normal,Chat Frontline,A3015,0,2.0,5199.0,5199.0,GW-OTHER,N,helpdesk,helpdesk,False,unique_record,rule2_single_source_record
TK-252629,2026-05-01 22:12,2026-05-01 23:56,resolved,email,C104175,VR900321,VR900321,quoted_valid,VA-AC-CASE,Returns & Refunds,High,Returns Desk,A3037,0,,185.0,185.0,DOA-REPL,N,helpdesk,helpdesk,False,unique_record,rule2_single_source_record
TK-252630,2026-05-02 01:48,2026-05-03 04:12,resolved,social,C108054,VR906860,VR906860,quoted_valid,VA-HP-ST3,Billing & Payments,Normal,Billing,A3032,0,,595.0,595.0,RETURN-QC-OK,N,helpdesk,helpdesk,False,unique_record,rule2_single_source_record
TK-252634,2026-05-02 09:10,2026-05-02 09:31,resolved,chat,C109216,VR898161,VR898161,quoted_valid,VA-SW-FIT,Other,Low,Chat Frontline,A3006,0,,1599.0,1599.0,GW-OTHER,N,helpdesk,helpdesk,False,unique_record,rule2_single_source_record
TK-252635,2026-05-02 10:10,2026-05-02 11:35,resolved,voice,C108594,VR895115,VR895115,quoted_valid,VA-SP-MINI,Billing & Payments,High,Billing,A3032,0,4.0,1999.0,1999.0,DUP-PAYMENT,N,helpdesk,helpdesk,False,unique_record,rule2_single_source_record
TK-252636,2026-05-02 10:38,2026-05-02 17:26,resolved,email,C100107,VR894422,VR894422,quoted_valid,VA-EB-PL2,Billing & Payments,High,Billing,A3018,1,,1574.0,1574.0,GW-OTHER,N,helpdesk,helpdesk,False,unique_record,rule2_single_source_record
TK-252641,2026-05-02 15:23,2026-05-03 16:23,resolved,voice,C104714,,,ambiguous,VA-HP-ST3,Delivery & Shipping,Normal,Logistics,A3030,0,,6999.0,6999.0,RETURN-QC-OK,N,helpdesk,helpdesk,False,unique_record,rule2_single_source_record
TK-252644,2026-05-02 15:59,2026-05-04 16:29,resolved,chat,C104637,,,ambiguous,VA-EB-PL2,Returns & Refunds,Low,Returns Desk,A3020,1,3.0,1400.0,1400.0,GW-OTHER,N,helpdesk,helpdesk,False,unique_record,rule2_single_source_record
TK-252647,2026-05-02 18:08,2026-05-05 20:06,resolved,email,C101832,,VR885147,fallback_single,VA-SW-NX2,Returns & Refunds,Normal,Returns Desk,A3036,0,,780.0,780.0,RETURN-QC-OK,N,helpdesk,helpdesk,False,unique_record,rule2_single_source_record
TK-252660,2026-05-03 09:08,2026-05-03 09:47,resolved,chat,C102323,VR898460,VR898460,quoted_valid,VA-EB-PL2,App & Firmware,Normal,Chat Frontline,A3011,0,,3324.0,3324.0,DOA-REPL,N,helpdesk,helpdesk,False,unique_record,rule2_single_source_record
TK-252672,2026-05-03 18:31,2026-05-03 22:27,resolved,email,C100536,VR904642,VR904642,quoted_valid,VA-HP-ST2,Returns & Refunds,Normal,Returns Desk,A3038,0,4.0,4999.0,4999.0,RETURN-QC-OK,N,helpdesk,helpdesk,False,unique_record,rule2_single_source_record
TK-252675,2026-05-03 19:09,2026-05-05 01:44,resolved,email,C107245,VR908098,VR908098,quoted_valid,VA-SP-MINI,Warranty & Repair,Low,Escalations & Warranty,A3040,0,,2499.0,2499.0,GW-OTHER,Y,helpdesk,helpdesk,False,unique_record,rule2_single_source_record
TK-252678,2026-05-03 21:20,2026-05-03 22:21,resolved,voice,C107909,VR906781,VR906781,quoted_valid,VA-EB-PL2,Delivery & Shipping,Normal,Logistics,A3030,0,,2799.0,2799.0,GW-OTHER,Y,helpdesk,helpdesk,False,unique_record,rule2_single_source_record
TK-252680,2026-05-04 09:07,2026-05-04 09:23,resolved,chat,C101425,,VR903878,fallback_single,VA-SP-ORB,Other,Normal,Chat Frontline,A3006,0,3.0,1020.0,1020.0,CANCEL,N,helpdesk,helpdesk,False,unique_record,rule2_single_source_record
TK-252684,2026-05-04 10:51,2026-05-06 11:19,closed,chat,C106850,VR884599,VR884599,quoted_valid,VA-SW-FIT,Returns & Refunds,Normal,Returns Desk,A3037,0,4.0,3398.0,3398.0,RETURN-QC-OK,N,helpdesk,helpdesk,False,unique_record,rule2_single_source_record
TK-252689,2026-05-04 12:36,2026-05-06 12:51,resolved,chat,C103472,VR885807,VR885807,quoted_valid,VA-EB-PL2,Returns & Refunds,Normal,Returns Desk,A3037,0,,665.0,665.0,RETURN-QC-OK,N,helpdesk,helpdesk,False,unique_record,rule2_single_source_record
TK-252693,2026-05-04 15:25,2026-05-07 16:00,resolved,chat,C101930,VR886612,VR886612,quoted_valid,VA-SW-NX2,Returns & Refunds,Normal,Returns Desk,A3036,0,,5849.0,5849.0,GW-OTHER,N,helpdesk,helpdesk,False,unique_record,rule2_single_source_record
TK-252694,2026-05-04 16:45,2026-05-04 18:54,resolved,voice,C107561,VR890168,VR890168,quoted_valid,VA-EB-PL1,Returns & Refunds,Normal,Returns Desk,A3003,1,,2124.0,2124.0,RETURN-QC-OK,N,helpdesk,helpdesk,False,unique_record,rule2_single_source_record
TK-252699,2026-05-04 18:47,2026-05-05 02:53,resolved,email,C100726,VR888041,VR888041,quoted_valid,VA-EB-PL2,Connectivity,Normal,Email Frontline,A3016,0,3.0,6998.0,6998.0,GW-OTHER,N,helpdesk,helpdesk,False,unique_record,rule2_single_source_record
TK-252700,2026-05-04 18:52,2026-05-04 20:10,resolved,social,C101963,,VR904174,fallback_single,VA-SP-MINI,Returns & Refunds,Normal,Returns Desk,A3036,0,,2374.0,2374.0,RETURN-QC-OK,N,helpdesk,helpdesk,False,unique_record,rule2_single_source_record
TK-252701,2026-05-04 19:20,2026-05-05 19:42,resolved,chat,C105986,,VR905020,fallback_single,VA-EB-PL1,Returns & Refunds,High,Returns Desk,A3036,0,3.0,2124.0,2124.0,RETURN-QC-OK,N,helpdesk,helpdesk,False,unique_record,rule2_single_source_record
TK-252702,2026-05-04 19:49,2026-05-04 21:48,resolved,voice,C108967,VR891786,VR891786,quoted_valid,VA-EB-PL1,Delivery & Shipping,High,Logistics,A3030,0,3.0,319.0,319.0,GW-OTHER,N,helpdesk,helpdesk,False,unique_record,rule2_single_source_record
TK-252703,2026-05-04 21:35,2026-05-04 22:08,resolved,chat,C101656,VR888761,VR888761,quoted_valid,VA-HP-ST2,Audio Quality,Normal,Chat Frontline,A3008,0,,7998.0,7998.0,GW-OTHER,Y,helpdesk,helpdesk,False,unique_record,rule2_single_source_record
TK-252718,2026-05-05 11:39,2026-05-05 12:09,resolved,chat,C107727,,VR900790,fallback_single,VA-SP-MINI,Billing & Payments,High,Billing,A3034,0,,2249.0,2249.0,GW-OTHER,N,helpdesk,helpdesk,False,unique_record,rule2_single_source_record
TK-252723,2026-05-05 12:04,,open,email,C105445,VR897956,VR897956,quoted_valid,VA-EB-PL2,Returns & Refunds,Normal,Returns Desk,A3036,0,2.0,3499.0,3499.0,GW-OTHER,N,helpdesk,helpdesk,False,unique_record,rule2_single_source_record
TK-252726,2026-05-05 12:27,2026-05-05 13:27,resolved,social,C107237,VR900807,VR900807,quoted_valid,VA-HP-ST2,Audio Quality,High,Chat Frontline,A3013,0,,4499.0,4499.0,GW-OTHER,N,helpdesk,helpdesk,False,unique_record,rule2_single_source_record
TK-252727,2026-05-05 12:52,2026-05-09 17:20,resolved,voice,C105865,VR893637,VR893637,quoted_valid,VA-NB-ARC,Connectivity,Normal,Voice Frontline,A3043,1,3.0,1169.0,1169.0,GW-OTHER,N,helpdesk,helpdesk,False,unique_record,rule2_single_source_record
TK-252729,2026-05-05 12:57,2026-05-05 13:32,resolved,chat,C101703,VR884449,VR884449,quoted_valid,VA-EB-AIR,Returns & Refunds,Low,Returns Desk,A3037,0,,900.0,900.0,RETURN-QC-OK,N,helpdesk,helpdesk,False,unique_record,rule2_single_source_record
TK-252735,2026-05-05 17:38,2026-05-06 04:01,closed,email,C102402,VR883334,VR883334,quoted_valid,VA-SP-MINI,Billing & Payments,Normal,Billing,A3034,0,,2499.0,2499.0,GW-OTHER,N,helpdesk,helpdesk,False,unique_record,rule2_single_source_record
TK-252737,2026-05-05 18:45,2026-05-06 00:03,resolved,email,C106831,,,ambiguous,VA-EB-PL2,Returns & Refunds,Low,Returns Desk,A3037,0,,665.0,665.0,RETURN-QC-OK,N,helpdesk,helpdesk,False,unique_record,rule2_single_source_record
TK-252771,2026-05-06 23:20,2026-05-07 02:03,closed,email,C102095,VR891940,VR891940,quoted_valid,VA-SW-FIT,Returns & Refunds,Normal,Returns Desk,A3037,0,,1999.0,1999.0,RETURN-QC-OK,N,helpdesk,helpdesk,False,unique_record,rule2_single_source_record
TK-252775,2026-05-07 09:39,2026-05-07 10:31,resolved,voice,C108948,VR896340,VR896340,quoted_valid,VA-EB-AIR,Other,High,Voice Frontline,A3023,0,5.0,1439.0,1439.0,CANCEL,N,helpdesk,helpdesk,False,unique_record,rule2_single_source_record
TK-252780,2026-05-07 11:09,2026-05-09 13:27,resolved,email,C109303,VR885511,VR885511,quoted_valid,VA-EB-AIR,Returns & Refunds,Normal,Returns Desk,A3037,0,3.0,1799.0,1799.0,RETURN-QC-OK,N,helpdesk,helpdesk,False,unique_record,rule2_single_source_record
TK-252788,2026-05-07 13:13,2026-05-07 13:53,resolved,chat,C101666,,VR908443,fallback_single,VA-AC-CH65,Billing & Payments,Normal,Billing,A3034,0,,1349.0,1349.0,DUP-PAYMENT,N,helpdesk,helpdesk,False,unique_record,rule2_single_source_record
TK-252794,2026-05-07 18:07,2026-05-09 19:52,resolved,social,C105132,,VR884341,fallback_single,VA-SW-FIT,Returns & Refunds,Normal,Returns Desk,A3036,0,4.0,1899.0,1899.0,GW-OTHER,N,helpdesk,helpdesk,False,unique_record,rule2_single_source_record
TK-252845,2026-05-09 09:43,2026-05-09 10:39,resolved,email,C104095,,VR880493,fallback_single,VA-EB-PL2,Billing & Payments,Normal,Billing,A3034,1,2.0,420.0,420.0,DUP-PAYMENT,N,helpdesk,helpdesk,False,unique_record,rule2_single_source_record
TK-252850,2026-05-09 11:52,2026-05-12 12:42,resolved,voice,C107028,VR891522,VR891522,quoted_valid,VA-SP-MINI,Returns & Refunds,Normal,Returns Desk,A3037,0,,2499.0,2499.0,RETURN-QC-OK,N,helpdesk,helpdesk,False,unique_record,rule2_single_source_record
TK-252865,2026-05-10 06:43,,pending,email,C105625,,VR904137,fallback_single,VA-EB-PL2,Billing & Payments,High,Billing,A3032,0,,350.0,350.0,DUP-PAYMENT,N,helpdesk,helpdesk,False,unique_record,rule2_single_source_record
TK-252869,2026-05-10 08:14,2026-05-10 12:37,resolved,email,C107766,VR907015,VR907015,quoted_valid,VA-EB-PL2,Billing & Payments,High,Billing,A3033,0,4.0,3499.0,3499.0,GW-OTHER,N,helpdesk,helpdesk,False,unique_record,rule2_single_source_record
TK-252889,2026-05-10 21:42,2026-05-10 22:44,resolved,social,C106092,VR886696,VR886696,quoted_valid,VA-AC-CBL,Billing & Payments,High,Billing,A3032,0,4.0,399.0,399.0,DUP-PAYMENT,N,helpdesk,helpdesk,False,unique_record,rule2_single_source_record
TK-252890,2026-05-10 22:13,2026-05-10 22:52,resolved,chat,C104282,,VR903251,fallback_single,VA-SP-MINI,Connectivity,Normal,Chat Frontline,A3035,1,4.0,2499.0,2499.0,GW-OTHER,N,helpdesk,helpdesk,False,unique_record,rule2_single_source_record
TK-252891,2026-05-10 23:28,,open,chat,C106850,VR884599,VR884599,quoted_valid,VA-SW-FIT,Other,High,Chat Frontline,A3002,0,,3398.0,3398.0,CANCEL,N,helpdesk,helpdesk,False,unique_record,rule2_single_source_record
TK-252901,2026-05-11 10:38,2026-05-11 11:28,resolved,voice,C100780,VR897252,VR897252,quoted_valid,VA-SP-MINI,Billing & Payments,High,Billing,A3034,0,2.0,1999.0,1999.0,DUP-PAYMENT,N,helpdesk,helpdesk,False,unique_record,rule2_single_source_record
TK-252907,2026-05-11 12:19,2026-05-13 13:40,resolved,email,C100307,VR905557,VR905557,quoted_valid,VA-SW-FIT,Returns & Refunds,High,Returns Desk,A3038,0,,1999.0,1999.0,RETURN-QC-OK,N,helpdesk,helpdesk,False,unique_record,rule2_single_source_record
TK-252919,2026-05-12 05:16,2026-05-12 05:39,closed,chat,C101613,VR889439,VR889439,quoted_valid,VA-EB-AIR,Billing & Payments,High,Billing,A3033,0,,1799.0,1799.0,DUP-PAYMENT,N,helpdesk,helpdesk,False,unique_record,rule2_single_source_record
TK-252929,2026-05-12 12:29,2026-05-12 12:53,resolved,chat,C107918,,VR894479,fallback_single,VA-EB-PL2,Billing & Payments,High,Billing,A3034,0,,560.0,560.0,GW-OTHER,N,helpdesk,helpdesk,False,unique_record,rule2_single_source_record
TK-252934,2026-05-12 13:41,2026-05-12 15:45,resolved,email,C105397,VR896754,VR896754,quoted_valid,VA-EB-PL1,Connectivity,Normal,Email Frontline,A3018,0,4.0,1187.0,1187.0,GW-OTHER,N,helpdesk,helpdesk,False,unique_record,rule2_single_source_record
TK-252937,2026-05-12 14:37,2026-05-13 16:57,resolved,voice,C105769,VR905651,VR905651,quoted_valid,VA-EB-PL1,Returns & Refunds,Normal,Returns Desk,A3036,0,2.0,2499.0,2499.0,RETURN-QC-OK,N,helpdesk,helpdesk,False,unique_record,rule2_single_source_record
TK-252950,2026-05-12 23:39,2026-05-13 01:59,resolved,email,C105085,,VR908426,fallback_single,VA-SW-FIT,Billing & Payments,High,Billing,A3033,0,3.0,1999.0,1999.0,DUP-PAYMENT,N,helpdesk,helpdesk,False,unique_record,rule2_single_source_record
TK-252952,2026-05-13 07:21,2026-05-13 07:43,resolved,chat,C108894,VR894839,VR894839,quoted_valid,VA-SW-NX2,Charging & Battery,High,Chat Frontline,A3007,0,,5524.0,5524.0,WTY-BUYBACK,N,helpdesk,helpdesk,False,unique_record,rule2_single_source_record
TK-252956,2026-05-13 08:26,2026-05-13 10:24,resolved,email,C103013,VR909183,VR909183,quoted_valid,VA-SW-NX2,Other,Normal,Email Frontline,A3006,2,2.0,552.0,552.0,DUP-PAYMENT,N,helpdesk,helpdesk,False,unique_record,rule2_single_source_record
TK-252965,2026-05-13 13:09,2026-05-13 21:27,resolved,email,C105517,VR882222,VR882222,quoted_valid,VA-SP-MINI,Billing & Payments,Normal,Billing,A3035,0,,2124.0,2124.0,GW-OTHER,N,helpdesk,helpdesk,False,unique_record,rule2_single_source_record
TK-252973,2026-05-13 18:00,2026-05-21 19:40,resolved,chat,C103860,,,ambiguous,VA-EB-PL2,Warranty & Repair,Normal,Escalations & Warranty,A3044,0,,5598.0,5598.0,DOA-REPL,N,helpdesk,helpdesk,False,unique_record,rule2_single_source_record
TK-252978,2026-05-13 22:37,2026-05-15 23:20,resolved,chat,C103022,VR888096,VR888096,quoted_valid,VA-EB-PL2,Returns & Refunds,Low,Returns Desk,A3032,1,2.0,3149.0,3149.0,GW-OTHER,N,helpdesk,helpdesk,False,unique_record,rule2_single_source_record
TK-252982,2026-05-14 02:07,2026-05-14 15:25,resolved,email,C102221,VR903695,VR903695,quoted_valid,VA-EB-PL2,Delivery & Shipping,Normal,Logistics,A3030,0,,3499.0,3499.0,WTY-BUYBACK,Y,helpdesk,helpdesk,False,unique_record,rule2_single_source_record
TK-253021,2026-05-15 15:28,2026-05-15 17:15,resolved,voice,C103992,VR888612,VR888612,quoted_valid,VA-HP-ST3,Audio Quality,Normal,Voice Frontline,A3026,0,4.0,6649.0,6649.0,WTY-BUYBACK,N,helpdesk,helpdesk,False,unique_record,rule2_single_source_record
TK-253023,2026-05-15 16:45,2026-05-18 17:25,resolved,chat,C102842,VR882739,VR882739,quoted_valid,VA-SW-FIT,Delivery & Shipping,Low,Logistics,A3030,0,3.0,1999.0,1999.0,GW-OTHER,N,helpdesk,helpdesk,False,unique_record,rule2_single_source_record
TK-253024,2026-05-15 16:53,2026-05-16 17:38,closed,chat,C103195,VR893287,VR893287,quoted_valid,VA-SW-NX2,Returns & Refunds,Normal,Returns Desk,A3036,0,2.0,6174.0,6174.0,GW-OTHER,N,helpdesk,helpdesk,False,unique_record,rule2_single_source_record
TK-253035,2026-05-16 00:58,2026-05-18 02:20,resolved,chat,C105661,VR896328,VR896328,quoted_valid,VA-EB-PL2,Returns & Refunds,Normal,Returns Desk,A3037,0,,3499.0,3499.0,GW-OTHER,N,helpdesk,helpdesk,False,unique_record,rule2_single_source_record
TK-253036,2026-05-16 01:02,2026-05-16 01:17,resolved,chat,C106107,,VR900722,fallback_single,VA-SW-NX2,Billing & Payments,High,Billing,A3033,0,4.0,5199.0,5199.0,PRICE-ADJ,N,helpdesk,helpdesk,False,unique_record,rule2_single_source_record
TK-253046,2026-05-16 11:36,2026-05-16 12:16,resolved,chat,C104572,,VR881379,fallback_single,VA-SW-FIT,Returns & Refunds,Normal,Returns Desk,A3037,0,,1999.0,1999.0,RETURN-QC-OK,N,helpdesk,helpdesk,False,unique_record,rule2_single_source_record
TK-253055,2026-05-16 15:46,,pending,social,C107102,VR901412,VR901412,quoted_valid,VA-EB-PL2,Delivery & Shipping,High,Logistics,A3030,0,,3149.0,3149.0,DOA-REPL,N,helpdesk,helpdesk,False,unique_record,rule2_single_source_record
TK-253061,2026-05-16 19:26,2026-05-19 19:48,resolved,chat,C108446,VR896480,VR896480,quoted_valid,VA-AC-CH65,Returns & Refunds,Normal,Returns Desk,A3036,0,4.0,300.0,300.0,GW-OTHER,N,helpdesk,helpdesk,False,unique_record,rule2_single_source_record
TK-253076,2026-05-17 14:24,2026-05-19 15:02,resolved,social,C104526,,VR885876,fallback_single,VA-EB-AIR,Billing & Payments,High,Billing,A3035,0,5.0,810.0,810.0,RETURN-QC-OK,N,helpdesk,helpdesk,False,unique_record,rule2_single_source_record
TK-253078,2026-05-17 14:47,2026-05-17 21:36,resolved,email,C107124,,VR901044,fallback_single,VA-SP-MINI,Returns & Refunds,Normal,Returns Desk,A3036,0,,2249.0,2249.0,RETURN-QC-OK,N,helpdesk,helpdesk,False,unique_record,rule2_single_source_record
TK-253091,2026-05-17 21:10,2026-05-18 21:35,resolved,chat,C103782,,,ambiguous,VA-EB-PL2,Returns & Refunds,Normal,Returns Desk,A3036,0,,3499.0,3499.0,RETURN-QC-OK,N,helpdesk,helpdesk,False,unique_record,rule2_single_source_record
TK-253123,2026-05-18 17:34,2026-05-20 18:39,resolved,voice,C100393,,,ambiguous,VA-SP-ORB,Returns & Refunds,Normal,Returns Desk,A3036,0,3.0,765.0,765.0,GW-OTHER,N,helpdesk,helpdesk,False,unique_record,rule2_single_source_record
TK-253126,2026-05-18 18:03,2026-05-18 19:05,resolved,voice,C106903,,VR902441,fallback_single,VA-EB-AIR,Returns & Refunds,Normal,Returns Desk,A3036,0,3.0,1619.0,1619.0,RETURN-QC-OK,N,helpdesk,helpdesk,False,unique_record,rule2_single_source_record
TK-253129,2026-05-18 19:01,2026-05-18 19:19,resolved,chat,C100056,,VR898656,fallback_single,VA-EB-PL2,Billing & Payments,Normal,Billing,A3035,0,5.0,2974.0,2974.0,GW-OTHER,N,helpdesk,helpdesk,False,unique_record,rule2_single_source_record
TK-253133,2026-05-18 19:23,2026-05-18 22:49,closed,email,C107159,VR895666,VR895666,quoted_valid,VA-NB-ARC,Other,Normal,Email Frontline,A3002,0,,195.0,195.0,GW-OTHER,N,helpdesk,helpdesk,False,unique_record,rule2_single_source_record
TK-253135,2026-05-18 20:15,2026-05-18 21:00,resolved,voice,C107082,VR906267,VR906267,quoted_valid,VA-EB-PL2,Connectivity,Normal,Voice Frontline,A3026,0,4.0,3499.0,3499.0,GW-OTHER,N,helpdesk,helpdesk,False,unique_record,rule2_single_source_record
TK-253136,2026-05-18 21:21,,open,chat,C106625,,VR882753,fallback_single,VA-EB-PL2,Delivery & Shipping,High,Logistics,A3030,0,3.0,2974.0,2974.0,DOA-REPL,N,helpdesk,helpdesk,False,unique_record,rule2_single_source_record
TK-253140,2026-05-18 22:58,2026-05-20 23:26,resolved,chat,C103470,VR883032,VR883032,quoted_valid,VA-HP-ST3,Returns & Refunds,Normal,Returns Desk,A3020,2,3.0,2800.0,2800.0,RETURN-QC-OK,N,helpdesk,helpdesk,False,unique_record,rule2_single_source_record
TK-253146,2026-05-19 08:24,2026-05-19 08:38,resolved,chat,C106874,VR886558,VR886558,quoted_valid,VA-SW-NX2,Other,Normal,Chat Frontline,A3011,0,4.0,5524.0,5524.0,GW-OTHER,N,helpdesk,helpdesk,False,unique_record,rule2_single_source_record
TK-253149,2026-05-19 08:52,2026-05-19 09:23,closed,chat,C103211,VR887343,VR887343,quoted_valid,VA-NB-ARC,Billing & Payments,High,Billing,A3034,0,,1299.0,1299.0,DUP-PAYMENT,N,helpdesk,helpdesk,False,unique_record,rule2_single_source_record
TK-253156,2026-05-19 12:09,,open,chat,C107084,,VR889078,fallback_single,VA-SW-NX2,Returns & Refunds,Normal,Returns Desk,A3037,0,1.0,6499.0,6499.0,RETURN-QC-OK,N,helpdesk,helpdesk,False,unique_record,rule2_single_source_record
TK-253162,2026-05-19 14:13,2026-05-19 14:47,resolved,chat,C106121,VR889255,VR889255,quoted_valid,VA-EB-PL2,Delivery & Shipping,High,Logistics,A3030,0,,3499.0,3499.0,GW-OTHER,N,helpdesk,helpdesk,False,unique_record,rule2_single_source_record
TK-253166,2026-05-19 15:29,2026-05-20 15:42,resolved,chat,C104446,VR881626,VR881626,quoted_valid,VA-EB-PL2,Returns & Refunds,Normal,Returns Desk,A3036,0,,3499.0,3499.0,GW-OTHER,N,helpdesk,helpdesk,False,unique_record,rule2_single_source_record
TK-253178,2026-05-19 23:52,2026-05-28 04:37,resolved,email,C100056,,VR899141,fallback_single,VA-SW-FIT,Warranty & Repair,Normal,Escalations & Warranty,A3039,0,5.0,3198.0,3198.0,GW-OTHER,N,helpdesk,helpdesk,False,unique_record,rule2_single_source_record
TK-253184,2026-05-20 10:32,2026-05-20 10:57,resolved,chat,C108534,VR902545,VR902545,quoted_valid,VA-EB-PL2,Other,Normal,Chat Frontline,A3010,0,3.0,2974.0,2974.0,CANCEL,N,helpdesk,helpdesk,False,unique_record,rule2_single_source_record
TK-253197,2026-05-20 14:56,2026-05-21 15:40,resolved,email,C105233,,,ambiguous,VA-EB-PL2,Returns & Refunds,Normal,Returns Desk,A3036,0,,3149.0,3149.0,GW-OTHER,N,helpdesk,helpdesk,False,unique_record,rule2_single_source_record
TK-253201,2026-05-20 16:06,2026-05-23 16:29,resolved,chat,C103991,,VR903164,fallback_single,VA-AC-CH65,Billing & Payments,Low,Billing,A3035,0,4.0,1349.0,1349.0,RETURN-QC-OK,N,helpdesk,helpdesk,False,unique_record,rule2_single_source_record
TK-253203,2026-05-20 17:51,2026-05-23 18:11,resolved,chat,C102606,VR880534,VR880534,quoted_valid,VA-SP-MINI,Returns & Refunds,Normal,Returns Desk,A3036,0,,2499.0,2499.0,RETURN-QC-OK,N,helpdesk,helpdesk,False,unique_record,rule2_single_source_record
TK-253206,2026-05-20 18:50,2026-05-20 20:56,resolved,social,C109071,VR887905,VR887905,quoted_valid,VA-SW-NX1,Other,Normal,Chat Frontline,A3015,0,4.0,4999.0,4999.0,PRICE-ADJ,N,helpdesk,helpdesk,False,unique_record,rule2_single_source_record
TK-253223,2026-05-21 06:42,2026-05-21 07:04,closed,chat,C100866,VR907093,VR907093,quoted_valid,VA-HP-ST3,Other,High,Chat Frontline,A3010,0,,6999.0,6999.0,CANCEL,N,helpdesk,helpdesk,False,unique_record,rule2_single_source_record
TK-253239,2026-05-21 18:38,2026-05-21 19:24,resolved,social,C102331,VR900997,VR900997,quoted_valid,VA-HP-ST3,Billing & Payments,High,Billing,A3035,0,3.0,5949.0,5949.0,PRICE-ADJ,N,helpdesk,helpdesk,False,unique_record,rule2_single_source_record
TK-253244,2026-05-21 20:02,2026-05-26 21:51,resolved,email,C106640,VR901088,VR901088,quoted_valid,VA-EB-PL2,Returns & Refunds,High,Returns Desk,A3036,0,2.0,3499.0,3499.0,DOA-REPL,N,helpdesk,helpdesk,False,unique_record,rule2_single_source_record
TK-253247,2026-05-21 20:57,2026-05-21 21:16,resolved,chat,C103000,VR886656,VR886656,quoted_valid,VA-SW-NX2,Other,Normal,Chat Frontline,A3005,0,,6499.0,6499.0,CANCEL,N,helpdesk,helpdesk,False,unique_record,rule2_single_source_record
TK-253253,2026-05-21 23:09,2026-05-24 01:05,resolved,email,C101177,VR898714,VR898714,quoted_valid,VA-EB-PL2,Returns & Refunds,High,Returns Desk,A3037,0,3.0,3149.0,3149.0,RETURN-QC-OK,N,helpdesk,helpdesk,False,unique_record,rule2_single_source_record
TK-253269,2026-05-22 17:33,,pending,email,C105815,VR893841,VR893841,quoted_valid,VA-SW-NX2,Delivery & Shipping,Normal,Logistics,A3030,0,,1105.0,1105.0,RETURN-QC-OK,N,helpdesk,helpdesk,False,unique_record,rule2_single_source_record
TK-253280,2026-05-22 21:53,2026-05-22 22:19,resolved,chat,C107329,VR892294,VR892294,quoted_valid,VA-EB-PL2,Billing & Payments,High,Billing,A3035,0,3.0,1750.0,1750.0,DUP-PAYMENT,N,helpdesk,helpdesk,False,unique_record,rule2_single_source_record
TK-253283,2026-05-23 07:03,2026-05-23 07:26,resolved,chat,C108365,VR905262,VR905262,quoted_valid,VA-EB-PL2,Other,Low,Chat Frontline,A3006,0,,3499.0,3499.0,CANCEL,N,helpdesk,helpdesk,False,unique_record,rule2_single_source_record
TK-253284,2026-05-23 07:17,2026-05-25 14:05,resolved,chat,C109136,VR893986,VR893986,quoted_valid,VA-HP-ST2,Warranty & Repair,Normal,Escalations & Warranty,A3039,0,,4749.0,4749.0,WTY-BUYBACK,N,helpdesk,helpdesk,False,unique_record,rule2_single_source_record
TK-253293,2026-05-23 10:28,2026-05-28 10:59,resolved,chat,C108981,VR906993,VR906993,quoted_valid,VA-SP-MINI,Delivery & Shipping,Normal,Logistics,A3027,0,3.0,2499.0,2499.0,RETURN-QC-OK,N,helpdesk,helpdesk,False,unique_record,rule2_single_source_record
TK-253297,2026-05-23 14:59,2026-05-25 15:31,resolved,chat,C108378,VR894987,VR894987,quoted_valid,VA-HP-ST3,Delivery & Shipping,Normal,Logistics,A3030,0,2.0,12598.0,12598.0,LOST-TRANSIT,N,helpdesk,helpdesk,False,unique_record,rule2_single_source_record
TK-253301,2026-05-23 17:57,2026-05-24 20:50,resolved,email,C103249,,VR905294,fallback_single,VA-EB-PL2,Delivery & Shipping,High,Logistics,A3030,0,3.0,446.0,446.0,LOST-TRANSIT,N,helpdesk,helpdesk,False,unique_record,rule2_single_source_record
TK-253305,2026-05-23 20:18,2026-05-26 20:48,closed,chat,C100766,,VR886947,fallback_single,VA-EB-PL2,Delivery & Shipping,Normal,Logistics,A3030,0,,3499.0,3499.0,GW-OTHER,N,helpdesk,helpdesk,False,unique_record,rule2_single_source_record
TK-253307,2026-05-23 20:41,2026-05-30 23:22,resolved,email,C104095,,VR880493,fallback_single,VA-EB-PL2,Other,Low,Email Frontline,A3039,1,3.0,2799.0,2799.0,GW-OTHER,N,helpdesk,helpdesk,False,unique_record,rule2_single_source_record
TK-253309,2026-05-23 21:04,2026-05-23 22:27,resolved,social,C102934,VR903495,VR903495,quoted_valid,VA-EB-PL2,Billing & Payments,High,Billing,A3032,0,4.0,3499.0,3499.0,GW-OTHER,N,helpdesk,helpdesk,False,unique_record,rule2_single_source_record
TK-253312,2026-05-23 23:05,2026-05-24 02:33,resolved,email,C105458,VR900153,VR900153,quoted_valid,VA-EB-PL2,Billing & Payments,Low,Billing,A3033,0,,350.0,350.0,GW-OTHER,N,helpdesk,helpdesk,False,unique_record,rule2_single_source_record
TK-253329,2026-05-24 14:50,2026-05-24 15:37,resolved,social,C109206,,VR897041,fallback_single,VA-SP-MINI,Billing & Payments,High,Billing,A3035,0,2.0,2499.0,2499.0,RETURN-QC-OK,N,helpdesk,helpdesk,False,unique_record,rule2_single_source_record
TK-253335,2026-05-24 15:57,2026-05-25 16:13,resolved,chat,C109202,,VR884096,fallback_single,VA-AC-CASE,Returns & Refunds,Normal,Returns Desk,A3036,0,,1104.0,1104.0,GW-OTHER,N,helpdesk,helpdesk,False,unique_record,rule2_single_source_record
TK-253339,2026-05-24 18:00,2026-05-24 18:35,resolved,chat,C108585,VR897804,VR897804,quoted_valid,VA-EB-PL2,Billing & Payments,Normal,Billing,A3035,0,2.0,2799.0,2799.0,GW-OTHER,N,helpdesk,helpdesk,False,unique_record,rule2_single_source_record
TK-253341,2026-05-24 19:27,2026-05-24 21:50,resolved,email,C103150,,,ambiguous,VA-EB-PL2,Audio Quality,Normal,Email Frontline,A3018,0,,3499.0,3499.0,DOA-REPL,N,helpdesk,helpdesk,False,unique_record,rule2_single_source_record
TK-253342,2026-05-24 19:32,2026-05-27 19:55,resolved,chat,C107187,,VR899504,fallback_single,VA-EB-PL2,Returns & Refunds,Normal,Returns Desk,A3036,0,,3149.0,3149.0,GW-OTHER,N,helpdesk,helpdesk,False,unique_record,rule2_single_source_record
TK-253345,2026-05-24 21:52,2026-06-02 00:19,resolved,social,C102407,,VR895926,fallback_single,VA-SP-MINI,Other,Normal,Chat Frontline,A3017,0,,2124.0,2124.0,GW-OTHER,Y,helpdesk,helpdesk,False,unique_record,rule2_single_source_record
TK-253348,2026-05-25 00:02,2026-05-25 00:25,resolved,chat,C106513,VR893549,VR893549,quoted_valid,VA-EB-PL2,Audio Quality,Normal,Chat Frontline,A3028,1,,1662.0,1662.0,GW-OTHER,N,helpdesk,helpdesk,False,unique_record,rule2_single_source_record
TK-253349,2026-05-25 00:12,2026-05-25 00:30,resolved,chat,C106895,,VR881919,fallback_single,VA-EB-PL2,Other,Normal,Chat Frontline,A3016,1,,2974.0,2974.0,DOA-REPL,Y,helpdesk,helpdesk,False,unique_record,rule2_single_source_record
TK-253354,2026-05-25 08:57,2026-05-26 11:10,resolved,email,C102979,VR898330,VR898330,quoted_valid,VA-EB-PL2,Returns & Refunds,Normal,Returns Desk,A3038,0,3.0,3499.0,3499.0,GW-OTHER,N,helpdesk,helpdesk,False,unique_record,rule2_single_source_record
TK-253358,2026-05-25 10:23,2026-05-25 11:10,closed,chat,C106646,VR896349,VR896349,quoted_valid,VA-HP-ST3,Delivery & Shipping,Normal,Logistics,A3028,0,4.0,892.0,892.0,GW-OTHER,N,helpdesk,helpdesk,False,unique_record,rule2_single_source_record
TK-253362,2026-05-25 11:50,2026-05-25 12:05,closed,chat,C100042,VR909782,VR909782,quoted_valid,VA-SW-NX2,Delivery & Shipping,Normal,Logistics,A3031,0,,6174.0,6174.0,GW-OTHER,N,helpdesk,helpdesk,False,unique_record,rule2_single_source_record
TK-253368,2026-05-25 15:12,2026-05-25 15:49,closed,social,C105056,VR906172,VR906172,quoted_valid,VA-EB-PL2,Billing & Payments,High,Billing,A3027,1,2.0,3499.0,3499.0,PRICE-ADJ,N,helpdesk,helpdesk,False,unique_record,rule2_single_source_record
TK-253376,2026-05-25 19:17,2026-05-28 19:34,resolved,chat,C108182,VR889216,VR889216,quoted_valid,VA-EB-PL1,Delivery & Shipping,Normal,Logistics,A3030,0,4.0,2499.0,2499.0,RETURN-QC-OK,N,helpdesk,helpdesk,False,unique_record,rule2_single_source_record
TK-253378,2026-05-25 19:35,2026-05-25 22:43,resolved,social,C102968,VR886174,VR886174,quoted_valid,VA-EB-PL2,Other,Normal,Chat Frontline,A3002,2,,2799.0,2799.0,GW-OTHER,N,helpdesk,helpdesk,False,unique_record,rule2_single_source_record
TK-253393,2026-05-25 23:58,2026-05-28 00:17,closed,chat,C108419,VR885892,VR885892,quoted_valid,VA-SP-MINI,Returns & Refunds,Normal,Returns Desk,A3037,0,2.0,2124.0,2124.0,RETURN-QC-OK,N,helpdesk,helpdesk,False,unique_record,rule2_single_source_record
TK-253395,2026-05-26 04:04,2026-05-28 04:20,resolved,chat,C107447,VR889345,VR889345,quoted_valid,VA-HP-ST2,Returns & Refunds,Normal,Returns Desk,A3038,0,,2124.0,2124.0,GW-OTHER,N,helpdesk,helpdesk,False,unique_record,rule2_single_source_record
TK-253397,2026-05-26 05:24,2026-05-27 06:02,resolved,chat,C104008,VR882458,VR882458,quoted_valid,VA-AC-CH65,Returns & Refunds,Normal,Returns Desk,A3037,0,,1274.0,1274.0,GW-OTHER,N,helpdesk,helpdesk,False,unique_record,rule2_single_source_record
TK-253405,2026-05-26 12:39,2026-05-28 13:44,resolved,chat,C109231,VR887118,VR887118,quoted_valid,VA-SP-MINI,Delivery & Shipping,Normal,Logistics,A3019,1,,2499.0,2499.0,GW-OTHER,N,helpdesk,helpdesk,False,unique_record,rule2_single_source_record
TK-253406,2026-05-26 13:29,2026-05-26 13:52,closed,chat,C103184,VR898862,VR898862,quoted_valid,VA-EB-PL2,Other,Normal,Chat Frontline,A3010,0,5.0,3499.0,3499.0,GW-OTHER,N,helpdesk,helpdesk,False,unique_record,rule2_single_source_record
TK-253418,2026-05-26 20:08,2026-05-27 01:12,closed,email,C107597,VR887630,VR887630,quoted_valid,VA-AC-CASE,Billing & Payments,Normal,Billing,A3034,0,,175.0,175.0,DUP-PAYMENT,N,helpdesk,helpdesk,False,unique_record,rule2_single_source_record
TK-253419,2026-05-26 20:09,2026-05-26 20:30,resolved,chat,C105711,VR881208,VR881208,quoted_valid,VA-SW-NX1,Other,High,Chat Frontline,A3004,0,2.0,4499.0,4499.0,GW-OTHER,N,helpdesk,helpdesk,False,unique_record,rule2_single_source_record
TK-253422,2026-05-26 21:16,2026-05-26 21:39,resolved,chat,C104921,,VR896679,fallback_single,VA-SW-NX2,Other,Normal,Chat Frontline,A3012,0,,6499.0,6499.0,GW-OTHER,N,helpdesk,helpdesk,False,unique_record,rule2_single_source_record
TK-253437,2026-05-27 10:17,2026-05-27 11:54,resolved,social,C102875,,VR887510,fallback_single,VA-SW-NX2,Delivery & Shipping,Normal,Logistics,A3027,0,,5199.0,5199.0,WTY-BUYBACK,N,helpdesk,helpdesk,False,unique_record,rule2_single_source_record
TK-253448,2026-05-27 17:20,2026-05-27 17:49,resolved,chat,C102968,VR886174,VR886174,quoted_valid,VA-EB-PL2,Billing & Payments,High,Billing,A3035,0,5.0,1400.0,1400.0,CANCEL,N,helpdesk,helpdesk,False,unique_record,rule2_single_source_record
TK-253451,2026-05-27 18:08,2026-05-27 18:52,resolved,chat,C105670,VR902816,VR902816,quoted_valid,VA-HP-ST3,Audio Quality,Normal,Chat Frontline,A3009,0,,6999.0,6999.0,GW-OTHER,N,helpdesk,helpdesk,False,unique_record,rule2_single_source_record
TK-253453,2026-05-27 18:41,2026-05-28 01:48,resolved,social,C100675,VR886881,VR886881,quoted_valid,VA-SP-MINI,Product Enquiry,Low,Chat Frontline,A3017,0,,2124.0,2124.0,PRICE-ADJ,N,helpdesk,helpdesk,False,unique_record,rule2_single_source_record
TK-253466,2026-05-28 06:46,2026-05-28 07:27,resolved,chat,C104200,,VR884008,fallback_single,VA-AC-CH65,Billing & Payments,High,Billing,A3034,0,4.0,712.0,712.0,GW-OTHER,N,helpdesk,helpdesk,False,unique_record,rule2_single_source_record
TK-253474,2026-05-28 12:29,,pending,voice,C107727,VR900790,VR900790,quoted_valid,VA-SP-MINI,Returns & Refunds,Low,Returns Desk,A3038,0,,2249.0,2249.0,GW-OTHER,N,helpdesk,helpdesk,False,unique_record,rule2_single_source_record
TK-253476,2026-05-28 14:58,2026-05-28 16:29,resolved,voice,C107831,,VR891878,fallback_single,VA-HP-ST2,Billing & Payments,Normal,Billing,A3035,0,,4999.0,4999.0,DUP-PAYMENT,N,helpdesk,helpdesk,False,unique_record,rule2_single_source_record
TK-253498,2026-05-29 11:58,2026-05-29 19:24,resolved,email,C100992,VR893459,VR893459,quoted_valid,VA-EB-AIR,Billing & Payments,Normal,Billing,A3035,0,3.0,1529.0,1529.0,GW-OTHER,N,helpdesk,helpdesk,False,unique_record,rule2_single_source_record
TK-253508,2026-05-29 19:06,2026-05-31 20:06,resolved,chat,C104054,,VR896875,fallback_single,VA-AC-CASE,Returns & Refunds,Normal,Returns Desk,A3036,0,,1234.0,1234.0,RETURN-QC-OK,N,helpdesk,helpdesk,False,unique_record,rule2_single_source_record
TK-253510,2026-05-29 19:08,2026-05-29 21:22,resolved,social,C103121,VR901241,VR901241,quoted_valid,VA-EB-PL2,Other,Low,Chat Frontline,A3004,0,2.0,350.0,350.0,GW-OTHER,N,helpdesk,helpdesk,False,unique_record,rule2_single_source_record
TK-253511,2026-05-29 19:12,2026-05-30 00:25,resolved,email,C101427,VR890543,VR890543,quoted_valid,VA-EB-AIR,Charging & Battery,Normal,Email Frontline,A3002,0,,162.0,162.0,DOA-REPL,N,helpdesk,helpdesk,False,unique_record,rule2_single_source_record
TK-253515,2026-05-29 21:12,,pending,chat,C100149,,VR901335,fallback_single,VA-EB-PL2,Connectivity,High,Chat Frontline,A3014,0,,3499.0,3499.0,WTY-BUYBACK,Y,helpdesk,helpdesk,False,unique_record,rule2_single_source_record
TK-253521,2026-05-29 22:17,2026-05-29 22:42,resolved,chat,C107956,VR906115,VR906115,quoted_valid,VA-SP-ORB,Billing & Payments,High,Billing,A3034,0,5.0,5999.0,5999.0,GW-OTHER,N,helpdesk,helpdesk,False,unique_record,rule2_single_source_record
TK-253558,2026-05-30 20:24,2026-05-31 20:55,resolved,voice,C100410,VR895599,VR895599,quoted_valid,VA-AC-CASE,Returns & Refunds,Normal,Returns Desk,A3036,0,4.0,1299.0,1299.0,GW-OTHER,N,helpdesk,helpdesk,False,unique_record,rule2_single_source_record
TK-253559,2026-05-30 20:28,2026-06-01 21:47,resolved,voice,C100676,VR883026,VR883026,quoted_valid,VA-SW-NX2,Returns & Refunds,High,Returns Desk,A3036,0,,552.0,552.0,GW-OTHER,N,helpdesk,helpdesk,False,unique_record,rule2_single_source_record
TK-253561,2026-05-30 22:31,2026-05-30 22:54,resolved,chat,C106951,VR894334,VR894334,quoted_valid,VA-SP-MINI,Delivery & Shipping,Normal,Logistics,A3028,0,,2124.0,2124.0,GW-OTHER,N,helpdesk,helpdesk,False,unique_record,rule2_single_source_record
TK-253563,2026-05-31 00:50,2026-06-01 01:16,closed,chat,C108643,VR905875,VR905875,quoted_valid,VA-SW-NX2,Delivery & Shipping,Normal,Logistics,A3028,0,,1040.0,1040.0,GW-OTHER,N,helpdesk,helpdesk,False,unique_record,rule2_single_source_record
TK-253569,2026-05-31 09:25,2026-06-01 13:36,resolved,chat,C106120,VR884091,VR884091,quoted_valid,VA-SW-FIT,Warranty & Repair,Normal,Escalations & Warranty,A3036,1,,1999.0,1999.0,GW-OTHER,Y,helpdesk,helpdesk,False,unique_record,rule2_single_source_record
TK-253570,2026-05-31 09:31,2026-05-31 15:11,resolved,email,C106777,VR883280,VR883280,quoted_valid,VA-EB-PL2,Connectivity,Normal,Email Frontline,A3018,0,,665.0,665.0,GW-OTHER,N,helpdesk,helpdesk,False,unique_record,rule2_single_source_record
TK-253572,2026-05-31 10:38,2026-05-31 10:55,closed,chat,C100866,VR907093,VR907093,quoted_valid,VA-HP-ST3,Billing & Payments,Normal,Billing,A3032,0,,6999.0,6999.0,RETURN-QC-OK,N,helpdesk,helpdesk,False,unique_record,rule2_single_source_record
TK-253584,2026-05-31 12:48,2026-05-31 14:04,resolved,voice,C101009,,VR890873,fallback_single,VA-EB-PL2,Charging & Battery,Normal,Voice Frontline,A3024,0,,3324.0,3324.0,WTY-BUYBACK,N,helpdesk,helpdesk,False,unique_record,rule2_single_source_record
TK-253589,2026-05-31 14:26,2026-05-31 14:41,resolved,chat,C108620,VR886072,VR886072,quoted_valid,VA-EB-PL2,Delivery & Shipping,Normal,Logistics,A3030,0,,3499.0,3499.0,DOA-REPL,N,helpdesk,helpdesk,False,unique_record,rule2_single_source_record
TK-253595,2026-05-31 17:48,2026-05-31 18:54,resolved,voice,C107244,VR899156,VR899156,quoted_valid,VA-HP-ST3,Other,Low,Voice Frontline,A3026,0,,6999.0,6999.0,CANCEL,N,helpdesk,helpdesk,False,unique_record,rule2_single_source_record
TK-253597,2026-05-31 18:05,2026-05-31 18:32,resolved,chat,C108959,,,ambiguous,VA-EB-PL2,Other,Normal,Chat Frontline,A3005,1,,2974.0,2974.0,GW-OTHER,N,helpdesk,helpdesk,False,unique_record,rule2_single_source_record
TK-253599,2026-05-31 18:24,2026-06-13 05:42,resolved,social,C108062,VR889923,VR889923,quoted_valid,VA-SW-NX1,Warranty & Repair,Low,Escalations & Warranty,A3039,0,3.0,4749.0,4749.0,GW-OTHER,Y,helpdesk,helpdesk,False,unique_record,rule2_single_source_record
TK-253608,2026-06-01 09:40,2026-06-01 10:14,resolved,voice,C103905,,VR880244,fallback_single,VA-SW-NX2,Other,Normal,Voice Frontline,A3005,1,,585.0,585.0,CANCEL,N,helpdesk,helpdesk,False,unique_record,rule2_single_source_record
TK-253615,2026-06-01 11:12,,pending,chat,C108059,VR882229,VR882229,quoted_valid,VA-EB-PL2,Audio Quality,Low,Chat Frontline,A3011,0,,2974.0,2974.0,GW-OTHER,Y,helpdesk,helpdesk,False,unique_record,rule2_single_source_record
TK-253616,2026-06-01 11:54,2026-06-03 12:10,resolved,chat,C108364,VR900235,VR900235,quoted_valid,VA-SP-MINI,Returns & Refunds,Normal,Returns Desk,A3037,0,3.0,2499.0,2499.0,RETURN-QC-OK,N,helpdesk,helpdesk,False,unique_record,rule2_single_source_record
TK-253621,2026-06-01 13:30,2026-06-01 14:08,resolved,voice,C107244,VR899156,VR899156,quoted_valid,VA-HP-ST3,Delivery & Shipping,Normal,Logistics,A3028,0,4.0,6999.0,6999.0,LOST-TRANSIT,N,helpdesk,helpdesk,False,unique_record,rule2_single_source_record
TK-253622,2026-06-01 14:18,2026-06-01 16:09,resolved,email,C109406,VR884297,VR884297,quoted_valid,VA-EB-PL2,Other,Normal,Email Frontline,A3018,0,,3499.0,3499.0,CANCEL,N,helpdesk,helpdesk,False,unique_record,rule2_single_source_record
TK-253623,2026-06-01 14:26,2026-06-04 21:29,resolved,email,C102225,VR881155,VR881155,quoted_valid,VA-AC-CASE,Returns & Refunds,Normal,Returns Desk,A3036,0,3.0,1104.0,1104.0,GW-OTHER,N,helpdesk,helpdesk,False,unique_record,rule2_single_source_record
TK-253630,2026-06-01 18:49,2026-06-01 19:43,resolved,chat,C103274,VR894581,VR894581,quoted_valid,VA-EB-PL2,Charging & Battery,Normal,Chat Frontline,A3015,0,4.0,3499.0,3499.0,DOA-REPL,N,helpdesk,helpdesk,False,unique_record,rule2_single_source_record
TK-253632,2026-06-01 19:38,2026-06-01 20:14,resolved,chat,C106079,VR908995,VR908995,quoted_valid,VA-SP-MINI,Returns & Refunds,Normal,Returns Desk,A3036,0,,2499.0,2499.0,GW-OTHER,N,helpdesk,helpdesk,False,unique_record,rule2_single_source_record
TK-253639,2026-06-01 21:18,,pending,email,C107597,VR887630,VR887630,quoted_valid,VA-AC-CASE,Other,Normal,Email Frontline,A3017,0,,1169.0,1169.0,CANCEL,N,helpdesk,helpdesk,False,unique_record,rule2_single_source_record
TK-253649,2026-06-02 09:00,2026-06-05 09:54,resolved,social,C102331,,VR900997,fallback_single,VA-HP-ST3,Billing & Payments,High,Billing,A3032,0,,5949.0,5949.0,RETURN-QC-OK,N,helpdesk,helpdesk,False,unique_record,rule2_single_source_record
TK-253652,2026-06-02 11:40,2026-06-02 12:45,resolved,voice,C107903,VR887383,VR887383,quoted_valid,VA-SW-FIT,Other,Normal,Voice Frontline,A3009,1,,1999.0,1999.0,GW-OTHER,N,helpdesk,helpdesk,False,unique_record,rule2_single_source_record
TK-253663,2026-06-02 18:13,2026-06-02 19:01,closed,chat,C105615,,VR887152,fallback_single,VA-EB-PL2,Audio Quality,Normal,Chat Frontline,A3005,0,,2799.0,2799.0,DOA-REPL,N,helpdesk,helpdesk,False,unique_record,rule2_single_source_record
TK-253666,2026-06-02 20:31,2026-06-05 21:00,resolved,chat,C102098,VR902888,VR902888,quoted_valid,VA-SP-ORB,Returns & Refunds,Normal,Returns Desk,A3036,0,,5399.0,5399.0,RETURN-QC-OK,N,helpdesk,helpdesk,False,unique_record,rule2_single_source_record
TK-253668,2026-06-02 20:44,2026-06-03 08:50,resolved,email,C101385,VR892166,VR892166,quoted_valid,VA-EB-PL2,Billing & Payments,Normal,Billing,A3034,0,,2974.0,2974.0,GW-OTHER,N,helpdesk,helpdesk,False,unique_record,rule2_single_source_record
TK-253675,2026-06-03 08:32,2026-06-03 08:58,closed,chat,C100857,,,ambiguous,VA-HP-ST3,Charging & Battery,Normal,Chat Frontline,A3010,0,2.0,6999.0,6999.0,DOA-REPL,N,helpdesk,helpdesk,False,unique_record,rule2_single_source_record
TK-253678,2026-06-03 09:42,2026-06-03 11:29,resolved,social,C103357,VR899806,VR899806,quoted_valid,VA-EB-PL2,Billing & Payments,High,Billing,A3034,0,,3149.0,3149.0,CANCEL,N,helpdesk,helpdesk,False,unique_record,rule2_single_source_record
TK-253679,2026-06-03 10:16,2026-06-03 10:37,resolved,chat,C100464,,,ambiguous,VA-EB-PL2,Returns & Refunds,Normal,Returns Desk,A3038,0,,2799.0,2799.0,GW-OTHER,N,helpdesk,helpdesk,False,unique_record,rule2_single_source_record
TK-253682,2026-06-03 13:24,2026-06-08 13:52,resolved,chat,C103926,,,ambiguous,VA-EB-PL2,Delivery & Shipping,Normal,Logistics,A3031,0,,3499.0,3499.0,GW-OTHER,N,helpdesk,helpdesk,False,unique_record,rule2_single_source_record
TK-253692,2026-06-03 21:03,2026-06-03 23:55,resolved,email,C101374,,VR901896,fallback_single,VA-EB-PL2,Other,Normal,Email Frontline,A3002,0,,3149.0,3149.0,CANCEL,N,helpdesk,helpdesk,False,unique_record,rule2_single_source_record
TK-253705,2026-06-04 12:02,2026-06-06 13:07,resolved,social,C107282,VR901596,VR901596,quoted_valid,VA-SW-NX2,Returns & Refunds,Normal,Returns Desk,A3038,0,,6174.0,6174.0,RETURN-QC-OK,N,helpdesk,helpdesk,False,unique_record,rule2_single_source_record
TK-253727,2026-06-04 22:13,2026-06-04 23:05,resolved,email,C105153,VR885553,VR885553,quoted_valid,VA-EB-AIR,Billing & Payments,High,Billing,A3034,0,4.0,1709.0,1709.0,GW-OTHER,N,helpdesk,helpdesk,False,unique_record,rule2_single_source_record
TK-253738,2026-06-05 12:00,2026-06-05 12:34,resolved,chat,C105085,,VR908426,fallback_single,VA-SW-FIT,Billing & Payments,High,Billing,A3032,0,,1999.0,1999.0,RETURN-QC-OK,N,helpdesk,helpdesk,False,unique_record,rule2_single_source_record
TK-253739,2026-06-05 12:01,2026-06-07 14:11,resolved,voice,C106731,VR880446,VR880446,quoted_valid,VA-EB-PL2,Warranty & Repair,Normal,Escalations & Warranty,A3039,0,,3499.0,3499.0,GW-OTHER,N,helpdesk,helpdesk,False,unique_record,rule2_single_source_record
TK-253747,2026-06-05 15:32,2026-06-07 19:40,resolved,email,C107576,VR902472,VR902472,quoted_valid,VA-EB-PL2,Returns & Refunds,Normal,Returns Desk,A3036,0,,2974.0,2974.0,GW-OTHER,N,helpdesk,helpdesk,False,unique_record,rule2_single_source_record
TK-253748,2026-06-05 17:31,2026-06-07 18:02,resolved,chat,C102021,VR901635,VR901635,quoted_valid,VA-EB-PL2,Billing & Payments,High,Billing,A3035,0,,3324.0,3324.0,GW-OTHER,N,helpdesk,helpdesk,False,unique_record,rule2_single_source_record
TK-253755,2026-06-05 21:41,2026-06-05 23:02,resolved,email,C106303,,VR897430,fallback_single,VA-SW-FIT,Billing & Payments,High,Billing,A3033,0,,1999.0,1999.0,CANCEL,N,helpdesk,helpdesk,False,unique_record,rule2_single_source_record
TK-253756,2026-06-05 21:47,2026-06-05 22:07,resolved,chat,C103716,VR882421,VR882421,quoted_valid,VA-EB-PL2,Other,Normal,Chat Frontline,A3008,0,4.0,3499.0,3499.0,CANCEL,N,helpdesk,helpdesk,False,unique_record,rule2_single_source_record
TK-253757,2026-06-05 23:39,2026-06-06 01:17,resolved,email,C102739,,VR882180,fallback_single,VA-EB-PL2,Delivery & Shipping,High,Logistics,A3032,1,3.0,332.0,332.0,DOA-REPL,N,helpdesk,helpdesk,False,unique_record,rule2_single_source_record
TK-253767,2026-06-06 10:55,2026-06-06 11:20,resolved,chat,C105170,VR895773,VR895773,quoted_valid,VA-EB-AIR,Billing & Payments,Normal,Billing,A3033,0,5.0,900.0,900.0,GW-OTHER,N,helpdesk,helpdesk,False,unique_record,rule2_single_source_record
TK-253771,2026-06-06 12:21,2026-06-06 13:52,closed,email,C109182,VR908983,VR908983,quoted_valid,VA-SP-MINI,Billing & Payments,Normal,Billing,A3016,1,,250.0,250.0,PRICE-ADJ,N,helpdesk,helpdesk,False,unique_record,rule2_single_source_record
TK-253776,2026-06-06 13:25,2026-06-06 16:44,resolved,email,C101546,,VR881864,fallback_single,VA-AC-CH65,Billing & Payments,High,Billing,A3035,0,,1349.0,1349.0,DUP-PAYMENT,N,helpdesk,helpdesk,False,unique_record,rule2_single_source_record
TK-253778,2026-06-06 13:51,2026-06-11 15:21,resolved,email,C102681,VR907923,VR907923,quoted_valid,VA-EB-PL2,Delivery & Shipping,High,Logistics,A3030,0,,446.0,446.0,GW-OTHER,N,helpdesk,helpdesk,False,unique_record,rule2_single_source_record
TK-253802,2026-06-07 11:03,2026-06-07 11:44,resolved,chat,C103804,,VR884674,fallback_single,VA-EB-PL2,Billing & Payments,Normal,Billing,A3032,0,3.0,315.0,315.0,DUP-PAYMENT,N,helpdesk,helpdesk,False,unique_record,rule2_single_source_record
TK-253803,2026-06-07 11:09,2026-06-07 12:53,resolved,email,C108072,VR905891,VR905891,quoted_valid,VA-HP-ST3,Other,Normal,Email Frontline,A3021,0,5.0,6999.0,6999.0,CANCEL,N,helpdesk,helpdesk,False,unique_record,rule2_single_source_record
TK-253804,2026-06-07 11:19,2026-06-07 12:55,resolved,social,C103138,VR901201,VR901201,quoted_valid,VA-EB-PL2,Charging & Battery,Normal,Chat Frontline,A3006,0,4.0,3324.0,3324.0,GW-OTHER,N,helpdesk,helpdesk,False,unique_record,rule2_single_source_record
TK-253807,2026-06-07 12:45,,open,email,C100626,VR889089,VR889089,quoted_valid,VA-EB-PL1,Billing & Payments,Normal,Billing,A3033,0,,2499.0,2499.0,PRICE-ADJ,N,helpdesk,helpdesk,False,unique_record,rule2_single_source_record
TK-253808,2026-06-07 13:08,2026-06-07 13:21,resolved,chat,C104849,,VR883300,fallback_single,VA-EB-PL2,Delivery & Shipping,Normal,Logistics,A3029,0,,3499.0,3499.0,CANCEL,N,helpdesk,helpdesk,False,unique_record,rule2_single_source_record
TK-253810,2026-06-07 13:48,2026-06-08 14:11,resolved,chat,C100391,VR891747,VR891747,quoted_valid,VA-SP-MINI,Returns & Refunds,Normal,Returns Desk,A3037,0,,2499.0,2499.0,DOA-REPL,Y,helpdesk,helpdesk,False,unique_record,rule2_single_source_record
TK-253814,2026-06-07 15:12,2026-06-07 15:24,resolved,chat,C105106,VR905923,VR905923,quoted_valid,VA-EB-PL2,Other,Normal,Chat Frontline,A3009,0,,2974.0,2974.0,GW-OTHER,N,helpdesk,helpdesk,False,unique_record,rule2_single_source_record
TK-253819,2026-06-07 16:33,2026-06-07 16:58,resolved,chat,C102724,,VR904392,fallback_single,VA-EB-PL2,Other,Normal,Chat Frontline,A3005,0,,3499.0,3499.0,GW-OTHER,N,helpdesk,helpdesk,False,unique_record,rule2_single_source_record
TK-253830,2026-06-07 20:00,2026-06-07 20:42,resolved,chat,C107973,VR897865,VR897865,quoted_valid,VA-EB-AIR,Billing & Payments,High,Billing,A3009,1,4.0,256.0,256.0,DUP-PAYMENT,N,helpdesk,helpdesk,False,unique_record,rule2_single_source_record
TK-253833,2026-06-07 22:36,2026-06-10 23:00,resolved,chat,C106952,VR900043,VR900043,quoted_valid,VA-EB-PL2,Delivery & Shipping,Normal,Logistics,A3031,0,,700.0,700.0,GW-OTHER,N,helpdesk,helpdesk,False,unique_record,rule2_single_source_record
TK-253834,2026-06-07 23:17,2026-06-07 23:27,closed,chat,C101070,VR892954,VR892954,quoted_valid,VA-EB-AIR,Other,Normal,Chat Frontline,A3003,0,,1709.0,1709.0,CANCEL,N,helpdesk,helpdesk,False,unique_record,rule2_single_source_record
TK-253837,2026-06-08 06:36,2026-06-11 09:24,resolved,email,C100715,VR883129,VR883129,quoted_valid,VA-AC-CASE,Returns & Refunds,High,Returns Desk,A3038,0,,1169.0,1169.0,RETURN-QC-OK,N,helpdesk,helpdesk,False,unique_record,rule2_single_source_record
TK-253838,2026-06-08 06:42,2026-06-08 07:01,resolved,chat,C107589,,VR906489,fallback_single,VA-EB-AIR,Other,Normal,Chat Frontline,A3006,0,4.0,270.0,270.0,CANCEL,N,helpdesk,helpdesk,False,unique_record,rule2_single_source_record
TK-253839,2026-06-08 08:28,2026-06-08 09:45,resolved,email,C100564,VR885091,VR885091,quoted_valid,VA-EB-PL2,Connectivity,Normal,Email Frontline,A3021,0,,3149.0,3149.0,DOA-REPL,N,helpdesk,helpdesk,False,unique_record,rule2_single_source_record
TK-253840,2026-06-08 08:29,2026-06-08 09:15,resolved,voice,C100770,,VR891349,fallback_single,VA-SW-NX2,Charging & Battery,Low,Voice Frontline,A3024,0,,5524.0,5524.0,DOA-REPL,N,helpdesk,helpdesk,False,unique_record,rule2_single_source_record
TK-253851,2026-06-08 11:10,2026-06-08 11:37,resolved,chat,C107927,VR886802,VR886802,quoted_valid,VA-EB-PL2,Billing & Payments,High,Billing,A3032,0,,350.0,350.0,DUP-PAYMENT,N,helpdesk,helpdesk,False,unique_record,rule2_single_source_record
TK-253853,2026-06-08 12:00,2026-06-08 13:56,resolved,email,C101944,,VR891667,fallback_single,VA-HP-ST3,Delivery & Shipping,High,Logistics,A3029,0,3.0,6999.0,6999.0,DOA-REPL,N,helpdesk,helpdesk,False,unique_record,rule2_single_source_record
TK-253854,2026-06-08 12:05,2026-06-08 12:28,resolved,chat,C100582,,VR895532,fallback_single,VA-AC-CASE,Billing & Payments,Normal,Billing,A3034,0,,104.0,104.0,PRICE-ADJ,N,helpdesk,helpdesk,False,unique_record,rule2_single_source_record
TK-253860,2026-06-08 12:59,2026-06-08 13:45,resolved,voice,C100844,,VR885645,fallback_single,VA-EB-PL2,App & Firmware,Normal,Voice Frontline,A3024,0,4.0,2799.0,2799.0,GW-OTHER,N,helpdesk,helpdesk,False,unique_record,rule2_single_source_record
TK-253867,2026-06-08 14:35,2026-06-10 17:08,resolved,email,C108683,,VR906898,fallback_single,VA-EB-PL2,Delivery & Shipping,Low,Logistics,A3030,0,4.0,2799.0,2799.0,LOST-TRANSIT,N,helpdesk,helpdesk,False,unique_record,rule2_single_source_record
TK-253882,2026-06-08 20:18,2026-06-12 16:38,resolved,email,C107166,,VR882485,fallback_single,VA-SW-FIT,Returns & Refunds,Normal,Returns Desk,A3036,0,3.0,1799.0,1799.0,RETURN-QC-OK,N,helpdesk,helpdesk,False,unique_record,rule2_single_source_record
TK-253890,2026-06-09 11:43,2026-06-14 12:52,resolved,email,C107360,,VR901668,fallback_single,VA-EB-PL2,Delivery & Shipping,High,Logistics,A3027,0,2.0,3149.0,3149.0,GW-OTHER,N,helpdesk,helpdesk,False,unique_record,rule2_single_source_record
TK-253903,2026-06-09 20:41,2026-06-09 21:07,resolved,chat,C104297,,VR904223,fallback_single,VA-SW-NX2,Connectivity,Normal,Chat Frontline,A3009,0,5.0,6499.0,6499.0,DOA-REPL,Y,helpdesk,helpdesk,False,unique_record,rule2_single_source_record
TK-253918,2026-06-10 11:22,2026-06-10 12:13,closed,chat,C105465,VR880495,VR880495,quoted_valid,VA-EB-PL2,Returns & Refunds,Normal,Returns Desk,A3037,0,2.0,3499.0,3499.0,RETURN-QC-OK,N,helpdesk,helpdesk,False,unique_record,rule2_single_source_record
TK-253929,2026-06-10 13:40,2026-06-10 20:49,resolved,email,C105588,VR898635,VR898635,quoted_valid,VA-EB-PL1,Other,Normal,Email Frontline,A3018,0,,2124.0,2124.0,GW-OTHER,N,helpdesk,helpdesk,False,unique_record,rule2_single_source_record
TK-253933,2026-06-10 16:39,2026-06-10 18:17,resolved,social,C106531,VR881942,VR881942,quoted_valid,VA-EB-PL1,Connectivity,Normal,Chat Frontline,A3012,0,,2249.0,2249.0,WTY-BUYBACK,N,helpdesk,helpdesk,False,unique_record,rule2_single_source_record
TK-253938,2026-06-10 18:52,2026-06-11 03:47,resolved,email,C105007,VR905847,VR905847,quoted_valid,VA-AC-CH65,Other,Normal,Email Frontline,A3001,0,,1499.0,1499.0,DUP-PAYMENT,N,helpdesk,helpdesk,False,unique_record,rule2_single_source_record
TK-253939,2026-06-10 19:06,2026-06-10 19:20,resolved,chat,C103908,VR893605,VR893605,quoted_valid,VA-EB-PL2,Delivery & Shipping,Normal,Logistics,A3030,0,3.0,3324.0,3324.0,CANCEL,N,helpdesk,helpdesk,False,unique_record,rule2_single_source_record
TK-253941,2026-06-10 22:15,2026-06-11 18:22,closed,social,C107787,VR900816,VR900816,quoted_valid,VA-SP-ORB,Delivery & Shipping,Low,Logistics,A3030,0,2.0,900.0,900.0,GW-OTHER,N,helpdesk,helpdesk,False,unique_record,rule2_single_source_record
TK-253942,2026-06-11 09:23,2026-06-11 17:22,closed,email,C101162,,VR891964,fallback_single,VA-EB-PL1,Billing & Payments,High,Billing,A3035,0,,1999.0,1999.0,DUP-PAYMENT,N,helpdesk,helpdesk,False,unique_record,rule2_single_source_record
TK-253965,2026-06-12 10:41,2026-06-12 10:57,resolved,chat,C101235,VR887070,VR887070,quoted_valid,VA-EB-PL2,Returns & Refunds,Normal,Returns Desk,A3037,0,,3324.0,3324.0,RETURN-QC-OK,N,helpdesk,helpdesk,False,unique_record,rule2_single_source_record
TK-253966,2026-06-12 10:49,2026-06-12 14:50,resolved,email,C107441,VR908750,VR908750,quoted_valid,VA-AC-CASE,Delivery & Shipping,Normal,Logistics,A3030,0,,1299.0,1299.0,GW-OTHER,N,helpdesk,helpdesk,False,unique_record,rule2_single_source_record
TK-253977,2026-06-12 18:03,2026-06-13 18:46,resolved,voice,C108850,VR881886,VR881886,quoted_valid,VA-EB-PL1,Delivery & Shipping,Normal,Logistics,A3030,0,2.0,2124.0,2124.0,WTY-BUYBACK,N,helpdesk,helpdesk,False,unique_record,rule2_single_source_record
TK-253986,2026-06-12 22:44,2026-06-12 23:19,resolved,email,C108429,,VR893432,fallback_single,VA-NB-ARC,Other,High,Email Frontline,A3003,0,,1169.0,1169.0,CANCEL,N,helpdesk,helpdesk,False,unique_record,rule2_single_source_record
TK-253989,2026-06-13 07:38,2026-06-13 19:15,resolved,email,C102086,VR893047,VR893047,quoted_valid,VA-EB-PL2,Charging & Battery,Normal,Email Frontline,A3018,0,,3499.0,3499.0,GW-OTHER,N,helpdesk,helpdesk,False,unique_record,rule2_single_source_record
TK-253991,2026-06-13 09:01,2026-06-13 09:17,resolved,chat,C107748,VR888918,VR888918,quoted_valid,VA-HP-ST3,Delivery & Shipping,Normal,Logistics,A3028,0,4.0,6999.0,6999.0,GW-OTHER,N,helpdesk,helpdesk,False,unique_record,rule2_single_source_record
TK-253996,2026-06-13 10:43,2026-06-13 12:51,resolved,email,C104682,VR893891,VR893891,quoted_valid,VA-SW-NX2,Returns & Refunds,Low,Returns Desk,A3037,0,4.0,12348.0,12348.0,GW-OTHER,N,helpdesk,helpdesk,False,unique_record,rule2_single_source_record
TK-253997,2026-06-13 11:13,2026-06-16 11:39,resolved,chat,C101832,VR882872,VR882872,quoted_valid,VA-HP-ST3,Delivery & Shipping,Low,Logistics,A3027,0,4.0,6299.0,6299.0,GW-OTHER,Y,helpdesk,helpdesk,False,unique_record,rule2_single_source_record
TK-254003,2026-06-13 17:23,2026-06-15 18:47,resolved,email,C108900,VR886607,VR886607,quoted_valid,VA-AC-CH65,Delivery & Shipping,Normal,Logistics,A3030,0,,1349.0,1349.0,WTY-BUYBACK,N,helpdesk,helpdesk,False,unique_record,rule2_single_source_record
TK-254011,2026-06-13 21:57,2026-06-16 02:11,resolved,email,C106166,,,ambiguous,VA-EB-PL1,Returns & Refunds,Normal,Returns Desk,A3037,0,,2374.0,2374.0,GW-OTHER,N,helpdesk,helpdesk,False,unique_record,rule2_single_source_record
TK-254014,2026-06-13 23:56,2026-06-14 00:31,resolved,chat,C105375,VR905116,VR905116,quoted_valid,VA-EB-PL2,Billing & Payments,High,Billing,A3033,0,3.0,2799.0,2799.0,DUP-PAYMENT,N,helpdesk,helpdesk,False,unique_record,rule2_single_source_record
TK-254026,2026-06-14 19:53,2026-06-15 02:06,resolved,email,C101948,,,ambiguous,VA-SW-NX2,Delivery & Shipping,Normal,Logistics,A3031,0,2.0,520.0,520.0,DOA-REPL,N,helpdesk,helpdesk,False,unique_record,rule2_single_source_record
TK-254038,2026-06-15 11:51,2026-06-15 14:54,closed,email,C103254,,VR908148,fallback_single,VA-EB-PL2,Other,Normal,Email Frontline,A3018,0,,2799.0,2799.0,WTY-BUYBACK,N,helpdesk,helpdesk,False,unique_record,rule2_single_source_record
TK-254049,2026-06-15 14:08,2026-06-18 20:45,resolved,social,C103082,,,ambiguous,VA-HP-ST2,Returns & Refunds,Normal,Returns Desk,A3036,0,3.0,4999.0,4999.0,RETURN-QC-OK,N,helpdesk,helpdesk,False,unique_record,rule2_single_source_record
TK-254052,2026-06-15 15:05,2026-06-17 16:38,resolved,voice,C104359,VR880793,VR880793,quoted_valid,VA-NB-ARC,Returns & Refunds,Normal,Returns Desk,A3036,0,4.0,1299.0,1299.0,RETURN-QC-OK,N,helpdesk,helpdesk,False,unique_record,rule2_single_source_record
TK-254056,2026-06-15 17:42,2026-06-15 18:01,resolved,chat,C103899,VR887232,VR887232,quoted_valid,VA-HP-ST2,Billing & Payments,High,Billing,A3035,0,,1000.0,1000.0,GW-OTHER,N,helpdesk,helpdesk,False,unique_record,rule2_single_source_record
TK-254064,2026-06-15 20:17,2026-06-19 02:32,resolved,email,C106363,,VR892779,fallback_single,VA-EB-PL2,Other,Normal,Email Frontline,A3001,0,3.0,3149.0,3149.0,GW-OTHER,Y,helpdesk,helpdesk,False,unique_record,rule2_single_source_record
TK-254070,2026-06-16 08:48,2026-06-16 09:37,resolved,social,C105882,VR909457,VR909457,quoted_valid,VA-EB-PL1,Billing & Payments,High,Billing,A3029,1,2.0,2499.0,2499.0,CANCEL,N,helpdesk,helpdesk,False,unique_record,rule2_single_source_record
TK-254083,2026-06-16 14:51,2026-06-16 15:40,resolved,social,C107202,,VR896387,fallback_single,VA-EB-PL1,Returns & Refunds,Normal,Returns Desk,A3036,0,5.0,4998.0,4998.0,GW-OTHER,N,helpdesk,helpdesk,False,unique_record,rule2_single_source_record
TK-254087,2026-06-16 20:17,,open,email,C104691,VR894304,VR894304,quoted_valid,VA-SW-NX2,Other,Low,Email Frontline,A3001,0,4.0,6174.0,6174.0,CANCEL,N,helpdesk,helpdesk,False,unique_record,rule2_single_source_record
TK-254090,2026-06-16 20:29,2026-06-16 21:30,resolved,voice,C101944,,VR891667,fallback_single,VA-HP-ST3,Billing & Payments,Normal,Billing,A3035,0,,6999.0,6999.0,DUP-PAYMENT,N,helpdesk,helpdesk,False,unique_record,rule2_single_source_record
TK-254094,2026-06-17 00:53,2026-06-18 04:49,resolved,email,C105588,VR898635,VR898635,quoted_valid,VA-EB-PL1,Delivery & Shipping,High,Logistics,A3031,0,2.0,2124.0,2124.0,DOA-REPL,N,helpdesk,helpdesk,False,unique_record,rule2_single_source_record
TK-254104,2026-06-17 10:27,2026-06-17 12:28,resolved,email,C100380,,VR904371,fallback_single,VA-NB-ARC,Other,High,Email Frontline,A3021,0,,130.0,130.0,DUP-PAYMENT,N,helpdesk,helpdesk,False,unique_record,rule2_single_source_record
TK-254112,2026-06-17 15:55,2026-06-19 16:27,resolved,chat,C107516,VR905218,VR905218,quoted_valid,VA-EB-PL1,Delivery & Shipping,Normal,Logistics,A3030,0,,319.0,319.0,LOST-TRANSIT,N,helpdesk,helpdesk,False,unique_record,rule2_single_source_record
TK-254121,2026-06-17 21:14,2026-06-18 23:20,closed,email,C103550,VR889794,VR889794,quoted_valid,VA-EB-AIR,Returns & Refunds,High,Returns Desk,A3038,0,,1799.0,1799.0,RETURN-QC-OK,N,helpdesk,helpdesk,False,unique_record,rule2_single_source_record
TK-254122,2026-06-17 22:07,2026-06-17 22:40,resolved,chat,C102949,,VR905997,fallback_single,VA-HP-ST2,Billing & Payments,High,Billing,A3013,1,,4999.0,4999.0,DUP-PAYMENT,N,helpdesk,helpdesk,False,unique_record,rule2_single_source_record
TK-254125,2026-06-18 06:19,2026-06-18 06:46,resolved,chat,C104299,VR889056,VR889056,quoted_valid,VA-EB-PL2,Billing & Payments,High,Billing,A3034,0,5.0,3499.0,3499.0,GW-OTHER,N,helpdesk,helpdesk,False,unique_record,rule2_single_source_record
TK-254130,2026-06-18 11:08,2026-06-18 21:07,resolved,email,C103570,VR897012,VR897012,quoted_valid,VA-EB-PL1,Other,Normal,Email Frontline,A3018,0,,2374.0,2374.0,CANCEL,N,helpdesk,helpdesk,False,unique_record,rule2_single_source_record
TK-254135,2026-06-18 13:24,2026-06-20 17:53,resolved,voice,C103008,,VR885619,fallback_single,VA-EB-PL2,Warranty & Repair,Normal,Escalations & Warranty,A3041,0,,2799.0,2799.0,WTY-BUYBACK,Y,helpdesk,helpdesk,False,unique_record,rule2_single_source_record
TK-254136,2026-06-18 13:51,2026-06-18 14:34,resolved,chat,C108181,VR909148,VR909148,quoted_valid,VA-AC-CBL,Billing & Payments,High,Billing,A3035,0,4.0,399.0,399.0,DUP-PAYMENT,N,helpdesk,helpdesk,False,unique_record,rule2_single_source_record
TK-254143,2026-06-18 19:55,2026-06-18 20:44,resolved,voice,C100912,VR908174,VR908174,quoted_valid,VA-EB-PL2,Other,Normal,Voice Frontline,A3026,0,3.0,2974.0,2974.0,CANCEL,N,helpdesk,helpdesk,False,unique_record,rule2_single_source_record
TK-254153,2026-06-19 07:21,2026-06-19 12:43,resolved,email,C107608,,VR900490,fallback_single,VA-SW-NX2,Billing & Payments,Normal,Billing,A3032,0,5.0,975.0,975.0,DUP-PAYMENT,N,helpdesk,helpdesk,False,unique_record,rule2_single_source_record
TK-254155,2026-06-19 08:58,2026-06-19 10:03,resolved,voice,C105723,,,ambiguous,VA-EB-PL2,Other,High,Voice Frontline,A3024,0,,2799.0,2799.0,GW-OTHER,N,helpdesk,helpdesk,False,unique_record,rule2_single_source_record
TK-254157,2026-06-19 10:54,,open,chat,C102376,VR884658,VR884658,quoted_valid,VA-EB-PL2,Billing & Payments,High,Billing,A3032,0,4.0,3499.0,3499.0,PRICE-ADJ,N,helpdesk,helpdesk,False,unique_record,rule2_single_source_record
TK-254168,2026-06-20 00:21,2026-06-23 03:25,resolved,email,C107134,VR900496,VR900496,quoted_valid,VA-AC-CH65,Delivery & Shipping,Normal,Logistics,A3029,1,4.0,1499.0,1499.0,GW-OTHER,N,helpdesk,helpdesk,False,unique_record,rule2_single_source_record
TK-254169,2026-06-20 05:02,2026-06-20 07:19,resolved,email,C108040,,,ambiguous,VA-EB-PL2,Other,Low,Email Frontline,A3022,0,,297.0,297.0,CANCEL,N,helpdesk,helpdesk,False,unique_record,rule2_single_source_record
TK-254172,2026-06-20 09:48,2026-06-25 14:12,resolved,voice,C107138,VR890959,VR890959,quoted_valid,VA-SW-NX2,Warranty & Repair,Normal,Escalations & Warranty,A3039,0,,6499.0,6499.0,GW-OTHER,Y,helpdesk,helpdesk,False,unique_record,rule2_single_source_record
TK-254183,2026-06-20 12:45,2026-06-22 14:01,closed,voice,C105120,VR885534,VR885534,quoted_valid,VA-SW-NX2,Delivery & Shipping,High,Logistics,A3028,0,3.0,6174.0,6174.0,DOA-REPL,N,helpdesk,helpdesk,False,unique_record,rule2_single_source_record
TK-254197,2026-06-20 19:02,2026-06-20 23:04,closed,email,C108028,VR893107,VR893107,quoted_valid,VA-EB-PL2,Billing & Payments,High,Billing,A3034,0,,3499.0,3499.0,GW-OTHER,N,helpdesk,helpdesk,False,unique_record,rule2_single_source_record
TK-254202,2026-06-20 21:28,2026-06-20 22:37,resolved,voice,C107099,VR893231,VR893231,quoted_valid,VA-EB-AIR,Charging & Battery,Normal,Voice Frontline,A3003,0,,1709.0,1709.0,GW-OTHER,Y,helpdesk,helpdesk,False,unique_record,rule2_single_source_record
TK-254212,2026-06-21 09:47,2026-06-21 10:02,resolved,chat,C106429,VR902685,VR902685,quoted_valid,VA-NB-ARC,Billing & Payments,High,Billing,A3032,0,4.0,1039.0,1039.0,PRICE-ADJ,N,helpdesk,helpdesk,False,unique_record,rule2_single_source_record
TK-254226,2026-06-21 13:23,2026-06-21 13:40,resolved,chat,C104636,VR892986,VR892986,quoted_valid,VA-EB-PL2,Connectivity,Normal,Chat Frontline,A3013,0,,3324.0,3324.0,DOA-REPL,Y,helpdesk,helpdesk,False,unique_record,rule2_single_source_record
TK-254227,2026-06-21 13:48,2026-06-21 15:44,resolved,email,C106292,VR898566,VR898566,quoted_valid,VA-NB-ARC,Billing & Payments,High,Billing,A3035,0,2.0,130.0,130.0,DUP-PAYMENT,N,helpdesk,helpdesk,False,unique_record,rule2_single_source_record
TK-254231,2026-06-21 16:59,2026-06-23 17:54,resolved,voice,C100942,VR882860,VR882860,quoted_valid,VA-EB-PL2,Returns & Refunds,Low,Returns Desk,A3036,0,,3499.0,3499.0,RETURN-QC-OK,N,helpdesk,helpdesk,False,unique_record,rule2_single_source_record
TK-254237,2026-06-21 18:15,2026-06-24 19:00,resolved,email,C103010,VR885469,VR885469,quoted_valid,VA-AC-CASE,Returns & Refunds,Normal,Returns Desk,A3036,0,3.0,1104.0,1104.0,RETURN-QC-OK,N,helpdesk,helpdesk,False,unique_record,rule2_single_source_record
TK-254241,2026-06-21 19:38,2026-06-21 20:58,resolved,voice,C100664,,,ambiguous,VA-EB-PL2,Billing & Payments,High,Billing,A3035,0,5.0,665.0,665.0,DUP-PAYMENT,N,helpdesk,helpdesk,False,unique_record,rule2_single_source_record
TK-254243,2026-06-21 19:49,2026-06-21 20:20,resolved,chat,C106153,,VR902248,fallback_single,VA-SW-FIT,Billing & Payments,High,Billing,A3035,0,,200.0,200.0,GW-OTHER,N,helpdesk,helpdesk,False,unique_record,rule2_single_source_record
TK-254244,2026-06-21 23:51,2026-06-23 00:21,resolved,chat,C105880,VR892316,VR892316,quoted_valid,VA-AC-CASE,Returns & Refunds,Normal,Returns Desk,A3037,0,,1169.0,1169.0,RETURN-QC-OK,N,helpdesk,helpdesk,False,unique_record,rule2_single_source_record
TK-254245,2026-06-22 00:07,2026-06-22 00:30,resolved,chat,C100239,VR890995,VR890995,quoted_valid,VA-SW-FIT,Other,Normal,Chat Frontline,A3003,1,4.0,850.0,850.0,CANCEL,N,helpdesk,helpdesk,False,unique_record,rule2_single_source_record
TK-254248,2026-06-22 07:34,2026-06-25 08:05,resolved,chat,C107597,VR887630,VR887630,quoted_valid,VA-AC-CASE,Returns & Refunds,Normal,Returns Desk,A3037,0,,1169.0,1169.0,RETURN-QC-OK,N,helpdesk,helpdesk,False,unique_record,rule2_single_source_record
TK-254251,2026-06-22 09:45,2026-06-24 11:29,resolved,email,C107055,,VR901156,fallback_single,VA-NB-ARC,Returns & Refunds,Normal,Returns Desk,A3038,0,,1169.0,1169.0,RETURN-QC-OK,N,helpdesk,helpdesk,False,unique_record,rule2_single_source_record
TK-254260,2026-06-22 14:26,2026-06-23 14:49,resolved,chat,C107254,,VR891720,fallback_single,VA-SP-ORB,Delivery & Shipping,Normal,Logistics,A3030,0,2.0,5099.0,5099.0,GW-OTHER,N,helpdesk,helpdesk,False,unique_record,rule2_single_source_record
TK-254266,2026-06-22 16:21,2026-06-27 16:49,resolved,chat,C100935,VR884972,VR884972,quoted_valid,VA-EB-PL2,Other,Normal,Chat Frontline,A3015,0,4.0,2974.0,2974.0,DOA-REPL,N,helpdesk,helpdesk,False,unique_record,rule2_single_source_record
TK-254270,2026-06-22 19:02,2026-06-23 22:38,resolved,social,C108413,VR896029,VR896029,quoted_valid,VA-EB-AIR,Returns & Refunds,Normal,Returns Desk,A3037,0,4.0,1529.0,1529.0,GW-OTHER,N,helpdesk,helpdesk,False,unique_record,rule2_single_source_record
TK-254279,2026-06-22 21:35,2026-06-24 23:12,resolved,social,C108565,VR889496,VR889496,quoted_valid,VA-HP-ST3,Returns & Refunds,Normal,Returns Desk,A3038,0,,3500.0,3500.0,RETURN-QC-OK,N,helpdesk,helpdesk,False,unique_record,rule2_single_source_record
TK-254285,2026-06-23 09:28,2026-06-23 11:08,resolved,social,C107308,VR891204,VR891204,quoted_valid,VA-EB-AIR,Returns & Refunds,Normal,Returns Desk,A3037,0,4.0,270.0,270.0,GW-OTHER,N,helpdesk,helpdesk,False,unique_record,rule2_single_source_record
TK-254289,2026-06-23 11:54,2026-06-23 22:50,resolved,email,C102776,VR909863,VR909863,quoted_valid,VA-AC-CASE,Delivery & Shipping,High,Logistics,A3028,0,2.0,1039.0,1039.0,GW-OTHER,N,helpdesk,helpdesk,False,unique_record,rule2_single_source_record
TK-254296,2026-06-23 15:02,2026-06-24 04:24,resolved,email,C102490,,VR899332,fallback_single,VA-AC-CASE,Returns & Refunds,High,Returns Desk,A3038,0,3.0,1299.0,1299.0,GW-OTHER,N,helpdesk,helpdesk,False,unique_record,rule2_single_source_record
TK-254297,2026-06-23 17:24,2026-06-23 17:53,resolved,chat,C103905,VR880244,VR880244,quoted_valid,VA-SW-NX2,Billing & Payments,High,Billing,A3035,0,4.0,5849.0,5849.0,DUP-PAYMENT,N,helpdesk,helpdesk,False,unique_record,rule2_single_source_record
TK-254298,2026-06-23 19:24,2026-06-23 19:54,resolved,chat,C103328,,VR898545,fallback_single,VA-NB-ARC,Charging & Battery,Normal,Chat Frontline,A3022,2,,1299.0,1299.0,GW-OTHER,Y,helpdesk,helpdesk,False,unique_record,rule2_single_source_record
TK-254301,2026-06-23 19:57,2026-06-23 20:48,resolved,voice,C101430,,,ambiguous,VA-EB-PL2,Audio Quality,Normal,Voice Frontline,A3026,0,4.0,3324.0,3324.0,GW-OTHER,N,helpdesk,helpdesk,False,unique_record,rule2_single_source_record
TK-254302,2026-06-23 21:03,2026-06-23 21:28,resolved,chat,C100873,VR900306,VR900306,quoted_valid,VA-EB-PL2,Billing & Payments,High,Billing,A3035,0,,3499.0,3499.0,GW-OTHER,N,helpdesk,helpdesk,False,unique_record,rule2_single_source_record
TK-254306,2026-06-24 09:22,2026-06-24 12:52,resolved,email,C104709,,VR908116,fallback_single,VA-EB-PL2,Billing & Payments,High,Billing,A3032,0,3.0,3324.0,3324.0,CANCEL,N,helpdesk,helpdesk,False,unique_record,rule2_single_source_record
TK-254315,2026-06-24 12:40,2026-06-26 15:47,resolved,email,C104171,,VR894069,fallback_single,VA-EB-PL2,Returns & Refunds,Normal,Returns Desk,A3036,0,,2974.0,2974.0,RETURN-QC-OK,N,helpdesk,helpdesk,False,unique_record,rule2_single_source_record
TK-254317,2026-06-24 14:45,2026-06-24 15:20,resolved,chat,C108557,VR892397,VR892397,quoted_valid,VA-EB-AIR,Connectivity,Normal,Chat Frontline,A3008,0,4.0,1799.0,1799.0,GW-OTHER,N,helpdesk,helpdesk,False,unique_record,rule2_single_source_record
TK-254328,2026-06-24 19:46,2026-06-24 20:44,resolved,chat,C108316,,VR897926,fallback_single,VA-EB-PL2,Other,Normal,Chat Frontline,A3008,0,,3149.0,3149.0,GW-OTHER,Y,helpdesk,helpdesk,False,unique_record,rule2_single_source_record
TK-254330,2026-06-24 20:26,2026-06-24 20:50,resolved,chat,C103805,VR901211,VR901211,quoted_valid,VA-EB-PL2,Billing & Payments,High,Billing,A3035,0,3.0,700.0,700.0,PRICE-ADJ,N,helpdesk,helpdesk,False,unique_record,rule2_single_source_record
TK-254332,2026-06-24 20:57,2026-06-24 22:11,resolved,voice,C102844,VR894337,VR894337,quoted_valid,VA-EB-PL1,Returns & Refunds,Normal,Returns Desk,A3036,0,5.0,2124.0,2124.0,RETURN-QC-OK,N,helpdesk,helpdesk,False,unique_record,rule2_single_source_record
TK-254333,2026-06-24 21:44,2026-06-24 22:23,resolved,chat,C104136,VR909647,VR909647,quoted_valid,VA-EB-PL2,Billing & Payments,Low,Billing,A3035,0,,1662.0,1662.0,DUP-PAYMENT,N,helpdesk,helpdesk,False,unique_record,rule2_single_source_record
TK-254338,2026-06-25 00:24,2026-06-26 02:18,resolved,social,C109335,VR908361,VR908361,quoted_valid,VA-HP-ST3,Billing & Payments,High,Billing,A3033,0,3.0,6999.0,6999.0,RETURN-QC-OK,N,helpdesk,helpdesk,False,unique_record,rule2_single_source_record
TK-254348,2026-06-25 13:18,2026-06-30 17:01,resolved,social,C104697,,VR890646,fallback_single,VA-EB-AIR,Audio Quality,Normal,Chat Frontline,A3044,1,5.0,1709.0,1709.0,GW-OTHER,Y,helpdesk,helpdesk,False,unique_record,rule2_single_source_record
TK-254361,2026-06-25 18:59,2026-06-28 19:34,resolved,chat,C105144,,VR900941,fallback_single,VA-SP-MINI,Returns & Refunds,High,Returns Desk,A3036,0,4.0,2499.0,2499.0,GW-OTHER,N,helpdesk,helpdesk,False,unique_record,rule2_single_source_record
TK-254364,2026-06-25 22:42,2026-06-26 01:31,resolved,email,C109061,VR883160,VR883160,quoted_valid,VA-HP-ST2,Billing & Payments,High,Billing,A3034,0,,4999.0,4999.0,GW-OTHER,N,helpdesk,helpdesk,False,unique_record,rule2_single_source_record
TK-254367,2026-06-25 23:56,2026-06-26 01:32,resolved,email,C105880,VR892316,VR892316,quoted_valid,VA-AC-CASE,Other,Normal,Email Frontline,A3017,0,4.0,1169.0,1169.0,CANCEL,N,helpdesk,helpdesk,False,unique_record,rule2_single_source_record
TK-254368,2026-06-26 01:31,2026-06-26 03:20,closed,social,C101072,VR891238,VR891238,quoted_valid,VA-EB-AIR,Other,Normal,Chat Frontline,A3003,0,,1799.0,1799.0,GW-OTHER,N,helpdesk,helpdesk,False,unique_record,rule2_single_source_record
TK-254372,2026-06-26 06:57,2026-06-27 10:45,resolved,social,C103416,VR905452,VR905452,quoted_valid,VA-EB-PL2,Returns & Refunds,Normal,Returns Desk,A3038,0,5.0,350.0,350.0,GW-OTHER,N,helpdesk,helpdesk,False,unique_record,rule2_single_source_record
TK-254381,2026-06-26 11:46,2026-06-26 12:19,closed,chat,C101879,VR908615,VR908615,quoted_valid,VA-EB-AIR,Connectivity,Normal,Chat Frontline,A3006,0,,1709.0,1709.0,GW-OTHER,Y,helpdesk,helpdesk,False,unique_record,rule2_single_source_record
TK-254384,2026-06-26 12:38,2026-06-26 16:23,resolved,email,C109310,VR888895,VR888895,quoted_valid,VA-EB-PL1,Delivery & Shipping,Normal,Logistics,A3030,0,,2124.0,2124.0,GW-OTHER,N,helpdesk,helpdesk,False,unique_record,rule2_single_source_record
TK-254401,2026-06-26 20:29,2026-07-01 20:49,resolved,chat,C100333,,,ambiguous,VA-EB-PL2,Delivery & Shipping,High,Logistics,A3030,0,4.0,2799.0,2799.0,GW-OTHER,N,helpdesk,helpdesk,False,unique_record,rule2_single_source_record
TK-254410,2026-06-27 07:59,2026-06-29 08:36,resolved,chat,C103579,VR899218,VR899218,quoted_valid,VA-SP-MINI,Returns & Refunds,Normal,Returns Desk,A3037,0,3.0,2499.0,2499.0,GW-OTHER,N,helpdesk,helpdesk,False,unique_record,rule2_single_source_record
TK-254433,2026-06-27 20:15,2026-06-28 00:20,closed,email,C103860,,,ambiguous,VA-EB-PL2,Charging & Battery,Normal,Email Frontline,A3001,0,4.0,3324.0,3324.0,GW-OTHER,N,helpdesk,helpdesk,False,unique_record,rule2_single_source_record
TK-254439,2026-06-28 09:20,2026-06-28 09:38,resolved,chat,C101010,VR894791,VR894791,quoted_valid,VA-EB-AIR,Connectivity,Low,Chat Frontline,A3010,0,,1529.0,1529.0,GW-OTHER,N,helpdesk,helpdesk,False,unique_record,rule2_single_source_record
TK-254446,2026-06-28 11:40,,open,email,C108860,,VR899581,fallback_single,VA-SW-NX1,Billing & Payments,High,Billing,A3035,0,3.0,4249.0,4249.0,DUP-PAYMENT,N,helpdesk,helpdesk,False,unique_record,rule2_single_source_record
TK-254449,2026-06-28 12:26,2026-07-10 15:05,resolved,chat,C105815,VR897482,VR897482,quoted_valid,VA-SW-NX2,Warranty & Repair,Low,Escalations & Warranty,A3039,0,3.0,6499.0,6499.0,GW-OTHER,N,helpdesk,helpdesk,False,unique_record,rule2_single_source_record
TK-254455,2026-06-28 14:02,2026-06-30 18:05,resolved,email,C101146,VR904919,VR904919,quoted_valid,VA-SP-MINI,Delivery & Shipping,High,Logistics,A3030,0,,500.0,500.0,DOA-REPL,N,helpdesk,helpdesk,False,unique_record,rule2_single_source_record
TK-254458,2026-06-28 15:41,2026-07-03 19:16,resolved,email,C100724,VR904806,VR904806,quoted_valid,VA-AC-CASE,Delivery & Shipping,High,Logistics,A3030,0,2.0,1299.0,1299.0,DOA-REPL,N,helpdesk,helpdesk,False,unique_record,rule2_single_source_record
TK-254459,2026-06-28 16:23,2026-06-28 16:39,resolved,chat,C101656,VR902804,VR902804,quoted_valid,VA-EB-PL2,Other,Normal,Chat Frontline,A3015,0,,3324.0,3324.0,CANCEL,N,helpdesk,helpdesk,False,unique_record,rule2_single_source_record
TK-254465,2026-06-28 18:14,2026-06-30 19:01,resolved,email,C106149,VR896666,VR896666,quoted_valid,VA-EB-PL2,Returns & Refunds,Normal,Returns Desk,A3036,0,3.0,3324.0,3324.0,GW-OTHER,Y,helpdesk,helpdesk,False,unique_record,rule2_single_source_record
TK-254466,2026-06-28 20:32,2026-06-28 21:50,resolved,voice,C102650,VR885191,VR885191,quoted_valid,VA-SW-FIT,Charging & Battery,Low,Voice Frontline,A3026,0,,1699.0,1699.0,GW-OTHER,Y,helpdesk,helpdesk,False,unique_record,rule2_single_source_record
TK-254467,2026-06-28 21:17,2026-06-28 22:32,resolved,voice,C108417,,VR891896,fallback_single,VA-EB-PL1,Billing & Payments,Normal,Billing,A3035,1,,250.0,250.0,GW-OTHER,N,helpdesk,helpdesk,False,unique_record,rule2_single_source_record
TK-254469,2026-06-28 22:30,2026-06-28 22:47,resolved,chat,C103116,VR906851,VR906851,quoted_valid,VA-AC-CBL,Other,Normal,Chat Frontline,A3003,0,,319.0,319.0,GW-OTHER,N,helpdesk,helpdesk,False,unique_record,rule2_single_source_record
TK-254474,2026-06-29 08:28,2026-06-29 08:45,resolved,chat,C101162,,VR891964,fallback_single,VA-EB-PL1,Returns & Refunds,High,Returns Desk,A3037,0,3.0,1999.0,1999.0,RETURN-QC-OK,N,helpdesk,helpdesk,False,unique_record,rule2_single_source_record
TK-254475,2026-06-29 08:53,2026-07-01 09:31,resolved,chat,C104489,VR901533,VR901533,quoted_valid,VA-SW-NX1,Returns & Refunds,Low,Returns Desk,A3037,0,,2500.0,2500.0,RETURN-QC-OK,N,helpdesk,helpdesk,False,unique_record,rule2_single_source_record
TK-254480,2026-06-29 11:49,2026-06-29 13:15,resolved,voice,C105119,VR900631,VR900631,quoted_valid,VA-EB-PL2,Connectivity,Normal,Voice Frontline,A3025,0,5.0,332.0,332.0,GW-OTHER,N,helpdesk,helpdesk,False,unique_record,rule2_single_source_record
TK-254481,2026-06-29 12:15,2026-07-02 12:37,resolved,chat,C100069,VR891785,VR891785,quoted_valid,VA-AC-CASE,Returns & Refunds,Normal,Returns Desk,A3037,0,,166.0,166.0,GW-OTHER,N,helpdesk,helpdesk,False,unique_record,rule2_single_source_record
TK-254485,2026-06-29 14:13,2026-07-04 15:26,resolved,social,C100319,,VR885286,fallback_single,VA-SW-NX1,Other,Normal,Chat Frontline,A3005,0,,4999.0,4999.0,LOST-TRANSIT,N,helpdesk,helpdesk,False,unique_record,rule2_single_source_record
TK-254487,2026-06-29 14:36,2026-06-29 17:07,resolved,email,C102949,,VR905997,fallback_single,VA-HP-ST2,Other,Normal,Email Frontline,A3018,0,,4999.0,4999.0,DUP-PAYMENT,N,helpdesk,helpdesk,False,unique_record,rule2_single_source_record
TK-254495,2026-06-29 18:31,2026-06-30 04:38,resolved,email,C104432,VR896324,VR896324,quoted_valid,VA-AC-CASE,Other,Low,Email Frontline,A3001,0,4.0,1169.0,1169.0,GW-OTHER,N,helpdesk,helpdesk,False,unique_record,rule2_single_source_record
TK-254497,2026-06-29 20:11,2026-06-29 20:25,resolved,chat,C104322,VR909407,VR909407,quoted_valid,VA-SW-NX2,Other,Normal,Chat Frontline,A3012,0,4.0,5199.0,5199.0,GW-OTHER,N,helpdesk,helpdesk,False,unique_record,rule2_single_source_record
TK-254499,2026-06-29 20:32,2026-06-29 21:38,resolved,voice,C100527,VR901408,VR901408,quoted_valid,VA-SW-FIT,Other,High,Voice Frontline,A3016,1,3.0,1000.0,1000.0,GW-OTHER,N,helpdesk,helpdesk,False,unique_record,rule2_single_source_record
TK-254504,2026-06-29 23:59,2026-07-01 00:17,closed,chat,C105992,VR885073,VR885073,quoted_valid,VA-SW-NX2,Other,Normal,Chat Frontline,A3002,0,,6174.0,6174.0,GW-OTHER,N,helpdesk,helpdesk,False,unique_record,rule2_single_source_record
TK-254506,2026-06-30 04:15,2026-06-30 05:47,resolved,social,C106951,VR894334,VR894334,quoted_valid,VA-SP-MINI,Billing & Payments,High,Billing,A3033,0,,425.0,425.0,RETURN-QC-OK,N,helpdesk,helpdesk,False,unique_record,rule2_single_source_record
TK-254511,2026-06-30 08:13,2026-07-03 08:39,resolved,chat,C100434,,VR902030,fallback_single,VA-EB-PL1,Returns & Refunds,Normal,Returns Desk,A3037,0,,2499.0,2499.0,GW-OTHER,N,helpdesk,helpdesk,False,unique_record,rule2_single_source_record
TK-254521,2026-06-30 12:45,2026-06-30 13:03,resolved,chat,C107516,VR905218,VR905218,quoted_valid,VA-EB-PL1,Charging & Battery,Normal,Chat Frontline,A3006,0,5.0,2124.0,2124.0,GW-OTHER,Y,helpdesk,helpdesk,False,unique_record,rule2_single_source_record
TK-254527,2026-06-30 17:14,2026-07-05 19:53,resolved,email,C108287,VR903625,VR903625,quoted_valid,VA-EB-PL2,Delivery & Shipping,Normal,Logistics,A3030,0,,1487.0,1487.0,DOA-REPL,N,helpdesk,helpdesk,False,unique_record,rule2_single_source_record
TK-254530,2026-06-30 17:39,2026-06-30 18:03,resolved,chat,C101933,VR892716,VR892716,quoted_valid,VA-EB-PL2,Other,High,Chat Frontline,A3004,0,,700.0,700.0,CANCEL,N,helpdesk,helpdesk,False,unique_record,rule2_single_source_record
TK-254533,2026-06-30 17:53,2026-06-30 20:40,resolved,social,C101430,,,ambiguous,VA-EB-PL2,Other,Normal,Chat Frontline,A3012,0,,3149.0,3149.0,CANCEL,N,helpdesk,helpdesk,False,unique_record,rule2_single_source_record
TK-254538,2026-06-30 20:06,2026-07-02 01:02,resolved,email,C106731,VR881510,VR881510,quoted_valid,VA-SW-FIT,Returns & Refunds,Normal,Returns Desk,A3038,0,4.0,340.0,340.0,RETURN-QC-OK,N,helpdesk,helpdesk,False,unique_record,rule2_single_source_record
