ticket_id,existing_reason_code,predicted_reason_code,confidence,review_priority,review_required,refund_amount_inr_normalized,evidence_text,explanation
TK-240829,GW-OTHER,LOST-TRANSIT,0.925,HIGH,True,13998.0,not delivered; lost in transit,Carrier transit failure or confirmed non-delivery
TK-245084,GW-OTHER,,0.2,HIGH,True,13998.0,No distinctive policy keywords detected,Insufficient evidence in ticket text to support automatic re-classification.
TK-240120,GW-OTHER,RETURN-QC-OK,0.75,HIGH,True,13298.0,reverse pkp,Return reverse pickup / QC passed confirmation
TK-243157,GW-OTHER,,0.2,HIGH,True,12998.0,No distinctive policy keywords detected,Insufficient evidence in ticket text to support automatic re-classification.
TK-243215,GW-OTHER,CANCEL,0.95,HIGH,True,12998.0,cancel my order; Cancellation request; cancel,Explicit pre-dispatch cancellation request; Cancellation term detected
TK-248840,GW-OTHER,WTY-BUYBACK,0.6,HIGH,True,12598.0,rma,Moderate match: Warranty / service centre reference
TK-250580,GW-OTHER,,0.2,HIGH,True,12348.0,No distinctive policy keywords detected,Insufficient evidence in ticket text to support automatic re-classification.
TK-250886,GW-OTHER,,0.2,HIGH,True,12348.0,No distinctive policy keywords detected,Insufficient evidence in ticket text to support automatic re-classification.
TK-253996,GW-OTHER,,0.2,HIGH,True,12348.0,No distinctive policy keywords detected,Insufficient evidence in ticket text to support automatic re-classification.
TK-245488,GW-OTHER,WTY-BUYBACK,0.6,HIGH,True,11898.0,RMA,Moderate match: Warranty / service centre reference
TK-246379,GW-OTHER,GW-OTHER,0.45,HIGH,True,11898.0,goodwill,Weak indicator for GW-OTHER; confidence below decision threshold.
TK-247120,GW-OTHER,,0.2,HIGH,True,11398.0,No distinctive policy keywords detected,Insufficient evidence in ticket text to support automatic re-classification.
TK-250470,GW-OTHER,RETURN-QC-OK,0.45,HIGH,True,11048.0,return,Weak indicator for RETURN-QC-OK; confidence below decision threshold.
TK-245274,GW-OTHER,RETURN-QC-OK,0.75,HIGH,True,9998.0,reverse pickup,Return reverse pickup / QC passed confirmation
TK-246313,GW-OTHER,,0.2,HIGH,True,9998.0,No distinctive policy keywords detected,Insufficient evidence in ticket text to support automatic re-classification.
TK-251831,GW-OTHER,RETURN-QC-OK,0.95,HIGH,True,9498.0,money for the return; reverse pickup; return,Return reverse pickup / QC passed confirmation; General return term detected
TK-240307,GW-OTHER,CANCEL,0.85,HIGH,True,8998.0,cancel my order; cancel,Explicit pre-dispatch cancellation request; Cancellation term detected
TK-241883,GW-OTHER,,0.2,HIGH,True,8998.0,No distinctive policy keywords detected,Insufficient evidence in ticket text to support automatic re-classification.
TK-242130,GW-OTHER,,0.2,HIGH,True,8998.0,No distinctive policy keywords detected,Insufficient evidence in ticket text to support automatic re-classification.
TK-252703,GW-OTHER,WTY-BUYBACK,0.6,HIGH,True,7998.0,RMA,Moderate match: Warranty / service centre reference
TK-240146,GW-OTHER,,0.2,HIGH,True,6999.0,No distinctive policy keywords detected,Insufficient evidence in ticket text to support automatic re-classification.
TK-240682,GW-OTHER,CANCEL,0.95,HIGH,True,6999.0,cancelled before dispatch; cancel; cancelled,Explicit pre-dispatch cancellation request; Cancellation term detected
TK-241062,GW-OTHER,,0.2,HIGH,True,6999.0,No distinctive policy keywords detected,Insufficient evidence in ticket text to support automatic re-classification.
TK-241845,GW-OTHER,,0.2,HIGH,True,6999.0,No distinctive policy keywords detected,Insufficient evidence in ticket text to support automatic re-classification.
TK-242055,GW-OTHER,,0.2,HIGH,True,6999.0,No distinctive policy keywords detected,Insufficient evidence in ticket text to support automatic re-classification.
TK-242270,GW-OTHER,RETURN-QC-OK,0.825,HIGH,True,6999.0,money for the return; return,Return reverse pickup / QC passed confirmation; General return term detected
TK-242985,GW-OTHER,,0.2,HIGH,True,6999.0,No distinctive policy keywords detected,Insufficient evidence in ticket text to support automatic re-classification.
TK-244677,GW-OTHER,,0.2,HIGH,True,6999.0,No distinctive policy keywords detected,Insufficient evidence in ticket text to support automatic re-classification.
TK-245048,GW-OTHER,,0.2,HIGH,True,6999.0,No distinctive policy keywords detected,Insufficient evidence in ticket text to support automatic re-classification.
TK-245141,GW-OTHER,WTY-BUYBACK,0.6,HIGH,True,6999.0,rma,Moderate match: Warranty / service centre reference
TK-245326,GW-OTHER,WTY-BUYBACK,0.95,HIGH,True,6999.0,rma status; service centre; rma,Warranty service claim / unrepairable hardware RMA; Warranty / service centre reference
TK-245440,GW-OTHER,CANCEL,0.95,HIGH,True,6999.0,cancellation request; cancel; cancel,Explicit pre-dispatch cancellation request; Cancellation term detected
TK-245745,GW-OTHER,,0.2,HIGH,True,6999.0,No distinctive policy keywords detected,Insufficient evidence in ticket text to support automatic re-classification.
TK-245871,GW-OTHER,LOST-TRANSIT,0.75,HIGH,True,6999.0,not delivered,Carrier transit failure or confirmed non-delivery
TK-246170,GW-OTHER,,0.2,HIGH,True,6999.0,No distinctive policy keywords detected,Insufficient evidence in ticket text to support automatic re-classification.
TK-247145,GW-OTHER,GW-OTHER,0.45,HIGH,True,6999.0,goodwill,Weak indicator for GW-OTHER; confidence below decision threshold.
TK-247342,GW-OTHER,,0.2,HIGH,True,6999.0,No distinctive policy keywords detected,Insufficient evidence in ticket text to support automatic re-classification.
TK-247661,GW-OTHER,,0.2,HIGH,True,6999.0,No distinctive policy keywords detected,Insufficient evidence in ticket text to support automatic re-classification.
TK-248352,GW-OTHER,DOA-REPL,0.75,HIGH,True,6999.0,doa,Dead on Arrival / unboxing hardware failure
TK-249067,GW-OTHER,,0.2,HIGH,True,6999.0,No distinctive policy keywords detected,Insufficient evidence in ticket text to support automatic re-classification.
TK-249163,GW-OTHER,DUP-PAYMENT,0.775,HIGH,True,6999.0,duplicate payment,Duplicate payment or double debit reported
TK-251856,GW-OTHER,,0.2,HIGH,True,6999.0,No distinctive policy keywords detected,Insufficient evidence in ticket text to support automatic re-classification.
TK-252010,GW-OTHER,LOST-TRANSIT,0.925,HIGH,True,6999.0,not delivered; not delivered,Carrier transit failure or confirmed non-delivery
TK-252076,GW-OTHER,RETURN-QC-OK,0.75,HIGH,True,6999.0,reverse pkp,Return reverse pickup / QC passed confirmation
TK-253451,GW-OTHER,WTY-BUYBACK,0.6,HIGH,True,6999.0,warranty,Moderate match: Warranty / service centre reference
TK-253991,GW-OTHER,CANCEL,0.95,HIGH,True,6999.0,cancel my order; cancellation request; cancelled before dispatch,Explicit pre-dispatch cancellation request; Cancellation term detected
TK-245750,GW-OTHER,CANCEL,0.775,HIGH,True,6998.0,cancel; cancellation,Cancellation term detected
TK-245943,GW-OTHER,RETURN-QC-OK,0.95,HIGH,True,6998.0,money for the return; reverse pickup; return,Return reverse pickup / QC passed confirmation; General return term detected
TK-246139,GW-OTHER,,0.2,HIGH,True,6998.0,No distinctive policy keywords detected,Insufficient evidence in ticket text to support automatic re-classification.
TK-246289,GW-OTHER,CANCEL,0.95,HIGH,True,6998.0,Cancelled before dispatch; cancel; Cancelled,Explicit pre-dispatch cancellation request; Cancellation term detected
TK-248342,GW-OTHER,RETURN-QC-OK,0.825,HIGH,True,6998.0,reverse pickup; return,Return reverse pickup / QC passed confirmation; General return term detected
TK-251988,GW-OTHER,CANCEL,0.95,HIGH,True,6998.0,cancellation request; cancel; cancellation,Explicit pre-dispatch cancellation request; Cancellation term detected
TK-252699,GW-OTHER,,0.2,HIGH,True,6998.0,No distinctive policy keywords detected,Insufficient evidence in ticket text to support automatic re-classification.
TK-240699,GW-OTHER,,0.2,HIGH,True,6649.0,No distinctive policy keywords detected,Insufficient evidence in ticket text to support automatic re-classification.
TK-241215,GW-OTHER,,0.2,HIGH,True,6649.0,No distinctive policy keywords detected,Insufficient evidence in ticket text to support automatic re-classification.
TK-241220,GW-OTHER,DUP-PAYMENT,0.775,HIGH,True,6649.0,charged twice,Duplicate payment or double debit reported
TK-246405,GW-OTHER,WTY-BUYBACK,0.95,HIGH,True,6649.0,warranty claim; service centre; warranty,Warranty service claim / unrepairable hardware RMA; Warranty / service centre reference
TK-248288,GW-OTHER,,0.2,HIGH,True,6649.0,No distinctive policy keywords detected,Insufficient evidence in ticket text to support automatic re-classification.
TK-249701,GW-OTHER,,0.2,HIGH,True,6649.0,No distinctive policy keywords detected,Insufficient evidence in ticket text to support automatic re-classification.
TK-251031,GW-OTHER,WTY-BUYBACK,0.6,HIGH,True,6649.0,RMA,Moderate match: Warranty / service centre reference
TK-245582,GW-OTHER,CANCEL,0.95,HIGH,True,6648.0,Cancelled before dispatch; Cancel; cancel,Explicit pre-dispatch cancellation request; Cancellation term detected
TK-245793,GW-OTHER,,0.2,HIGH,True,6648.0,No distinctive policy keywords detected,Insufficient evidence in ticket text to support automatic re-classification.
TK-245846,GW-OTHER,,0.2,HIGH,True,6648.0,No distinctive policy keywords detected,Insufficient evidence in ticket text to support automatic re-classification.
TK-247114,GW-OTHER,WTY-BUYBACK,0.6,HIGH,True,6648.0,rma,Moderate match: Warranty / service centre reference
TK-241333,GW-OTHER,CANCEL,0.95,HIGH,True,6499.0,cancel my order; cancelled before dispatch; cancel,Explicit pre-dispatch cancellation request; Cancellation term detected
TK-241476,GW-OTHER,,0.2,HIGH,True,6499.0,No distinctive policy keywords detected,Insufficient evidence in ticket text to support automatic re-classification.
TK-241857,GW-OTHER,CANCEL,0.95,HIGH,True,6499.0,cancellation request; cancel; cancellation,Explicit pre-dispatch cancellation request; Cancellation term detected
TK-242223,GW-OTHER,,0.2,HIGH,True,6499.0,No distinctive policy keywords detected,Insufficient evidence in ticket text to support automatic re-classification.
TK-242752,GW-OTHER,RETURN-QC-OK,0.45,HIGH,True,6499.0,return,Weak indicator for RETURN-QC-OK; confidence below decision threshold.
TK-242786,GW-OTHER,,0.2,HIGH,True,6499.0,No distinctive policy keywords detected,Insufficient evidence in ticket text to support automatic re-classification.
TK-243154,GW-OTHER,LOST-TRANSIT,0.75,HIGH,True,6499.0,not delivered,Carrier transit failure or confirmed non-delivery
TK-243659,GW-OTHER,,0.2,HIGH,True,6499.0,No distinctive policy keywords detected,Insufficient evidence in ticket text to support automatic re-classification.
TK-243789,GW-OTHER,WTY-BUYBACK,0.6,HIGH,True,6499.0,warranty,Moderate match: Warranty / service centre reference
TK-243814,GW-OTHER,WTY-BUYBACK,0.6,HIGH,True,6499.0,rma,Moderate match: Warranty / service centre reference
TK-245411,GW-OTHER,RETURN-QC-OK,0.825,HIGH,True,6499.0,money for the return; return,Return reverse pickup / QC passed confirmation; General return term detected
TK-246126,GW-OTHER,DOA-REPL,0.75,HIGH,True,6499.0,doa,Dead on Arrival / unboxing hardware failure
TK-246226,GW-OTHER,,0.2,HIGH,True,6499.0,No distinctive policy keywords detected,Insufficient evidence in ticket text to support automatic re-classification.
TK-246538,GW-OTHER,RETURN-QC-OK,0.75,HIGH,True,6499.0,reverse pickup,Return reverse pickup / QC passed confirmation
TK-246844,GW-OTHER,,0.2,HIGH,True,6499.0,No distinctive policy keywords detected,Insufficient evidence in ticket text to support automatic re-classification.
TK-246927,GW-OTHER,RETURN-QC-OK,0.75,HIGH,True,6499.0,reverse pickup,Return reverse pickup / QC passed confirmation
TK-247273,GW-OTHER,RETURN-QC-OK,0.75,HIGH,True,6499.0,reverse pickup,Return reverse pickup / QC passed confirmation
TK-247854,GW-OTHER,,0.2,HIGH,True,6499.0,No distinctive policy keywords detected,Insufficient evidence in ticket text to support automatic re-classification.
TK-247969,GW-OTHER,,0.2,HIGH,True,6499.0,No distinctive policy keywords detected,Insufficient evidence in ticket text to support automatic re-classification.
TK-248394,GW-OTHER,,0.2,HIGH,True,6499.0,No distinctive policy keywords detected,Insufficient evidence in ticket text to support automatic re-classification.
TK-248519,GW-OTHER,LOST-TRANSIT,0.95,HIGH,True,6499.0,not delivered; not delivered; lost in transit,Carrier transit failure or confirmed non-delivery
TK-248911,GW-OTHER,PRICE-ADJ,0.6,HIGH,True,6499.0,discount,Moderate match: Pricing difference mention
TK-249020,GW-OTHER,WTY-BUYBACK,0.6,HIGH,True,6499.0,warranty,Moderate match: Warranty / service centre reference
TK-252081,GW-OTHER,RETURN-QC-OK,0.75,HIGH,True,6499.0,reverse pkp,Return reverse pickup / QC passed confirmation
TK-252308,GW-OTHER,LOST-TRANSIT,0.925,HIGH,True,6499.0,not delivered; not delivered,Carrier transit failure or confirmed non-delivery
TK-252400,GW-OTHER,RETURN-QC-OK,0.75,HIGH,True,6499.0,reverse pickup,Return reverse pickup / QC passed confirmation
TK-252414,GW-OTHER,,0.2,HIGH,True,6499.0,No distinctive policy keywords detected,Insufficient evidence in ticket text to support automatic re-classification.
TK-253422,GW-OTHER,CANCEL,0.6,HIGH,True,6499.0,cancellation,Moderate match: Cancellation term detected
TK-254172,GW-OTHER,WTY-BUYBACK,0.95,HIGH,True,6499.0,service centre; warranty claim; service centre,Warranty service claim / unrepairable hardware RMA; Warranty / service centre reference
TK-254449,GW-OTHER,WTY-BUYBACK,0.95,HIGH,True,6499.0,warranty claim; rma status; warranty,Warranty service claim / unrepairable hardware RMA; Warranty / service centre reference
TK-240545,GW-OTHER,,0.2,HIGH,True,6299.0,No distinctive policy keywords detected,Insufficient evidence in ticket text to support automatic re-classification.
TK-240650,GW-OTHER,DUP-PAYMENT,0.95,HIGH,True,6299.0,charged twice; charged twice,Duplicate payment or double debit reported
TK-240835,GW-OTHER,,0.2,HIGH,True,6299.0,No distinctive policy keywords detected,Insufficient evidence in ticket text to support automatic re-classification.
TK-241711,GW-OTHER,DUP-PAYMENT,0.775,HIGH,True,6299.0,duplicate payment,Duplicate payment or double debit reported
TK-245112,GW-OTHER,,0.2,HIGH,True,6299.0,No distinctive policy keywords detected,Insufficient evidence in ticket text to support automatic re-classification.
TK-247941,GW-OTHER,,0.2,HIGH,True,6299.0,No distinctive policy keywords detected,Insufficient evidence in ticket text to support automatic re-classification.
TK-247945,GW-OTHER,CANCEL,0.95,HIGH,True,6299.0,cancelled before dispatch; Cancel; cancel,Explicit pre-dispatch cancellation request; Cancellation term detected
TK-249425,GW-OTHER,RETURN-QC-OK,0.45,HIGH,True,6299.0,return,Weak indicator for RETURN-QC-OK; confidence below decision threshold.
TK-249591,GW-OTHER,,0.2,HIGH,True,6299.0,No distinctive policy keywords detected,Insufficient evidence in ticket text to support automatic re-classification.
TK-252173,GW-OTHER,,0.2,HIGH,True,6299.0,No distinctive policy keywords detected,Insufficient evidence in ticket text to support automatic re-classification.
TK-253997,GW-OTHER,LOST-TRANSIT,0.75,HIGH,True,6299.0,lost in transit,Carrier transit failure or confirmed non-delivery
TK-247478,GW-OTHER,,0.2,HIGH,True,6298.0,No distinctive policy keywords detected,Insufficient evidence in ticket text to support automatic re-classification.
TK-252073,GW-OTHER,CANCEL,0.95,HIGH,True,6298.0,cancel my order; cancellation request; cancelled before dispatch,Explicit pre-dispatch cancellation request; Cancellation term detected
TK-241686,GW-OTHER,,0.2,HIGH,True,6174.0,No distinctive policy keywords detected,Insufficient evidence in ticket text to support automatic re-classification.
TK-243392,GW-OTHER,CANCEL,0.95,HIGH,True,6174.0,cancel my order; cancel; cancellation,Explicit pre-dispatch cancellation request; Cancellation term detected
TK-243395,GW-OTHER,,0.2,HIGH,True,6174.0,No distinctive policy keywords detected,Insufficient evidence in ticket text to support automatic re-classification.
TK-244040,GW-OTHER,WTY-BUYBACK,0.6,HIGH,True,6174.0,rma,Moderate match: Warranty / service centre reference
TK-244844,GW-OTHER,CANCEL,0.95,HIGH,True,6174.0,Cancelled before dispatch; cancel; CANCEL,Explicit pre-dispatch cancellation request; Cancellation term detected
TK-245256,GW-OTHER,WTY-BUYBACK,0.95,HIGH,True,6174.0,warranty claim; RMA status; warranty,Warranty service claim / unrepairable hardware RMA; Warranty / service centre reference
TK-247444,GW-OTHER,WTY-BUYBACK,0.6,HIGH,True,6174.0,Warranty,Moderate match: Warranty / service centre reference
TK-248071,GW-OTHER,CANCEL,0.95,HIGH,True,6174.0,cancel my order; cancel; cancel,Explicit pre-dispatch cancellation request; Cancellation term detected
TK-249788,GW-OTHER,,0.2,HIGH,True,6174.0,No distinctive policy keywords detected,Insufficient evidence in ticket text to support automatic re-classification.
TK-250988,GW-OTHER,CANCEL,0.95,HIGH,True,6174.0,Cancellation request; Cancelled before dispatch; cancel,Explicit pre-dispatch cancellation request; Cancellation term detected
TK-253024,GW-OTHER,,0.2,HIGH,True,6174.0,No distinctive policy keywords detected,Insufficient evidence in ticket text to support automatic re-classification.
TK-253362,GW-OTHER,CANCEL,0.95,HIGH,True,6174.0,cancellation request; cancel; cancellation,Explicit pre-dispatch cancellation request; Cancellation term detected
TK-254504,GW-OTHER,,0.2,HIGH,True,6174.0,No distinctive policy keywords detected,Insufficient evidence in ticket text to support automatic re-classification.
TK-241920,GW-OTHER,,0.2,HIGH,True,5999.0,No distinctive policy keywords detected,Insufficient evidence in ticket text to support automatic re-classification.
TK-246017,GW-OTHER,CANCEL,0.6,HIGH,True,5999.0,cancellation,Moderate match: Cancellation term detected
TK-246036,GW-OTHER,RETURN-QC-OK,0.75,HIGH,True,5999.0,reverse pkp,Return reverse pickup / QC passed confirmation
TK-247126,GW-OTHER,,0.2,HIGH,True,5999.0,No distinctive policy keywords detected,Insufficient evidence in ticket text to support automatic re-classification.
TK-247303,GW-OTHER,,0.2,HIGH,True,5999.0,No distinctive policy keywords detected,Insufficient evidence in ticket text to support automatic re-classification.
TK-247836,GW-OTHER,,0.2,HIGH,True,5999.0,No distinctive policy keywords detected,Insufficient evidence in ticket text to support automatic re-classification.
TK-250906,GW-OTHER,,0.2,HIGH,True,5999.0,No distinctive policy keywords detected,Insufficient evidence in ticket text to support automatic re-classification.
TK-253521,GW-OTHER,,0.2,HIGH,True,5999.0,No distinctive policy keywords detected,Insufficient evidence in ticket text to support automatic re-classification.
TK-241863,GW-OTHER,RETURN-QC-OK,0.75,HIGH,True,5949.0,reverse pickup,Return reverse pickup / QC passed confirmation
TK-242418,GW-OTHER,PRICE-ADJ,0.85,HIGH,True,5949.0,coupon code; discount,Price adjustment or omitted coupon discount; Pricing difference mention
TK-244054,GW-OTHER,LOST-TRANSIT,0.75,HIGH,True,5949.0,not delivered,Carrier transit failure or confirmed non-delivery
TK-245994,GW-OTHER,,0.2,HIGH,True,5949.0,No distinctive policy keywords detected,Insufficient evidence in ticket text to support automatic re-classification.
TK-246876,GW-OTHER,LOST-TRANSIT,0.925,HIGH,True,5949.0,not delivered; not delivered,Carrier transit failure or confirmed non-delivery
TK-250471,GW-OTHER,WTY-BUYBACK,0.95,HIGH,True,5949.0,service centre; warranty claim; rma status,Warranty service claim / unrepairable hardware RMA; Warranty / service centre reference
TK-244018,GW-OTHER,RETURN-QC-OK,0.825,HIGH,True,5948.0,reverse pickup; Return,Return reverse pickup / QC passed confirmation; General return term detected
TK-244772,GW-OTHER,RETURN-QC-OK,0.825,HIGH,True,5948.0,money for the return; return,Return reverse pickup / QC passed confirmation; General return term detected
TK-241038,GW-OTHER,,0.2,HIGH,True,5849.0,No distinctive policy keywords detected,Insufficient evidence in ticket text to support automatic re-classification.
TK-241415,GW-OTHER,,0.2,HIGH,True,5849.0,No distinctive policy keywords detected,Insufficient evidence in ticket text to support automatic re-classification.
TK-242510,GW-OTHER,LOST-TRANSIT,0.925,HIGH,True,5849.0,not delivered; not delivered,Carrier transit failure or confirmed non-delivery
TK-242544,GW-OTHER,,0.2,HIGH,True,5849.0,No distinctive policy keywords detected,Insufficient evidence in ticket text to support automatic re-classification.
TK-252693,GW-OTHER,RETURN-QC-OK,0.45,HIGH,True,5849.0,return,Weak indicator for RETURN-QC-OK; confidence below decision threshold.
TK-241788,GW-OTHER,RETURN-QC-OK,0.75,HIGH,True,5699.0,reverse pkp,Return reverse pickup / QC passed confirmation
TK-242251,GW-OTHER,,0.2,HIGH,True,5699.0,No distinctive policy keywords detected,Insufficient evidence in ticket text to support automatic re-classification.
TK-245307,GW-OTHER,RETURN-QC-OK,0.95,HIGH,True,5699.0,money for the return; reverse pickup; return,Return reverse pickup / QC passed confirmation; General return term detected
TK-246960,GW-OTHER,,0.2,HIGH,True,5699.0,No distinctive policy keywords detected,Insufficient evidence in ticket text to support automatic re-classification.
TK-251519,GW-OTHER,,0.2,HIGH,True,5699.0,No distinctive policy keywords detected,Insufficient evidence in ticket text to support automatic re-classification.
TK-240483,GW-OTHER,,0.2,HIGH,True,5599.0,No distinctive policy keywords detected,Insufficient evidence in ticket text to support automatic re-classification.
TK-241832,GW-OTHER,,0.2,HIGH,True,5599.0,No distinctive policy keywords detected,Insufficient evidence in ticket text to support automatic re-classification.
TK-243097,GW-OTHER,,0.2,HIGH,True,5599.0,No distinctive policy keywords detected,Insufficient evidence in ticket text to support automatic re-classification.
TK-243843,GW-OTHER,RETURN-QC-OK,0.75,HIGH,True,5599.0,reverse pkp,Return reverse pickup / QC passed confirmation
TK-244095,GW-OTHER,,0.2,HIGH,True,5599.0,No distinctive policy keywords detected,Insufficient evidence in ticket text to support automatic re-classification.
TK-244843,GW-OTHER,RETURN-QC-OK,0.45,HIGH,True,5599.0,return,Weak indicator for RETURN-QC-OK; confidence below decision threshold.
TK-245903,GW-OTHER,,0.2,HIGH,True,5599.0,No distinctive policy keywords detected,Insufficient evidence in ticket text to support automatic re-classification.
TK-250720,GW-OTHER,RETURN-QC-OK,0.825,HIGH,True,5599.0,reverse pkp; return,Return reverse pickup / QC passed confirmation; General return term detected
TK-251410,GW-OTHER,,0.2,HIGH,True,5599.0,No distinctive policy keywords detected,Insufficient evidence in ticket text to support automatic re-classification.
TK-250754,GW-OTHER,RETURN-QC-OK,0.75,HIGH,True,5598.0,Reverse pickup,Return reverse pickup / QC passed confirmation
TK-241755,GW-OTHER,,0.2,HIGH,True,5524.0,No distinctive policy keywords detected,Insufficient evidence in ticket text to support automatic re-classification.
TK-245204,GW-OTHER,RETURN-QC-OK,0.825,HIGH,True,5524.0,money for the return; return,Return reverse pickup / QC passed confirmation; General return term detected
TK-250632,GW-OTHER,,0.2,HIGH,True,5524.0,No distinctive policy keywords detected,Insufficient evidence in ticket text to support automatic re-classification.
TK-253146,GW-OTHER,CANCEL,0.775,HIGH,True,5524.0,cancel; cancel,Cancellation term detected
TK-240980,GW-OTHER,RETURN-QC-OK,0.75,HIGH,True,5399.0,reverse pickup,Return reverse pickup / QC passed confirmation
TK-245910,GW-OTHER,CANCEL,0.95,HIGH,True,5399.0,cancellation request; cancel; cancellation,Explicit pre-dispatch cancellation request; Cancellation term detected
TK-247314,GW-OTHER,,0.2,HIGH,True,5399.0,No distinctive policy keywords detected,Insufficient evidence in ticket text to support automatic re-classification.
TK-249195,GW-OTHER,,0.2,HIGH,True,5399.0,No distinctive policy keywords detected,Insufficient evidence in ticket text to support automatic re-classification.
TK-249200,GW-OTHER,RETURN-QC-OK,0.95,HIGH,True,5399.0,money for the return; reverse pickup; return,Return reverse pickup / QC passed confirmation; General return term detected
TK-251443,GW-OTHER,,0.2,HIGH,True,5399.0,No distinctive policy keywords detected,Insufficient evidence in ticket text to support automatic re-classification.
TK-240554,GW-OTHER,,0.2,HIGH,True,5199.0,No distinctive policy keywords detected,Insufficient evidence in ticket text to support automatic re-classification.
TK-240834,GW-OTHER,DUP-PAYMENT,0.775,HIGH,True,5199.0,charged twice,Duplicate payment or double debit reported
TK-240845,GW-OTHER,,0.2,HIGH,True,5199.0,No distinctive policy keywords detected,Insufficient evidence in ticket text to support automatic re-classification.
TK-241342,GW-OTHER,,0.2,HIGH,True,5199.0,No distinctive policy keywords detected,Insufficient evidence in ticket text to support automatic re-classification.
TK-243792,GW-OTHER,WTY-BUYBACK,0.6,HIGH,True,5199.0,warranty,Moderate match: Warranty / service centre reference
TK-244495,GW-OTHER,CANCEL,0.775,HIGH,True,5199.0,cancel; Cancel,Cancellation term detected
TK-244931,GW-OTHER,,0.2,HIGH,True,5199.0,No distinctive policy keywords detected,Insufficient evidence in ticket text to support automatic re-classification.
TK-247350,GW-OTHER,,0.2,HIGH,True,5199.0,No distinctive policy keywords detected,Insufficient evidence in ticket text to support automatic re-classification.
TK-248772,GW-OTHER,,0.2,HIGH,True,5199.0,No distinctive policy keywords detected,Insufficient evidence in ticket text to support automatic re-classification.
TK-249803,GW-OTHER,PRICE-ADJ,0.6,HIGH,True,5199.0,promo code,Moderate match: Pricing difference mention
TK-250453,GW-OTHER,,0.2,HIGH,True,5199.0,No distinctive policy keywords detected,Insufficient evidence in ticket text to support automatic re-classification.
TK-251369,GW-OTHER,RETURN-QC-OK,0.75,HIGH,True,5199.0,reverse pkp,Return reverse pickup / QC passed confirmation
TK-252627,GW-OTHER,LOST-TRANSIT,0.75,HIGH,True,5199.0,not delivered,Carrier transit failure or confirmed non-delivery
TK-254497,GW-OTHER,CANCEL,0.95,HIGH,True,5199.0,cancel my order; cancel; cancel,Explicit pre-dispatch cancellation request; Cancellation term detected
TK-254260,GW-OTHER,LOST-TRANSIT,0.925,HIGH,True,5099.0,not delivered; not delivered,Carrier transit failure or confirmed non-delivery
TK-240226,GW-OTHER,,0.2,HIGH,True,4999.0,No distinctive policy keywords detected,Insufficient evidence in ticket text to support automatic re-classification.
TK-243738,GW-OTHER,,0.2,HIGH,True,4999.0,No distinctive policy keywords detected,Insufficient evidence in ticket text to support automatic re-classification.
TK-245216,GW-OTHER,,0.2,HIGH,True,4999.0,No distinctive policy keywords detected,Insufficient evidence in ticket text to support automatic re-classification.
TK-245625,GW-OTHER,,0.2,HIGH,True,4999.0,No distinctive policy keywords detected,Insufficient evidence in ticket text to support automatic re-classification.
TK-247621,GW-OTHER,RETURN-QC-OK,0.75,HIGH,True,4999.0,reverse pickup,Return reverse pickup / QC passed confirmation
TK-249196,GW-OTHER,,0.2,HIGH,True,4999.0,No distinctive policy keywords detected,Insufficient evidence in ticket text to support automatic re-classification.
TK-250422,GW-OTHER,,0.2,HIGH,True,4999.0,No distinctive policy keywords detected,Insufficient evidence in ticket text to support automatic re-classification.
TK-251248,GW-OTHER,,0.2,HIGH,True,4999.0,No distinctive policy keywords detected,Insufficient evidence in ticket text to support automatic re-classification.
TK-254364,GW-OTHER,,0.2,HIGH,True,4999.0,No distinctive policy keywords detected,Insufficient evidence in ticket text to support automatic re-classification.
TK-248230,GW-OTHER,,0.2,HIGH,True,4799.0,No distinctive policy keywords detected,Insufficient evidence in ticket text to support automatic re-classification.
TK-251777,GW-OTHER,,0.2,HIGH,True,4799.0,No distinctive policy keywords detected,Insufficient evidence in ticket text to support automatic re-classification.
TK-240492,GW-OTHER,CANCEL,0.95,HIGH,True,4749.0,cancelled before dispatch; cancel; cancelled,Explicit pre-dispatch cancellation request; Cancellation term detected
TK-243933,GW-OTHER,,0.2,HIGH,True,4749.0,No distinctive policy keywords detected,Insufficient evidence in ticket text to support automatic re-classification.
TK-253599,GW-OTHER,WTY-BUYBACK,0.95,HIGH,True,4749.0,warranty claim; warranty claim; service centre,Warranty service claim / unrepairable hardware RMA; Warranty / service centre reference
TK-240951,GW-OTHER,,0.2,HIGH,True,4499.0,No distinctive policy keywords detected,Insufficient evidence in ticket text to support automatic re-classification.
TK-243212,GW-OTHER,,0.2,HIGH,True,4499.0,No distinctive policy keywords detected,Insufficient evidence in ticket text to support automatic re-classification.
TK-252726,GW-OTHER,,0.2,HIGH,True,4499.0,No distinctive policy keywords detected,Insufficient evidence in ticket text to support automatic re-classification.
TK-244911,GW-OTHER,,0.2,HIGH,True,4249.0,No distinctive policy keywords detected,Insufficient evidence in ticket text to support automatic re-classification.
TK-247232,GW-OTHER,DOA-REPL,0.6,HIGH,True,4249.0,out of the box,Moderate match: Unboxing defect phrasing
TK-248945,GW-OTHER,,0.2,HIGH,True,4249.0,No distinctive policy keywords detected,Insufficient evidence in ticket text to support automatic re-classification.
TK-251863,GW-OTHER,CANCEL,0.6,HIGH,True,4249.0,cancel,Moderate match: Cancellation term detected
TK-245705,GW-OTHER,,0.2,HIGH,True,4248.0,No distinctive policy keywords detected,Insufficient evidence in ticket text to support automatic re-classification.
TK-240262,GW-OTHER,,0.2,HIGH,True,3999.0,No distinctive policy keywords detected,Insufficient evidence in ticket text to support automatic re-classification.
TK-246466,GW-OTHER,GW-OTHER,0.45,HIGH,True,3999.0,goodwill,Weak indicator for GW-OTHER; confidence below decision threshold.
TK-247849,GW-OTHER,,0.2,HIGH,True,3999.0,No distinctive policy keywords detected,Insufficient evidence in ticket text to support automatic re-classification.
TK-252233,GW-OTHER,,0.2,HIGH,True,3999.0,No distinctive policy keywords detected,Insufficient evidence in ticket text to support automatic re-classification.
TK-242174,GW-OTHER,,0.2,HIGH,True,3500.0,No distinctive policy keywords detected,Insufficient evidence in ticket text to support automatic re-classification.
TK-246272,GW-OTHER,,0.2,HIGH,True,3500.0,No distinctive policy keywords detected,Insufficient evidence in ticket text to support automatic re-classification.
TK-246767,GW-OTHER,,0.2,HIGH,True,3500.0,No distinctive policy keywords detected,Insufficient evidence in ticket text to support automatic re-classification.
TK-243565,GW-OTHER,,0.2,HIGH,True,3499.0,No distinctive policy keywords detected,Insufficient evidence in ticket text to support automatic re-classification.
TK-244151,GW-OTHER,,0.2,HIGH,True,3499.0,No distinctive policy keywords detected,Insufficient evidence in ticket text to support automatic re-classification.
TK-244220,GW-OTHER,,0.2,HIGH,True,3499.0,No distinctive policy keywords detected,Insufficient evidence in ticket text to support automatic re-classification.
TK-244570,GW-OTHER,,0.2,HIGH,True,3499.0,No distinctive policy keywords detected,Insufficient evidence in ticket text to support automatic re-classification.
TK-244824,GW-OTHER,RETURN-QC-OK,0.45,HIGH,True,3499.0,return,Weak indicator for RETURN-QC-OK; confidence below decision threshold.
TK-244971,GW-OTHER,PRICE-ADJ,0.6,HIGH,True,3499.0,discount,Moderate match: Pricing difference mention
TK-245000,GW-OTHER,,0.2,HIGH,True,3499.0,No distinctive policy keywords detected,Insufficient evidence in ticket text to support automatic re-classification.
TK-245069,GW-OTHER,,0.2,HIGH,True,3499.0,No distinctive policy keywords detected,Insufficient evidence in ticket text to support automatic re-classification.
TK-245232,GW-OTHER,,0.2,HIGH,True,3499.0,No distinctive policy keywords detected,Insufficient evidence in ticket text to support automatic re-classification.
TK-245289,GW-OTHER,WTY-BUYBACK,0.6,HIGH,True,3499.0,warranty,Moderate match: Warranty / service centre reference
TK-245494,GW-OTHER,,0.2,HIGH,True,3499.0,No distinctive policy keywords detected,Insufficient evidence in ticket text to support automatic re-classification.
TK-245629,GW-OTHER,,0.2,HIGH,True,3499.0,No distinctive policy keywords detected,Insufficient evidence in ticket text to support automatic re-classification.
TK-245838,GW-OTHER,CANCEL,0.95,HIGH,True,3499.0,cancel my order; Cancelled before dispatch; cancel,Explicit pre-dispatch cancellation request; Cancellation term detected
TK-245945,GW-OTHER,WTY-BUYBACK,0.6,HIGH,True,3499.0,warranty,Moderate match: Warranty / service centre reference
TK-246164,GW-OTHER,RETURN-QC-OK,0.45,HIGH,True,3499.0,return,Weak indicator for RETURN-QC-OK; confidence below decision threshold.
TK-246171,GW-OTHER,,0.2,HIGH,True,3499.0,No distinctive policy keywords detected,Insufficient evidence in ticket text to support automatic re-classification.
TK-246344,GW-OTHER,,0.2,HIGH,True,3499.0,No distinctive policy keywords detected,Insufficient evidence in ticket text to support automatic re-classification.
TK-247060,GW-OTHER,,0.2,HIGH,True,3499.0,No distinctive policy keywords detected,Insufficient evidence in ticket text to support automatic re-classification.
TK-247158,GW-OTHER,,0.2,HIGH,True,3499.0,No distinctive policy keywords detected,Insufficient evidence in ticket text to support automatic re-classification.
TK-247664,GW-OTHER,,0.2,HIGH,True,3499.0,No distinctive policy keywords detected,Insufficient evidence in ticket text to support automatic re-classification.
TK-247961,GW-OTHER,RETURN-QC-OK,0.75,HIGH,True,3499.0,reverse pickup,Return reverse pickup / QC passed confirmation
TK-248070,GW-OTHER,,0.2,HIGH,True,3499.0,No distinctive policy keywords detected,Insufficient evidence in ticket text to support automatic re-classification.
TK-248082,GW-OTHER,WTY-BUYBACK,0.6,HIGH,True,3499.0,RMA,Moderate match: Warranty / service centre reference
TK-248141,GW-OTHER,,0.2,HIGH,True,3499.0,No distinctive policy keywords detected,Insufficient evidence in ticket text to support automatic re-classification.
TK-248237,GW-OTHER,,0.2,HIGH,True,3499.0,No distinctive policy keywords detected,Insufficient evidence in ticket text to support automatic re-classification.
TK-248753,GW-OTHER,,0.2,HIGH,True,3499.0,No distinctive policy keywords detected,Insufficient evidence in ticket text to support automatic re-classification.
TK-248757,GW-OTHER,,0.2,HIGH,True,3499.0,No distinctive policy keywords detected,Insufficient evidence in ticket text to support automatic re-classification.
TK-248997,GW-OTHER,,0.2,HIGH,True,3499.0,No distinctive policy keywords detected,Insufficient evidence in ticket text to support automatic re-classification.
TK-249219,GW-OTHER,,0.2,HIGH,True,3499.0,No distinctive policy keywords detected,Insufficient evidence in ticket text to support automatic re-classification.
TK-249353,GW-OTHER,WTY-BUYBACK,0.6,HIGH,True,3499.0,rma,Moderate match: Warranty / service centre reference
TK-249488,GW-OTHER,,0.2,HIGH,True,3499.0,No distinctive policy keywords detected,Insufficient evidence in ticket text to support automatic re-classification.
TK-249730,GW-OTHER,,0.2,HIGH,True,3499.0,No distinctive policy keywords detected,Insufficient evidence in ticket text to support automatic re-classification.
TK-249890,GW-OTHER,RETURN-QC-OK,0.95,HIGH,True,3499.0,money for the return; reverse pkp; return,Return reverse pickup / QC passed confirmation; General return term detected
TK-249960,GW-OTHER,,0.2,HIGH,True,3499.0,No distinctive policy keywords detected,Insufficient evidence in ticket text to support automatic re-classification.
TK-250554,GW-OTHER,,0.2,HIGH,True,3499.0,No distinctive policy keywords detected,Insufficient evidence in ticket text to support automatic re-classification.
TK-250764,GW-OTHER,,0.2,HIGH,True,3499.0,No distinctive policy keywords detected,Insufficient evidence in ticket text to support automatic re-classification.
TK-250974,GW-OTHER,LOST-TRANSIT,0.925,HIGH,True,3499.0,NOT DELIVERED; not delivered,Carrier transit failure or confirmed non-delivery
TK-250977,GW-OTHER,,0.2,HIGH,True,3499.0,No distinctive policy keywords detected,Insufficient evidence in ticket text to support automatic re-classification.
TK-251146,GW-OTHER,,0.2,HIGH,True,3499.0,No distinctive policy keywords detected,Insufficient evidence in ticket text to support automatic re-classification.
TK-251706,GW-OTHER,WTY-BUYBACK,0.6,HIGH,True,3499.0,rma,Moderate match: Warranty / service centre reference
TK-251840,GW-OTHER,,0.2,HIGH,True,3499.0,No distinctive policy keywords detected,Insufficient evidence in ticket text to support automatic re-classification.
TK-252020,GW-OTHER,,0.2,HIGH,True,3499.0,No distinctive policy keywords detected,Insufficient evidence in ticket text to support automatic re-classification.
TK-252097,GW-OTHER,,0.2,HIGH,True,3499.0,No distinctive policy keywords detected,Insufficient evidence in ticket text to support automatic re-classification.
TK-252262,GW-OTHER,,0.2,HIGH,True,3499.0,No distinctive policy keywords detected,Insufficient evidence in ticket text to support automatic re-classification.
TK-252405,GW-OTHER,,0.2,HIGH,True,3499.0,No distinctive policy keywords detected,Insufficient evidence in ticket text to support automatic re-classification.
TK-252723,GW-OTHER,,0.2,HIGH,True,3499.0,No distinctive policy keywords detected,Insufficient evidence in ticket text to support automatic re-classification.
TK-252869,GW-OTHER,PRICE-ADJ,0.6,HIGH,True,3499.0,promo code,Moderate match: Pricing difference mention
TK-253035,GW-OTHER,,0.2,HIGH,True,3499.0,No distinctive policy keywords detected,Insufficient evidence in ticket text to support automatic re-classification.
TK-253135,GW-OTHER,,0.2,HIGH,True,3499.0,No distinctive policy keywords detected,Insufficient evidence in ticket text to support automatic re-classification.
TK-253162,GW-OTHER,WTY-BUYBACK,0.6,HIGH,True,3499.0,RMA,Moderate match: Warranty / service centre reference
TK-253305,GW-OTHER,,0.2,HIGH,True,3499.0,No distinctive policy keywords detected,Insufficient evidence in ticket text to support automatic re-classification.
TK-253309,GW-OTHER,,0.2,HIGH,True,3499.0,No distinctive policy keywords detected,Insufficient evidence in ticket text to support automatic re-classification.
TK-253682,GW-OTHER,,0.2,HIGH,True,3499.0,No distinctive policy keywords detected,Insufficient evidence in ticket text to support automatic re-classification.
TK-253739,GW-OTHER,,0.2,HIGH,True,3499.0,No distinctive policy keywords detected,Insufficient evidence in ticket text to support automatic re-classification.
TK-253989,GW-OTHER,WTY-BUYBACK,0.6,HIGH,True,3499.0,RMA,Moderate match: Warranty / service centre reference
TK-254125,GW-OTHER,,0.2,HIGH,True,3499.0,No distinctive policy keywords detected,Insufficient evidence in ticket text to support automatic re-classification.
TK-254197,GW-OTHER,,0.2,HIGH,True,3499.0,No distinctive policy keywords detected,Insufficient evidence in ticket text to support automatic re-classification.
TK-244029,GW-OTHER,,0.2,HIGH,True,3324.0,No distinctive policy keywords detected,Insufficient evidence in ticket text to support automatic re-classification.
TK-244966,GW-OTHER,LOST-TRANSIT,0.925,HIGH,True,3324.0,not delivered; not delivered,Carrier transit failure or confirmed non-delivery
TK-245423,GW-OTHER,RETURN-QC-OK,0.75,HIGH,True,3324.0,reverse pickup,Return reverse pickup / QC passed confirmation
TK-245424,GW-OTHER,,0.2,HIGH,True,3324.0,No distinctive policy keywords detected,Insufficient evidence in ticket text to support automatic re-classification.
TK-245548,GW-OTHER,,0.2,HIGH,True,3324.0,No distinctive policy keywords detected,Insufficient evidence in ticket text to support automatic re-classification.
TK-245584,GW-OTHER,,0.2,HIGH,True,3324.0,No distinctive policy keywords detected,Insufficient evidence in ticket text to support automatic re-classification.
TK-246487,GW-OTHER,,0.2,HIGH,True,3324.0,No distinctive policy keywords detected,Insufficient evidence in ticket text to support automatic re-classification.
TK-246633,GW-OTHER,,0.2,HIGH,True,3324.0,No distinctive policy keywords detected,Insufficient evidence in ticket text to support automatic re-classification.
TK-246850,GW-OTHER,,0.2,HIGH,True,3324.0,No distinctive policy keywords detected,Insufficient evidence in ticket text to support automatic re-classification.
TK-246928,GW-OTHER,WTY-BUYBACK,0.6,HIGH,True,3324.0,RMA,Moderate match: Warranty / service centre reference
TK-249566,GW-OTHER,RETURN-QC-OK,0.45,HIGH,True,3324.0,return,Weak indicator for RETURN-QC-OK; confidence below decision threshold.
TK-250022,GW-OTHER,GW-OTHER,0.45,HIGH,True,3324.0,goodwill,Weak indicator for GW-OTHER; confidence below decision threshold.
TK-251151,GW-OTHER,,0.2,HIGH,True,3324.0,No distinctive policy keywords detected,Insufficient evidence in ticket text to support automatic re-classification.
TK-251720,GW-OTHER,,0.2,HIGH,True,3324.0,No distinctive policy keywords detected,Insufficient evidence in ticket text to support automatic re-classification.
TK-251928,GW-OTHER,,0.2,HIGH,True,3324.0,No distinctive policy keywords detected,Insufficient evidence in ticket text to support automatic re-classification.
TK-253748,GW-OTHER,,0.2,HIGH,True,3324.0,No distinctive policy keywords detected,Insufficient evidence in ticket text to support automatic re-classification.
TK-253804,GW-OTHER,WTY-BUYBACK,0.6,HIGH,True,3324.0,rma,Moderate match: Warranty / service centre reference
TK-254301,GW-OTHER,,0.2,HIGH,True,3324.0,No distinctive policy keywords detected,Insufficient evidence in ticket text to support automatic re-classification.
TK-254433,GW-OTHER,WTY-BUYBACK,0.6,HIGH,True,3324.0,rma,Moderate match: Warranty / service centre reference
TK-254465,GW-OTHER,RETURN-QC-OK,0.75,HIGH,True,3324.0,reverse pickup,Return reverse pickup / QC passed confirmation
TK-253178,GW-OTHER,,0.2,HIGH,True,3198.0,No distinctive policy keywords detected,Insufficient evidence in ticket text to support automatic re-classification.
TK-244392,GW-OTHER,GW-OTHER,0.45,HIGH,True,3149.0,goodwill,Weak indicator for GW-OTHER; confidence below decision threshold.
TK-245563,GW-OTHER,,0.2,HIGH,True,3149.0,No distinctive policy keywords detected,Insufficient evidence in ticket text to support automatic re-classification.
TK-245764,GW-OTHER,,0.2,HIGH,True,3149.0,No distinctive policy keywords detected,Insufficient evidence in ticket text to support automatic re-classification.
TK-246060,GW-OTHER,WTY-BUYBACK,0.95,HIGH,True,3149.0,service centre; rma status; service centre,Warranty service claim / unrepairable hardware RMA; Warranty / service centre reference
TK-246391,GW-OTHER,CANCEL,0.95,HIGH,True,3149.0,cancel my order; cancel; cancellation,Explicit pre-dispatch cancellation request; Cancellation term detected
TK-246415,GW-OTHER,,0.2,HIGH,True,3149.0,No distinctive policy keywords detected,Insufficient evidence in ticket text to support automatic re-classification.
TK-246888,GW-OTHER,RETURN-QC-OK,0.45,HIGH,True,3149.0,return,Weak indicator for RETURN-QC-OK; confidence below decision threshold.
TK-247560,GW-OTHER,,0.2,HIGH,True,3149.0,No distinctive policy keywords detected,Insufficient evidence in ticket text to support automatic re-classification.
TK-248161,GW-OTHER,RETURN-QC-OK,0.45,HIGH,True,3149.0,return,Weak indicator for RETURN-QC-OK; confidence below decision threshold.
TK-248190,GW-OTHER,,0.2,HIGH,True,3149.0,No distinctive policy keywords detected,Insufficient evidence in ticket text to support automatic re-classification.
TK-248563,GW-OTHER,,0.2,HIGH,True,3149.0,No distinctive policy keywords detected,Insufficient evidence in ticket text to support automatic re-classification.
TK-249427,GW-OTHER,WTY-BUYBACK,0.6,HIGH,True,3149.0,warranty,Moderate match: Warranty / service centre reference
TK-249774,GW-OTHER,,0.2,HIGH,True,3149.0,No distinctive policy keywords detected,Insufficient evidence in ticket text to support automatic re-classification.
TK-249912,GW-OTHER,,0.2,HIGH,True,3149.0,No distinctive policy keywords detected,Insufficient evidence in ticket text to support automatic re-classification.
TK-250137,GW-OTHER,,0.2,HIGH,True,3149.0,No distinctive policy keywords detected,Insufficient evidence in ticket text to support automatic re-classification.
TK-250370,GW-OTHER,,0.2,HIGH,True,3149.0,No distinctive policy keywords detected,Insufficient evidence in ticket text to support automatic re-classification.
TK-251463,GW-OTHER,,0.2,HIGH,True,3149.0,No distinctive policy keywords detected,Insufficient evidence in ticket text to support automatic re-classification.
TK-252212,GW-OTHER,,0.2,HIGH,True,3149.0,No distinctive policy keywords detected,Insufficient evidence in ticket text to support automatic re-classification.
TK-252514,GW-OTHER,,0.2,HIGH,True,3149.0,No distinctive policy keywords detected,Insufficient evidence in ticket text to support automatic re-classification.
TK-252978,GW-OTHER,,0.2,HIGH,True,3149.0,No distinctive policy keywords detected,Insufficient evidence in ticket text to support automatic re-classification.
TK-253197,GW-OTHER,,0.35,HIGH,True,3149.0,Conflict between GW-OTHER ('goodwill') and RETURN-QC-OK ('return'),Ambiguous evidence: equal signal for GW-OTHER and RETURN-QC-OK. Human review required.
TK-253342,GW-OTHER,RETURN-QC-OK,0.45,HIGH,True,3149.0,return,Weak indicator for RETURN-QC-OK; confidence below decision threshold.
TK-254064,GW-OTHER,LOST-TRANSIT,0.75,HIGH,True,3149.0,lost in transit,Carrier transit failure or confirmed non-delivery
TK-254328,GW-OTHER,WTY-BUYBACK,0.6,HIGH,True,3149.0,RMA,Moderate match: Warranty / service centre reference
TK-242158,GW-OTHER,LOST-TRANSIT,0.75,HIGH,True,2998.0,not delivered,Carrier transit failure or confirmed non-delivery
TK-243661,GW-OTHER,,0.2,HIGH,True,2974.0,No distinctive policy keywords detected,Insufficient evidence in ticket text to support automatic re-classification.
TK-244349,GW-OTHER,,0.2,HIGH,True,2974.0,No distinctive policy keywords detected,Insufficient evidence in ticket text to support automatic re-classification.
TK-248859,GW-OTHER,WTY-BUYBACK,0.775,HIGH,True,2974.0,RMA; RMA,Warranty / service centre reference
TK-250087,GW-OTHER,RETURN-QC-OK,0.45,HIGH,True,2974.0,returned,Weak indicator for RETURN-QC-OK; confidence below decision threshold.
TK-251274,GW-OTHER,,0.2,HIGH,True,2974.0,No distinctive policy keywords detected,Insufficient evidence in ticket text to support automatic re-classification.
TK-251857,GW-OTHER,,0.2,HIGH,True,2974.0,No distinctive policy keywords detected,Insufficient evidence in ticket text to support automatic re-classification.
TK-252125,GW-OTHER,,0.2,HIGH,True,2974.0,No distinctive policy keywords detected,Insufficient evidence in ticket text to support automatic re-classification.
TK-253129,GW-OTHER,,0.2,HIGH,True,2974.0,No distinctive policy keywords detected,Insufficient evidence in ticket text to support automatic re-classification.
TK-253597,GW-OTHER,,0.2,HIGH,True,2974.0,No distinctive policy keywords detected,Insufficient evidence in ticket text to support automatic re-classification.
TK-253615,GW-OTHER,GW-OTHER,0.45,HIGH,True,2974.0,goodwill,Weak indicator for GW-OTHER; confidence below decision threshold.
TK-253668,GW-OTHER,,0.2,HIGH,True,2974.0,No distinctive policy keywords detected,Insufficient evidence in ticket text to support automatic re-classification.
TK-250877,GW-OTHER,,0.2,HIGH,True,2878.0,No distinctive policy keywords detected,Insufficient evidence in ticket text to support automatic re-classification.
TK-243490,GW-OTHER,,0.2,HIGH,True,2799.0,No distinctive policy keywords detected,Insufficient evidence in ticket text to support automatic re-classification.
TK-244152,GW-OTHER,,0.2,HIGH,True,2799.0,No distinctive policy keywords detected,Insufficient evidence in ticket text to support automatic re-classification.
TK-244556,GW-OTHER,,0.2,HIGH,True,2799.0,No distinctive policy keywords detected,Insufficient evidence in ticket text to support automatic re-classification.
TK-245071,GW-OTHER,,0.2,HIGH,True,2799.0,No distinctive policy keywords detected,Insufficient evidence in ticket text to support automatic re-classification.
TK-245163,GW-OTHER,LOST-TRANSIT,0.75,HIGH,True,2799.0,not delivered,Carrier transit failure or confirmed non-delivery
TK-245356,GW-OTHER,RETURN-QC-OK,0.75,HIGH,True,2799.0,reverse pickup,Return reverse pickup / QC passed confirmation
TK-246462,GW-OTHER,,0.2,HIGH,True,2799.0,No distinctive policy keywords detected,Insufficient evidence in ticket text to support automatic re-classification.
TK-246980,GW-OTHER,,0.2,HIGH,True,2799.0,No distinctive policy keywords detected,Insufficient evidence in ticket text to support automatic re-classification.
TK-247844,GW-OTHER,,0.2,HIGH,True,2799.0,No distinctive policy keywords detected,Insufficient evidence in ticket text to support automatic re-classification.
TK-247882,GW-OTHER,CANCEL,0.875,HIGH,True,2799.0,cancel; cancel; cancelled,Cancellation term detected
TK-248507,GW-OTHER,,0.2,HIGH,True,2799.0,No distinctive policy keywords detected,Insufficient evidence in ticket text to support automatic re-classification.
TK-248701,GW-OTHER,,0.2,HIGH,True,2799.0,No distinctive policy keywords detected,Insufficient evidence in ticket text to support automatic re-classification.
TK-249134,GW-OTHER,,0.2,HIGH,True,2799.0,No distinctive policy keywords detected,Insufficient evidence in ticket text to support automatic re-classification.
TK-249329,GW-OTHER,,0.2,HIGH,True,2799.0,No distinctive policy keywords detected,Insufficient evidence in ticket text to support automatic re-classification.
TK-249530,GW-OTHER,,0.2,HIGH,True,2799.0,No distinctive policy keywords detected,Insufficient evidence in ticket text to support automatic re-classification.
TK-250251,GW-OTHER,PRICE-ADJ,0.6,HIGH,True,2799.0,promo code,Moderate match: Pricing difference mention
TK-251638,GW-OTHER,,0.2,HIGH,True,2799.0,No distinctive policy keywords detected,Insufficient evidence in ticket text to support automatic re-classification.
TK-252082,GW-OTHER,,0.2,HIGH,True,2799.0,No distinctive policy keywords detected,Insufficient evidence in ticket text to support automatic re-classification.
TK-252370,GW-OTHER,,0.2,HIGH,True,2799.0,No distinctive policy keywords detected,Insufficient evidence in ticket text to support automatic re-classification.
TK-252460,GW-OTHER,GW-OTHER,0.45,HIGH,True,2799.0,goodwill,Weak indicator for GW-OTHER; confidence below decision threshold.
TK-252678,GW-OTHER,,0.2,HIGH,True,2799.0,No distinctive policy keywords detected,Insufficient evidence in ticket text to support automatic re-classification.
TK-253307,GW-OTHER,WTY-BUYBACK,0.6,HIGH,True,2799.0,warranty,Moderate match: Warranty / service centre reference
TK-253339,GW-OTHER,,0.2,HIGH,True,2799.0,No distinctive policy keywords detected,Insufficient evidence in ticket text to support automatic re-classification.
TK-253679,GW-OTHER,RETURN-QC-OK,0.75,HIGH,True,2799.0,reverse pkp,Return reverse pickup / QC passed confirmation
TK-253860,GW-OTHER,,0.2,HIGH,True,2799.0,No distinctive policy keywords detected,Insufficient evidence in ticket text to support automatic re-classification.
TK-254155,GW-OTHER,CANCEL,0.6,HIGH,True,2799.0,cancel,Moderate match: Cancellation term detected
TK-254401,GW-OTHER,LOST-TRANSIT,0.75,HIGH,True,2799.0,not delivered,Carrier transit failure or confirmed non-delivery
TK-240416,GW-OTHER,,0.2,HIGH,True,2660.0,No distinctive policy keywords detected,Insufficient evidence in ticket text to support automatic re-classification.
TK-243501,GW-OTHER,WTY-BUYBACK,0.6,HIGH,True,2548.0,RMA,Moderate match: Warranty / service centre reference
TK-251500,GW-OTHER,,0.2,HIGH,True,2500.0,No distinctive policy keywords detected,Insufficient evidence in ticket text to support automatic re-classification.
TK-240028,GW-OTHER,,0.2,HIGH,True,2499.0,No distinctive policy keywords detected,Insufficient evidence in ticket text to support automatic re-classification.
TK-240148,GW-OTHER,,0.2,HIGH,True,2499.0,No distinctive policy keywords detected,Insufficient evidence in ticket text to support automatic re-classification.
TK-240588,GW-OTHER,LOST-TRANSIT,0.75,HIGH,True,2499.0,not delivered,Carrier transit failure or confirmed non-delivery
TK-242332,GW-OTHER,,0.2,HIGH,True,2499.0,No distinctive policy keywords detected,Insufficient evidence in ticket text to support automatic re-classification.
TK-242380,GW-OTHER,,0.2,HIGH,True,2499.0,No distinctive policy keywords detected,Insufficient evidence in ticket text to support automatic re-classification.
TK-242906,GW-OTHER,,0.2,HIGH,True,2499.0,No distinctive policy keywords detected,Insufficient evidence in ticket text to support automatic re-classification.
TK-243098,GW-OTHER,WTY-BUYBACK,0.85,HIGH,True,2499.0,warranty claim; warranty,Warranty service claim / unrepairable hardware RMA; Warranty / service centre reference
TK-243185,GW-OTHER,,0.2,HIGH,True,2499.0,No distinctive policy keywords detected,Insufficient evidence in ticket text to support automatic re-classification.
TK-243210,GW-OTHER,LOST-TRANSIT,0.925,HIGH,True,2499.0,not delivered; lost in transit,Carrier transit failure or confirmed non-delivery
TK-243305,GW-OTHER,,0.2,HIGH,True,2499.0,No distinctive policy keywords detected,Insufficient evidence in ticket text to support automatic re-classification.
TK-243554,GW-OTHER,,0.2,HIGH,True,2499.0,No distinctive policy keywords detected,Insufficient evidence in ticket text to support automatic re-classification.
TK-243681,GW-OTHER,,0.2,HIGH,True,2499.0,No distinctive policy keywords detected,Insufficient evidence in ticket text to support automatic re-classification.
TK-244317,GW-OTHER,CANCEL,0.6,HIGH,True,2499.0,cancel,Moderate match: Cancellation term detected
TK-244484,GW-OTHER,,0.2,HIGH,True,2499.0,No distinctive policy keywords detected,Insufficient evidence in ticket text to support automatic re-classification.
TK-244553,GW-OTHER,CANCEL,0.95,HIGH,True,2499.0,cancel my order; cancellation request; cancelled before dispatch,Explicit pre-dispatch cancellation request; Cancellation term detected
TK-244561,GW-OTHER,,0.2,HIGH,True,2499.0,No distinctive policy keywords detected,Insufficient evidence in ticket text to support automatic re-classification.
TK-245083,GW-OTHER,,0.2,HIGH,True,2499.0,No distinctive policy keywords detected,Insufficient evidence in ticket text to support automatic re-classification.
TK-245306,GW-OTHER,PRICE-ADJ,0.6,HIGH,True,2499.0,promo code,Moderate match: Pricing difference mention
TK-245499,GW-OTHER,,0.2,HIGH,True,2499.0,No distinctive policy keywords detected,Insufficient evidence in ticket text to support automatic re-classification.
TK-245743,GW-OTHER,,0.2,HIGH,True,2499.0,No distinctive policy keywords detected,Insufficient evidence in ticket text to support automatic re-classification.
TK-245777,GW-OTHER,,0.35,HIGH,True,2499.0,Conflict between GW-OTHER ('goodwill') and RETURN-QC-OK ('returned'),Ambiguous evidence: equal signal for GW-OTHER and RETURN-QC-OK. Human review required.
TK-246001,GW-OTHER,RETURN-QC-OK,0.45,HIGH,True,2499.0,return,Weak indicator for RETURN-QC-OK; confidence below decision threshold.
TK-246943,GW-OTHER,CANCEL,0.6,HIGH,True,2499.0,cancellation,Moderate match: Cancellation term detected
TK-247093,GW-OTHER,RETURN-QC-OK,0.75,HIGH,True,2499.0,reverse pickup,Return reverse pickup / QC passed confirmation
TK-247254,GW-OTHER,RETURN-QC-OK,0.825,HIGH,True,2499.0,money for the return; return,Return reverse pickup / QC passed confirmation; General return term detected
TK-247298,GW-OTHER,,0.2,HIGH,True,2499.0,No distinctive policy keywords detected,Insufficient evidence in ticket text to support automatic re-classification.
TK-247685,GW-OTHER,,0.2,HIGH,True,2499.0,No distinctive policy keywords detected,Insufficient evidence in ticket text to support automatic re-classification.
TK-247997,GW-OTHER,,0.2,HIGH,True,2499.0,No distinctive policy keywords detected,Insufficient evidence in ticket text to support automatic re-classification.
TK-248252,GW-OTHER,,0.2,HIGH,True,2499.0,No distinctive policy keywords detected,Insufficient evidence in ticket text to support automatic re-classification.
TK-248705,GW-OTHER,WTY-BUYBACK,0.6,HIGH,True,2499.0,RMA,Moderate match: Warranty / service centre reference
TK-248762,GW-OTHER,GW-OTHER,0.45,HIGH,True,2499.0,goodwill,Weak indicator for GW-OTHER; confidence below decision threshold.
TK-249130,GW-OTHER,CANCEL,0.6,HIGH,True,2499.0,Cancel,Moderate match: Cancellation term detected
TK-249172,GW-OTHER,,0.2,HIGH,True,2499.0,No distinctive policy keywords detected,Insufficient evidence in ticket text to support automatic re-classification.
TK-249198,GW-OTHER,WTY-BUYBACK,0.6,HIGH,True,2499.0,RMA,Moderate match: Warranty / service centre reference
TK-249338,GW-OTHER,,0.2,HIGH,True,2499.0,No distinctive policy keywords detected,Insufficient evidence in ticket text to support automatic re-classification.
TK-249872,GW-OTHER,,0.2,HIGH,True,2499.0,No distinctive policy keywords detected,Insufficient evidence in ticket text to support automatic re-classification.
TK-250666,GW-OTHER,,0.2,HIGH,True,2499.0,No distinctive policy keywords detected,Insufficient evidence in ticket text to support automatic re-classification.
TK-251307,GW-OTHER,,0.2,HIGH,True,2499.0,No distinctive policy keywords detected,Insufficient evidence in ticket text to support automatic re-classification.
TK-251955,GW-OTHER,,0.2,HIGH,True,2499.0,No distinctive policy keywords detected,Insufficient evidence in ticket text to support automatic re-classification.
TK-252024,GW-OTHER,,0.2,HIGH,True,2499.0,No distinctive policy keywords detected,Insufficient evidence in ticket text to support automatic re-classification.
TK-252243,GW-OTHER,,0.2,HIGH,True,2499.0,No distinctive policy keywords detected,Insufficient evidence in ticket text to support automatic re-classification.
TK-252517,GW-OTHER,,0.2,HIGH,True,2499.0,No distinctive policy keywords detected,Insufficient evidence in ticket text to support automatic re-classification.
TK-252675,GW-OTHER,WTY-BUYBACK,0.95,HIGH,True,2499.0,rma status; rma; RMA,Warranty service claim / unrepairable hardware RMA; Warranty / service centre reference
TK-252735,GW-OTHER,,0.2,HIGH,True,2499.0,No distinctive policy keywords detected,Insufficient evidence in ticket text to support automatic re-classification.
TK-252890,GW-OTHER,,0.2,HIGH,True,2499.0,No distinctive policy keywords detected,Insufficient evidence in ticket text to support automatic re-classification.
TK-253405,GW-OTHER,,0.2,HIGH,True,2499.0,No distinctive policy keywords detected,Insufficient evidence in ticket text to support automatic re-classification.
TK-254361,GW-OTHER,RETURN-QC-OK,0.45,HIGH,True,2499.0,return,Weak indicator for RETURN-QC-OK; confidence below decision threshold.
TK-254410,GW-OTHER,RETURN-QC-OK,0.45,HIGH,True,2499.0,return,Weak indicator for RETURN-QC-OK; confidence below decision threshold.
TK-252118,GW-OTHER,,0.2,HIGH,True,2470.0,No distinctive policy keywords detected,Insufficient evidence in ticket text to support automatic re-classification.
TK-242973,GW-OTHER,,0.2,HIGH,True,2374.0,No distinctive policy keywords detected,Insufficient evidence in ticket text to support automatic re-classification.
TK-245336,GW-OTHER,WTY-BUYBACK,0.6,HIGH,True,2374.0,warranty,Moderate match: Warranty / service centre reference
TK-245981,GW-OTHER,,0.2,HIGH,True,2374.0,No distinctive policy keywords detected,Insufficient evidence in ticket text to support automatic re-classification.
TK-249373,GW-OTHER,,0.2,HIGH,True,2374.0,No distinctive policy keywords detected,Insufficient evidence in ticket text to support automatic re-classification.
TK-249537,GW-OTHER,,0.2,HIGH,True,2374.0,No distinctive policy keywords detected,Insufficient evidence in ticket text to support automatic re-classification.
TK-250012,GW-OTHER,,0.2,HIGH,True,2374.0,No distinctive policy keywords detected,Insufficient evidence in ticket text to support automatic re-classification.
TK-250703,GW-OTHER,,0.2,HIGH,True,2374.0,No distinctive policy keywords detected,Insufficient evidence in ticket text to support automatic re-classification.
TK-252577,GW-OTHER,,0.2,HIGH,True,2374.0,No distinctive policy keywords detected,Insufficient evidence in ticket text to support automatic re-classification.
TK-254011,GW-OTHER,RETURN-QC-OK,0.75,HIGH,True,2374.0,reverse pkp,Return reverse pickup / QC passed confirmation
TK-241273,GW-OTHER,,0.2,HIGH,True,2249.0,No distinctive policy keywords detected,Insufficient evidence in ticket text to support automatic re-classification.
TK-241749,GW-OTHER,,0.2,HIGH,True,2249.0,No distinctive policy keywords detected,Insufficient evidence in ticket text to support automatic re-classification.
TK-241876,GW-OTHER,,0.2,HIGH,True,2249.0,No distinctive policy keywords detected,Insufficient evidence in ticket text to support automatic re-classification.
TK-241897,GW-OTHER,,0.2,HIGH,True,2249.0,No distinctive policy keywords detected,Insufficient evidence in ticket text to support automatic re-classification.
TK-244162,GW-OTHER,,0.2,HIGH,True,2249.0,No distinctive policy keywords detected,Insufficient evidence in ticket text to support automatic re-classification.
TK-246276,GW-OTHER,,0.2,HIGH,True,2249.0,No distinctive policy keywords detected,Insufficient evidence in ticket text to support automatic re-classification.
TK-247045,GW-OTHER,RETURN-QC-OK,0.75,HIGH,True,2249.0,reverse pickup,Return reverse pickup / QC passed confirmation
TK-250701,GW-OTHER,,0.2,HIGH,True,2249.0,No distinctive policy keywords detected,Insufficient evidence in ticket text to support automatic re-classification.
TK-252718,GW-OTHER,PRICE-ADJ,0.6,HIGH,True,2249.0,Discount,Moderate match: Pricing difference mention
TK-250922,GW-OTHER,,0.2,HIGH,True,2160.0,No distinctive policy keywords detected,Insufficient evidence in ticket text to support automatic re-classification.
TK-240429,GW-OTHER,DOA-REPL,0.6,HIGH,True,2124.0,out of the box,Moderate match: Unboxing defect phrasing
TK-241826,GW-OTHER,,0.2,HIGH,True,2124.0,No distinctive policy keywords detected,Insufficient evidence in ticket text to support automatic re-classification.
TK-243514,GW-OTHER,PRICE-ADJ,0.6,HIGH,True,2124.0,promo code,Moderate match: Pricing difference mention
TK-244872,GW-OTHER,DOA-REPL,0.75,HIGH,True,2124.0,doa,Dead on Arrival / unboxing hardware failure
TK-244962,GW-OTHER,,0.2,HIGH,True,2124.0,No distinctive policy keywords detected,Insufficient evidence in ticket text to support automatic re-classification.
TK-247506,GW-OTHER,,0.2,HIGH,True,2124.0,No distinctive policy keywords detected,Insufficient evidence in ticket text to support automatic re-classification.
TK-248651,GW-OTHER,,0.2,HIGH,True,2124.0,No distinctive policy keywords detected,Insufficient evidence in ticket text to support automatic re-classification.
TK-249755,GW-OTHER,,0.2,HIGH,True,2124.0,No distinctive policy keywords detected,Insufficient evidence in ticket text to support automatic re-classification.
TK-251200,GW-OTHER,RETURN-QC-OK,0.75,HIGH,True,2124.0,Reverse pickup,Return reverse pickup / QC passed confirmation
TK-251849,GW-OTHER,,0.2,HIGH,True,2124.0,No distinctive policy keywords detected,Insufficient evidence in ticket text to support automatic re-classification.
TK-253345,GW-OTHER,WTY-BUYBACK,0.95,HIGH,True,2124.0,rma status; service centre; rma,Warranty service claim / unrepairable hardware RMA; Warranty / service centre reference
TK-253929,GW-OTHER,,0.2,HIGH,True,2124.0,No distinctive policy keywords detected,Insufficient evidence in ticket text to support automatic re-classification.
TK-254521,GW-OTHER,RETURN-QC-OK,0.45,HIGH,True,2124.0,returned,Weak indicator for RETURN-QC-OK; confidence below decision threshold.
TK-241575,GW-OTHER,GW-OTHER,0.45,HIGH,True,1999.0,goodwill,Weak indicator for GW-OTHER; confidence below decision threshold.
TK-241942,GW-OTHER,,0.2,HIGH,True,1999.0,No distinctive policy keywords detected,Insufficient evidence in ticket text to support automatic re-classification.
TK-242519,GW-OTHER,,0.2,HIGH,True,1999.0,No distinctive policy keywords detected,Insufficient evidence in ticket text to support automatic re-classification.
TK-243207,GW-OTHER,,0.2,HIGH,True,1999.0,No distinctive policy keywords detected,Insufficient evidence in ticket text to support automatic re-classification.
TK-243461,GW-OTHER,LOST-TRANSIT,0.75,HIGH,True,1999.0,not delivered,Carrier transit failure or confirmed non-delivery
TK-243718,GW-OTHER,,0.2,HIGH,True,1999.0,No distinctive policy keywords detected,Insufficient evidence in ticket text to support automatic re-classification.
TK-243905,GW-OTHER,,0.2,HIGH,True,1999.0,No distinctive policy keywords detected,Insufficient evidence in ticket text to support automatic re-classification.
TK-244172,GW-OTHER,,0.2,HIGH,True,1999.0,No distinctive policy keywords detected,Insufficient evidence in ticket text to support automatic re-classification.
TK-244354,GW-OTHER,,0.2,HIGH,True,1999.0,No distinctive policy keywords detected,Insufficient evidence in ticket text to support automatic re-classification.
TK-244510,GW-OTHER,,0.2,HIGH,True,1999.0,No distinctive policy keywords detected,Insufficient evidence in ticket text to support automatic re-classification.
TK-245160,GW-OTHER,,0.2,HIGH,True,1999.0,No distinctive policy keywords detected,Insufficient evidence in ticket text to support automatic re-classification.
TK-245244,GW-OTHER,RETURN-QC-OK,0.45,HIGH,True,1999.0,return,Weak indicator for RETURN-QC-OK; confidence below decision threshold.
TK-245266,GW-OTHER,,0.2,HIGH,True,1999.0,No distinctive policy keywords detected,Insufficient evidence in ticket text to support automatic re-classification.
TK-245406,GW-OTHER,GW-OTHER,0.45,HIGH,True,1999.0,goodwill,Weak indicator for GW-OTHER; confidence below decision threshold.
TK-246279,GW-OTHER,WTY-BUYBACK,0.6,HIGH,True,1999.0,warranty,Moderate match: Warranty / service centre reference
TK-247492,GW-OTHER,RETURN-QC-OK,0.75,HIGH,True,1999.0,reverse pkp,Return reverse pickup / QC passed confirmation
TK-249161,GW-OTHER,,0.2,HIGH,True,1999.0,No distinctive policy keywords detected,Insufficient evidence in ticket text to support automatic re-classification.
TK-249167,GW-OTHER,,0.2,HIGH,True,1999.0,No distinctive policy keywords detected,Insufficient evidence in ticket text to support automatic re-classification.
TK-249996,GW-OTHER,,0.2,HIGH,True,1999.0,No distinctive policy keywords detected,Insufficient evidence in ticket text to support automatic re-classification.
TK-250359,GW-OTHER,WTY-BUYBACK,0.95,HIGH,True,1999.0,service centre; service centre; RMA,Warranty service claim / unrepairable hardware RMA; Warranty / service centre reference
TK-250823,GW-OTHER,,0.2,HIGH,True,1999.0,No distinctive policy keywords detected,Insufficient evidence in ticket text to support automatic re-classification.
TK-251633,GW-OTHER,,0.2,HIGH,True,1999.0,No distinctive policy keywords detected,Insufficient evidence in ticket text to support automatic re-classification.
TK-251905,GW-OTHER,,0.2,HIGH,True,1999.0,No distinctive policy keywords detected,Insufficient evidence in ticket text to support automatic re-classification.
TK-253023,GW-OTHER,,0.2,HIGH,True,1999.0,No distinctive policy keywords detected,Insufficient evidence in ticket text to support automatic re-classification.
TK-253569,GW-OTHER,WTY-BUYBACK,0.95,HIGH,True,1999.0,RMA status; warranty; RMA,Warranty service claim / unrepairable hardware RMA; Warranty / service centre reference
TK-247433,GW-OTHER,GW-OTHER,0.45,HIGH,True,1899.0,goodwill,Weak indicator for GW-OTHER; confidence below decision threshold.
TK-250345,GW-OTHER,,0.2,HIGH,True,1899.0,No distinctive policy keywords detected,Insufficient evidence in ticket text to support automatic re-classification.
TK-251601,GW-OTHER,,0.2,HIGH,True,1899.0,No distinctive policy keywords detected,Insufficient evidence in ticket text to support automatic re-classification.
TK-252794,GW-OTHER,,0.2,HIGH,True,1899.0,No distinctive policy keywords detected,Insufficient evidence in ticket text to support automatic re-classification.
TK-240279,GW-OTHER,,0.2,HIGH,True,1799.0,No distinctive policy keywords detected,Insufficient evidence in ticket text to support automatic re-classification.
TK-240320,GW-OTHER,,0.2,HIGH,True,1799.0,No distinctive policy keywords detected,Insufficient evidence in ticket text to support automatic re-classification.
TK-240618,GW-OTHER,,0.2,HIGH,True,1799.0,No distinctive policy keywords detected,Insufficient evidence in ticket text to support automatic re-classification.
TK-240856,GW-OTHER,,0.2,HIGH,True,1799.0,No distinctive policy keywords detected,Insufficient evidence in ticket text to support automatic re-classification.
TK-240879,GW-OTHER,,0.2,HIGH,True,1799.0,No distinctive policy keywords detected,Insufficient evidence in ticket text to support automatic re-classification.
TK-240984,GW-OTHER,,0.2,HIGH,True,1799.0,No distinctive policy keywords detected,Insufficient evidence in ticket text to support automatic re-classification.
TK-241156,GW-OTHER,,0.2,HIGH,True,1799.0,No distinctive policy keywords detected,Insufficient evidence in ticket text to support automatic re-classification.
TK-241229,GW-OTHER,,0.2,HIGH,True,1799.0,No distinctive policy keywords detected,Insufficient evidence in ticket text to support automatic re-classification.
TK-241243,GW-OTHER,,0.2,HIGH,True,1799.0,No distinctive policy keywords detected,Insufficient evidence in ticket text to support automatic re-classification.
TK-241292,GW-OTHER,,0.2,HIGH,True,1799.0,No distinctive policy keywords detected,Insufficient evidence in ticket text to support automatic re-classification.
TK-241675,GW-OTHER,RETURN-QC-OK,0.45,HIGH,True,1799.0,returned,Weak indicator for RETURN-QC-OK; confidence below decision threshold.
TK-241768,GW-OTHER,,0.2,HIGH,True,1799.0,No distinctive policy keywords detected,Insufficient evidence in ticket text to support automatic re-classification.
TK-243037,GW-OTHER,,0.2,HIGH,True,1799.0,No distinctive policy keywords detected,Insufficient evidence in ticket text to support automatic re-classification.
TK-243341,GW-OTHER,GW-OTHER,0.45,HIGH,True,1799.0,goodwill,Weak indicator for GW-OTHER; confidence below decision threshold.
TK-244355,GW-OTHER,,0.2,HIGH,True,1799.0,No distinctive policy keywords detected,Insufficient evidence in ticket text to support automatic re-classification.
TK-244880,GW-OTHER,,0.2,HIGH,True,1799.0,No distinctive policy keywords detected,Insufficient evidence in ticket text to support automatic re-classification.
TK-244910,GW-OTHER,,0.2,HIGH,True,1799.0,No distinctive policy keywords detected,Insufficient evidence in ticket text to support automatic re-classification.
TK-245282,GW-OTHER,,0.2,HIGH,True,1799.0,No distinctive policy keywords detected,Insufficient evidence in ticket text to support automatic re-classification.
TK-246152,GW-OTHER,,0.2,HIGH,True,1799.0,No distinctive policy keywords detected,Insufficient evidence in ticket text to support automatic re-classification.
TK-246257,GW-OTHER,,0.2,HIGH,True,1799.0,No distinctive policy keywords detected,Insufficient evidence in ticket text to support automatic re-classification.
TK-246317,GW-OTHER,DOA-REPL,0.75,HIGH,True,1799.0,DOA,Dead on Arrival / unboxing hardware failure
TK-246357,GW-OTHER,,0.2,HIGH,True,1799.0,No distinctive policy keywords detected,Insufficient evidence in ticket text to support automatic re-classification.
TK-246358,GW-OTHER,,0.2,HIGH,True,1799.0,No distinctive policy keywords detected,Insufficient evidence in ticket text to support automatic re-classification.
TK-246412,GW-OTHER,,0.2,HIGH,True,1799.0,No distinctive policy keywords detected,Insufficient evidence in ticket text to support automatic re-classification.
TK-246639,GW-OTHER,RETURN-QC-OK,0.45,HIGH,True,1799.0,return,Weak indicator for RETURN-QC-OK; confidence below decision threshold.
TK-246750,GW-OTHER,,0.2,HIGH,True,1799.0,No distinctive policy keywords detected,Insufficient evidence in ticket text to support automatic re-classification.
TK-248306,GW-OTHER,RETURN-QC-OK,0.75,HIGH,True,1799.0,reverse pickup,Return reverse pickup / QC passed confirmation
TK-248575,GW-OTHER,,0.2,HIGH,True,1799.0,No distinctive policy keywords detected,Insufficient evidence in ticket text to support automatic re-classification.
TK-249811,GW-OTHER,,0.2,HIGH,True,1799.0,No distinctive policy keywords detected,Insufficient evidence in ticket text to support automatic re-classification.
TK-249993,GW-OTHER,RETURN-QC-OK,0.45,HIGH,True,1799.0,return,Weak indicator for RETURN-QC-OK; confidence below decision threshold.
TK-250215,GW-OTHER,,0.2,HIGH,True,1799.0,No distinctive policy keywords detected,Insufficient evidence in ticket text to support automatic re-classification.
TK-250749,GW-OTHER,,0.2,HIGH,True,1799.0,No distinctive policy keywords detected,Insufficient evidence in ticket text to support automatic re-classification.
TK-251484,GW-OTHER,PRICE-ADJ,0.6,HIGH,True,1799.0,promo code,Moderate match: Pricing difference mention
TK-252207,GW-OTHER,,0.2,HIGH,True,1799.0,No distinctive policy keywords detected,Insufficient evidence in ticket text to support automatic re-classification.
TK-254317,GW-OTHER,,0.2,HIGH,True,1799.0,No distinctive policy keywords detected,Insufficient evidence in ticket text to support automatic re-classification.
TK-247642,GW-OTHER,,0.2,HIGH,True,1750.0,No distinctive policy keywords detected,Insufficient evidence in ticket text to support automatic re-classification.
TK-250446,GW-OTHER,,0.2,HIGH,True,1750.0,No distinctive policy keywords detected,Insufficient evidence in ticket text to support automatic re-classification.
TK-252181,GW-OTHER,,0.2,HIGH,True,1750.0,No distinctive policy keywords detected,Insufficient evidence in ticket text to support automatic re-classification.
TK-241705,GW-OTHER,,0.2,HIGH,True,1709.0,No distinctive policy keywords detected,Insufficient evidence in ticket text to support automatic re-classification.
TK-243402,GW-OTHER,LOST-TRANSIT,0.75,HIGH,True,1709.0,not delivered,Carrier transit failure or confirmed non-delivery
TK-243408,GW-OTHER,,0.2,HIGH,True,1709.0,No distinctive policy keywords detected,Insufficient evidence in ticket text to support automatic re-classification.
TK-243603,GW-OTHER,,0.2,HIGH,True,1709.0,No distinctive policy keywords detected,Insufficient evidence in ticket text to support automatic re-classification.
TK-244515,GW-OTHER,RETURN-QC-OK,0.45,HIGH,True,1709.0,returned,Weak indicator for RETURN-QC-OK; confidence below decision threshold.
TK-247025,GW-OTHER,,0.2,HIGH,True,1709.0,No distinctive policy keywords detected,Insufficient evidence in ticket text to support automatic re-classification.
TK-248345,GW-OTHER,,0.2,HIGH,True,1709.0,No distinctive policy keywords detected,Insufficient evidence in ticket text to support automatic re-classification.
TK-252235,GW-OTHER,,0.2,HIGH,True,1709.0,No distinctive policy keywords detected,Insufficient evidence in ticket text to support automatic re-classification.
TK-254202,GW-OTHER,,0.2,HIGH,True,1709.0,No distinctive policy keywords detected,Insufficient evidence in ticket text to support automatic re-classification.
TK-254348,GW-OTHER,WTY-BUYBACK,0.6,HIGH,True,1709.0,Warranty,Moderate match: Warranty / service centre reference
TK-254381,GW-OTHER,,0.2,HIGH,True,1709.0,No distinctive policy keywords detected,Insufficient evidence in ticket text to support automatic re-classification.
TK-246071,GW-OTHER,DOA-REPL,0.6,HIGH,True,1699.0,out of the box,Moderate match: Unboxing defect phrasing
TK-248605,GW-OTHER,,0.2,HIGH,True,1699.0,No distinctive policy keywords detected,Insufficient evidence in ticket text to support automatic re-classification.
TK-249009,GW-OTHER,,0.2,HIGH,True,1699.0,No distinctive policy keywords detected,Insufficient evidence in ticket text to support automatic re-classification.
TK-249324,GW-OTHER,WTY-BUYBACK,0.6,HIGH,True,1699.0,RMA,Moderate match: Warranty / service centre reference
TK-250633,GW-OTHER,,0.2,HIGH,True,1699.0,No distinctive policy keywords detected,Insufficient evidence in ticket text to support automatic re-classification.
TK-254466,GW-OTHER,,0.2,HIGH,True,1699.0,No distinctive policy keywords detected,Insufficient evidence in ticket text to support automatic re-classification.
TK-245716,GW-OTHER,RETURN-QC-OK,0.45,HIGH,True,1662.0,return,Weak indicator for RETURN-QC-OK; confidence below decision threshold.
TK-248569,GW-OTHER,,0.2,HIGH,True,1662.0,No distinctive policy keywords detected,Insufficient evidence in ticket text to support automatic re-classification.
TK-251284,GW-OTHER,,0.2,HIGH,True,1662.0,No distinctive policy keywords detected,Insufficient evidence in ticket text to support automatic re-classification.
TK-253348,GW-OTHER,,0.2,HIGH,True,1662.0,No distinctive policy keywords detected,Insufficient evidence in ticket text to support automatic re-classification.
TK-240568,GW-OTHER,,0.2,HIGH,True,1619.0,No distinctive policy keywords detected,Insufficient evidence in ticket text to support automatic re-classification.
TK-243961,GW-OTHER,RETURN-QC-OK,0.75,HIGH,True,1619.0,reverse pkp,Return reverse pickup / QC passed confirmation
TK-244000,GW-OTHER,,0.2,HIGH,True,1619.0,No distinctive policy keywords detected,Insufficient evidence in ticket text to support automatic re-classification.
TK-245553,GW-OTHER,CANCEL,0.6,HIGH,True,1619.0,cancel,Moderate match: Cancellation term detected
TK-249572,GW-OTHER,,0.2,HIGH,True,1619.0,No distinctive policy keywords detected,Insufficient evidence in ticket text to support automatic re-classification.
TK-250044,GW-OTHER,,0.2,HIGH,True,1619.0,No distinctive policy keywords detected,Insufficient evidence in ticket text to support automatic re-classification.
TK-240963,GW-OTHER,LOST-TRANSIT,0.925,HIGH,True,1599.0,not delivered; not delivered,Carrier transit failure or confirmed non-delivery
TK-245535,GW-OTHER,,0.2,HIGH,True,1599.0,No distinctive policy keywords detected,Insufficient evidence in ticket text to support automatic re-classification.
TK-247086,GW-OTHER,WTY-BUYBACK,0.95,HIGH,True,1599.0,warranty claim; warranty claim; rma status,Warranty service claim / unrepairable hardware RMA; Warranty / service centre reference
TK-252636,GW-OTHER,,0.2,HIGH,True,1574.0,No distinctive policy keywords detected,Insufficient evidence in ticket text to support automatic re-classification.
TK-242249,GW-OTHER,,0.2,HIGH,True,1529.0,No distinctive policy keywords detected,Insufficient evidence in ticket text to support automatic re-classification.
TK-242253,GW-OTHER,,0.2,HIGH,True,1529.0,No distinctive policy keywords detected,Insufficient evidence in ticket text to support automatic re-classification.
TK-242771,GW-OTHER,WTY-BUYBACK,0.6,HIGH,True,1529.0,RMA,Moderate match: Warranty / service centre reference
TK-244573,GW-OTHER,,0.2,HIGH,True,1529.0,No distinctive policy keywords detected,Insufficient evidence in ticket text to support automatic re-classification.
TK-245697,GW-OTHER,,0.2,HIGH,True,1529.0,No distinctive policy keywords detected,Insufficient evidence in ticket text to support automatic re-classification.
TK-254270,GW-OTHER,,0.2,HIGH,True,1529.0,No distinctive policy keywords detected,Insufficient evidence in ticket text to support automatic re-classification.
TK-254439,GW-OTHER,,0.2,HIGH,True,1529.0,No distinctive policy keywords detected,Insufficient evidence in ticket text to support automatic re-classification.
TK-248794,GW-OTHER,RETURN-QC-OK,0.45,HIGH,True,1499.0,return,Weak indicator for RETURN-QC-OK; confidence below decision threshold.
TK-252537,GW-OTHER,,0.2,HIGH,True,1499.0,No distinctive policy keywords detected,Insufficient evidence in ticket text to support automatic re-classification.
TK-254168,GW-OTHER,,0.2,HIGH,True,1499.0,No distinctive policy keywords detected,Insufficient evidence in ticket text to support automatic re-classification.
TK-244330,GW-OTHER,,0.2,HIGH,True,1487.0,No distinctive policy keywords detected,Insufficient evidence in ticket text to support automatic re-classification.
TK-245136,GW-OTHER,,0.2,HIGH,True,1487.0,No distinctive policy keywords detected,Insufficient evidence in ticket text to support automatic re-classification.
TK-247959,GW-OTHER,,0.2,HIGH,True,1487.0,No distinctive policy keywords detected,Insufficient evidence in ticket text to support automatic re-classification.
TK-251523,GW-OTHER,DUP-PAYMENT,0.775,HIGH,True,1487.0,charged twice,Duplicate payment or double debit reported
TK-252004,GW-OTHER,RETURN-QC-OK,0.45,HIGH,True,1487.0,return,Weak indicator for RETURN-QC-OK; confidence below decision threshold.
TK-243823,GW-OTHER,,0.2,HIGH,True,1439.0,No distinctive policy keywords detected,Insufficient evidence in ticket text to support automatic re-classification.
TK-247472,GW-OTHER,,0.2,HIGH,True,1439.0,No distinctive policy keywords detected,Insufficient evidence in ticket text to support automatic re-classification.
TK-247568,GW-OTHER,WTY-BUYBACK,0.95,HIGH,True,1439.0,warranty claim; RMA status; RMA status,Warranty service claim / unrepairable hardware RMA; Warranty / service centre reference
TK-248481,GW-OTHER,,0.2,HIGH,True,1439.0,No distinctive policy keywords detected,Insufficient evidence in ticket text to support automatic re-classification.
TK-250499,GW-OTHER,,0.2,HIGH,True,1439.0,No distinctive policy keywords detected,Insufficient evidence in ticket text to support automatic re-classification.
TK-246431,GW-OTHER,PRICE-ADJ,0.6,HIGH,True,1400.0,discount,Moderate match: Pricing difference mention
TK-249291,GW-OTHER,,0.2,HIGH,True,1400.0,No distinctive policy keywords detected,Insufficient evidence in ticket text to support automatic re-classification.
TK-252644,GW-OTHER,RETURN-QC-OK,0.95,HIGH,True,1400.0,money for the return; reverse pkp; return,Return reverse pickup / QC passed confirmation; General return term detected
TK-240564,GW-OTHER,,0.2,HIGH,True,1299.0,No distinctive policy keywords detected,Insufficient evidence in ticket text to support automatic re-classification.
TK-242670,GW-OTHER,,0.2,HIGH,True,1299.0,No distinctive policy keywords detected,Insufficient evidence in ticket text to support automatic re-classification.
TK-243834,GW-OTHER,,0.2,HIGH,True,1299.0,No distinctive policy keywords detected,Insufficient evidence in ticket text to support automatic re-classification.
TK-245319,GW-OTHER,,0.2,HIGH,True,1299.0,No distinctive policy keywords detected,Insufficient evidence in ticket text to support automatic re-classification.
TK-249761,GW-OTHER,,0.2,HIGH,True,1299.0,No distinctive policy keywords detected,Insufficient evidence in ticket text to support automatic re-classification.
TK-250626,GW-OTHER,,0.2,HIGH,True,1299.0,No distinctive policy keywords detected,Insufficient evidence in ticket text to support automatic re-classification.
TK-251620,GW-OTHER,WTY-BUYBACK,0.6,HIGH,True,1299.0,rma,Moderate match: Warranty / service centre reference
TK-253558,GW-OTHER,,0.2,HIGH,True,1299.0,No distinctive policy keywords detected,Insufficient evidence in ticket text to support automatic re-classification.
TK-253966,GW-OTHER,,0.2,HIGH,True,1299.0,No distinctive policy keywords detected,Insufficient evidence in ticket text to support automatic re-classification.
TK-254298,GW-OTHER,WTY-BUYBACK,0.6,HIGH,True,1299.0,warranty,Moderate match: Warranty / service centre reference
TK-242302,GW-OTHER,,0.2,HIGH,True,1274.0,No distinctive policy keywords detected,Insufficient evidence in ticket text to support automatic re-classification.
TK-250428,GW-OTHER,,0.2,HIGH,True,1274.0,No distinctive policy keywords detected,Insufficient evidence in ticket text to support automatic re-classification.
TK-252328,GW-OTHER,,0.2,HIGH,True,1260.0,No distinctive policy keywords detected,Insufficient evidence in ticket text to support automatic re-classification.
TK-252087,GW-OTHER,,0.2,HIGH,True,1250.0,No distinctive policy keywords detected,Insufficient evidence in ticket text to support automatic re-classification.
TK-244622,GW-OTHER,,0.2,HIGH,True,1234.0,No distinctive policy keywords detected,Insufficient evidence in ticket text to support automatic re-classification.
TK-245260,GW-OTHER,,0.2,HIGH,True,1234.0,No distinctive policy keywords detected,Insufficient evidence in ticket text to support automatic re-classification.
TK-247157,GW-OTHER,,0.2,HIGH,True,1199.0,No distinctive policy keywords detected,Insufficient evidence in ticket text to support automatic re-classification.
TK-251408,GW-OTHER,,0.2,HIGH,True,1199.0,No distinctive policy keywords detected,Insufficient evidence in ticket text to support automatic re-classification.
TK-241118,GW-OTHER,,0.2,HIGH,True,1187.0,No distinctive policy keywords detected,Insufficient evidence in ticket text to support automatic re-classification.
TK-246601,GW-OTHER,,0.2,HIGH,True,1187.0,No distinctive policy keywords detected,Insufficient evidence in ticket text to support automatic re-classification.
TK-252934,GW-OTHER,,0.2,HIGH,True,1187.0,No distinctive policy keywords detected,Insufficient evidence in ticket text to support automatic re-classification.
TK-251494,GW-OTHER,,0.2,HIGH,True,1170.0,No distinctive policy keywords detected,Insufficient evidence in ticket text to support automatic re-classification.
TK-242877,GW-OTHER,,0.2,HIGH,True,1169.0,No distinctive policy keywords detected,Insufficient evidence in ticket text to support automatic re-classification.
TK-252727,GW-OTHER,,0.2,HIGH,True,1169.0,No distinctive policy keywords detected,Insufficient evidence in ticket text to support automatic re-classification.
TK-247128,GW-OTHER,,0.2,HIGH,True,1105.0,No distinctive policy keywords detected,Insufficient evidence in ticket text to support automatic re-classification.
TK-247828,GW-OTHER,,0.2,HIGH,True,1104.0,No distinctive policy keywords detected,Insufficient evidence in ticket text to support automatic re-classification.
TK-248418,GW-OTHER,,0.2,HIGH,True,1104.0,No distinctive policy keywords detected,Insufficient evidence in ticket text to support automatic re-classification.
TK-245209,GW-OTHER,PRICE-ADJ,0.6,HIGH,True,1039.0,discount,Moderate match: Pricing difference mention
TK-244757,GW-OTHER,,0.2,HIGH,True,1000.0,No distinctive policy keywords detected,Insufficient evidence in ticket text to support automatic re-classification.
TK-247523,GW-OTHER,,0.2,HIGH,True,1000.0,No distinctive policy keywords detected,Insufficient evidence in ticket text to support automatic re-classification.
TK-248991,GW-OTHER,,0.2,HIGH,True,1000.0,No distinctive policy keywords detected,Insufficient evidence in ticket text to support automatic re-classification.
TK-251865,GW-OTHER,,0.2,HIGH,True,1000.0,No distinctive policy keywords detected,Insufficient evidence in ticket text to support automatic re-classification.
TK-254056,GW-OTHER,,0.2,HIGH,True,1000.0,No distinctive policy keywords detected,Insufficient evidence in ticket text to support automatic re-classification.
TK-254499,GW-OTHER,,0.2,HIGH,True,1000.0,No distinctive policy keywords detected,Insufficient evidence in ticket text to support automatic re-classification.
TK-246175,GW-OTHER,,0.2,HIGH,True,945.0,No distinctive policy keywords detected,Insufficient evidence in ticket text to support automatic re-classification.
TK-249033,GW-OTHER,,0.2,HIGH,True,945.0,No distinctive policy keywords detected,Insufficient evidence in ticket text to support automatic re-classification.
TK-240953,GW-OTHER,,0.2,HIGH,True,900.0,No distinctive policy keywords detected,Insufficient evidence in ticket text to support automatic re-classification.
TK-242715,GW-OTHER,,0.2,HIGH,True,900.0,No distinctive policy keywords detected,Insufficient evidence in ticket text to support automatic re-classification.
TK-245586,GW-OTHER,,0.2,HIGH,True,900.0,No distinctive policy keywords detected,Insufficient evidence in ticket text to support automatic re-classification.
TK-251401,GW-OTHER,CANCEL,0.95,HIGH,True,900.0,cancellation request; Cancelled before dispatch; cancel,Explicit pre-dispatch cancellation request; Cancellation term detected
TK-241559,GW-OTHER,,0.2,HIGH,True,800.0,No distinctive policy keywords detected,Insufficient evidence in ticket text to support automatic re-classification.
TK-242358,GW-OTHER,,0.2,HIGH,True,800.0,No distinctive policy keywords detected,Insufficient evidence in ticket text to support automatic re-classification.
TK-253123,GW-OTHER,,0.2,HIGH,True,765.0,No distinctive policy keywords detected,Insufficient evidence in ticket text to support automatic re-classification.
TK-246758,GW-OTHER,,0.2,HIGH,True,764.0,No distinctive policy keywords detected,Insufficient evidence in ticket text to support automatic re-classification.
TK-241775,GW-OTHER,,0.2,HIGH,True,750.0,No distinctive policy keywords detected,Insufficient evidence in ticket text to support automatic re-classification.
TK-242100,GW-OTHER,,0.2,HIGH,True,720.0,No distinctive policy keywords detected,Insufficient evidence in ticket text to support automatic re-classification.
TK-243542,GW-OTHER,PRICE-ADJ,0.6,HIGH,True,720.0,promo code,Moderate match: Pricing difference mention
TK-244746,GW-OTHER,,0.2,HIGH,True,712.0,No distinctive policy keywords detected,Insufficient evidence in ticket text to support automatic re-classification.
TK-253466,GW-OTHER,,0.2,HIGH,True,712.0,No distinctive policy keywords detected,Insufficient evidence in ticket text to support automatic re-classification.
TK-245140,GW-OTHER,,0.2,HIGH,True,700.0,No distinctive policy keywords detected,Insufficient evidence in ticket text to support automatic re-classification.
TK-247095,GW-OTHER,,0.2,HIGH,True,700.0,No distinctive policy keywords detected,Insufficient evidence in ticket text to support automatic re-classification.
TK-248213,GW-OTHER,CANCEL,0.95,HIGH,True,700.0,cancellation request; cancelled before dispatch; cancel,Explicit pre-dispatch cancellation request; Cancellation term detected
TK-249147,GW-OTHER,,0.2,HIGH,True,700.0,No distinctive policy keywords detected,Insufficient evidence in ticket text to support automatic re-classification.
TK-250182,GW-OTHER,,0.2,HIGH,True,700.0,No distinctive policy keywords detected,Insufficient evidence in ticket text to support automatic re-classification.
TK-253833,GW-OTHER,,0.2,HIGH,True,700.0,No distinctive policy keywords detected,Insufficient evidence in ticket text to support automatic re-classification.
TK-240247,GW-OTHER,,0.2,HIGH,True,674.0,No distinctive policy keywords detected,Insufficient evidence in ticket text to support automatic re-classification.
TK-251115,GW-OTHER,,0.2,HIGH,True,665.0,No distinctive policy keywords detected,Insufficient evidence in ticket text to support automatic re-classification.
TK-253570,GW-OTHER,,0.2,HIGH,True,665.0,No distinctive policy keywords detected,Insufficient evidence in ticket text to support automatic re-classification.
TK-251387,GW-OTHER,,0.2,HIGH,True,638.0,No distinctive policy keywords detected,Insufficient evidence in ticket text to support automatic re-classification.
TK-248103,GW-OTHER,PRICE-ADJ,0.6,HIGH,True,630.0,discount,Moderate match: Pricing difference mention
TK-251644,GW-OTHER,RETURN-QC-OK,0.45,HIGH,True,630.0,return,Weak indicator for RETURN-QC-OK; confidence below decision threshold.
TK-252603,GW-OTHER,,0.2,HIGH,True,630.0,No distinctive policy keywords detected,Insufficient evidence in ticket text to support automatic re-classification.
TK-246612,GW-OTHER,WTY-BUYBACK,0.6,HIGH,True,617.0,warranty,Moderate match: Warranty / service centre reference
TK-241398,GW-OTHER,,0.2,HIGH,True,600.0,No distinctive policy keywords detected,Insufficient evidence in ticket text to support automatic re-classification.
TK-246642,GW-OTHER,,0.2,HIGH,True,584.0,No distinctive policy keywords detected,Insufficient evidence in ticket text to support automatic re-classification.
TK-247752,GW-OTHER,PRICE-ADJ,0.6,HIGH,True,570.0,DISCOUNT,Moderate match: Pricing difference mention
TK-245888,GW-OTHER,,0.2,HIGH,True,560.0,No distinctive policy keywords detected,Insufficient evidence in ticket text to support automatic re-classification.
TK-248104,GW-OTHER,,0.2,HIGH,True,560.0,No distinctive policy keywords detected,Insufficient evidence in ticket text to support automatic re-classification.
TK-248950,GW-OTHER,,0.2,HIGH,True,560.0,No distinctive policy keywords detected,Insufficient evidence in ticket text to support automatic re-classification.
TK-250722,GW-OTHER,,0.2,HIGH,True,560.0,No distinctive policy keywords detected,Insufficient evidence in ticket text to support automatic re-classification.
TK-252513,GW-OTHER,RETURN-QC-OK,0.45,HIGH,True,560.0,return,Weak indicator for RETURN-QC-OK; confidence below decision threshold.
TK-246128,GW-OTHER,,0.2,HIGH,True,552.0,No distinctive policy keywords detected,Insufficient evidence in ticket text to support automatic re-classification.
TK-251809,GW-OTHER,,0.2,HIGH,True,552.0,No distinctive policy keywords detected,Insufficient evidence in ticket text to support automatic re-classification.
TK-253559,GW-OTHER,,0.2,HIGH,True,552.0,No distinctive policy keywords detected,Insufficient evidence in ticket text to support automatic re-classification.
TK-249501,GW-OTHER,,0.2,HIGH,True,540.0,No distinctive policy keywords detected,Insufficient evidence in ticket text to support automatic re-classification.
TK-244164,GW-OTHER,,0.2,HIGH,True,525.0,No distinctive policy keywords detected,Insufficient evidence in ticket text to support automatic re-classification.
TK-247763,GW-OTHER,,0.2,HIGH,True,525.0,No distinctive policy keywords detected,Insufficient evidence in ticket text to support automatic re-classification.
TK-248011,GW-OTHER,,0.2,HIGH,True,525.0,No distinctive policy keywords detected,Insufficient evidence in ticket text to support automatic re-classification.
TK-250880,GW-OTHER,CANCEL,0.6,HIGH,True,525.0,cancel,Moderate match: Cancellation term detected
TK-245137,GW-OTHER,,0.2,HIGH,True,520.0,No distinctive policy keywords detected,Insufficient evidence in ticket text to support automatic re-classification.
TK-249585,GW-OTHER,,0.2,HIGH,True,520.0,No distinctive policy keywords detected,Insufficient evidence in ticket text to support automatic re-classification.
TK-251017,GW-OTHER,,0.2,HIGH,True,520.0,No distinctive policy keywords detected,Insufficient evidence in ticket text to support automatic re-classification.
TK-250489,GW-OTHER,RETURN-QC-OK,0.45,HIGH,True,500.0,return,Weak indicator for RETURN-QC-OK; confidence below decision threshold.
TK-246444,GW-OTHER,CANCEL,0.775,HIGH,True,499.0,cancel; cancel,Cancellation term detected
TK-249418,GW-OTHER,GW-OTHER,0.65,HIGH,True,475.0,Refund amount (Rs 475.00) within Rs 500 goodwill cap with no conflicting defect keywords,Consistent with allowable goodwill credit under Policy §5 (within Rs 500 threshold).
TK-244078,GW-OTHER,RETURN-QC-OK,0.75,HIGH,True,472.0,reverse pkp,Return reverse pickup / QC passed confirmation
TK-240530,GW-OTHER,RETURN-QC-OK,0.75,HIGH,True,360.0,reverse pickup,Return reverse pickup / QC passed confirmation
TK-242778,GW-OTHER,RETURN-QC-OK,0.45,HIGH,True,356.0,return,Weak indicator for RETURN-QC-OK; confidence below decision threshold.
TK-250139,GW-OTHER,GW-OTHER,0.65,HIGH,True,356.0,Refund amount (Rs 356.00) within Rs 500 goodwill cap with no conflicting defect keywords,Consistent with allowable goodwill credit under Policy §5 (within Rs 500 threshold).
TK-248485,GW-OTHER,GW-OTHER,0.65,HIGH,True,350.0,Refund amount (Rs 350.00) within Rs 500 goodwill cap with no conflicting defect keywords,Consistent with allowable goodwill credit under Policy §5 (within Rs 500 threshold).
TK-248074,GW-OTHER,RETURN-QC-OK,0.45,HIGH,True,297.0,return,Weak indicator for RETURN-QC-OK; confidence below decision threshold.
TK-250120,GW-OTHER,GW-OTHER,0.65,HIGH,True,270.0,Refund amount (Rs 270.00) within Rs 500 goodwill cap with no conflicting defect keywords,Consistent with allowable goodwill credit under Policy §5 (within Rs 500 threshold).
TK-254285,GW-OTHER,RETURN-QC-OK,0.45,HIGH,True,270.0,return,Weak indicator for RETURN-QC-OK; confidence below decision threshold.
TK-242277,GW-OTHER,RETURN-QC-OK,0.75,MEDIUM,True,4999.0,reverse pkp,Return reverse pickup / QC passed confirmation
TK-242686,GW-OTHER,DUP-PAYMENT,0.775,MEDIUM,True,4999.0,duplicate payment,Duplicate payment or double debit reported
TK-243357,GW-OTHER,CANCEL,0.95,MEDIUM,True,4999.0,Cancelled before dispatch; cancel; cancel,Explicit pre-dispatch cancellation request; Cancellation term detected
TK-244031,GW-OTHER,RETURN-QC-OK,0.75,MEDIUM,True,4999.0,reverse pickup,Return reverse pickup / QC passed confirmation
TK-244974,GW-OTHER,CANCEL,0.95,MEDIUM,True,4999.0,cancel; cancel; cancelled,Cancellation term detected
TK-247981,GW-OTHER,DUP-PAYMENT,0.775,MEDIUM,True,4999.0,duplicate payment,Duplicate payment or double debit reported
TK-254083,GW-OTHER,RETURN-QC-OK,0.825,MEDIUM,True,4998.0,money for the return; return,Return reverse pickup / QC passed confirmation; General return term detected
TK-243676,GW-OTHER,LOST-TRANSIT,0.75,MEDIUM,True,4799.0,lost in transit,Carrier transit failure or confirmed non-delivery
TK-243492,GW-OTHER,LOST-TRANSIT,0.75,MEDIUM,True,4749.0,lost in transit,Carrier transit failure or confirmed non-delivery
TK-247392,GW-OTHER,CANCEL,0.85,MEDIUM,True,4749.0,cancellation request; cancellation,Explicit pre-dispatch cancellation request; Cancellation term detected
TK-241315,GW-OTHER,DUP-PAYMENT,0.775,MEDIUM,True,4499.0,duplicate payment,Duplicate payment or double debit reported
TK-247062,GW-OTHER,RETURN-QC-OK,0.825,MEDIUM,True,4499.0,reverse pkp; return,Return reverse pickup / QC passed confirmation; General return term detected
TK-253419,GW-OTHER,DUP-PAYMENT,0.775,MEDIUM,True,4499.0,duplicate payment,Duplicate payment or double debit reported
TK-240354,GW-OTHER,CANCEL,0.95,MEDIUM,True,4248.0,cancel my order; cancel; cancel,Explicit pre-dispatch cancellation request; Cancellation term detected
TK-240026,GW-OTHER,CANCEL,0.95,MEDIUM,True,3999.0,cancellation request; cancelled before dispatch; cancel,Explicit pre-dispatch cancellation request; Cancellation term detected
TK-242680,GW-OTHER,DUP-PAYMENT,0.775,MEDIUM,True,3999.0,charged twice,Duplicate payment or double debit reported
TK-246022,GW-OTHER,RETURN-QC-OK,0.75,MEDIUM,True,3999.0,reverse pickup,Return reverse pickup / QC passed confirmation
TK-251380,GW-OTHER,RETURN-QC-OK,0.75,MEDIUM,True,3999.0,reverse pickup,Return reverse pickup / QC passed confirmation
TK-241735,GW-OTHER,RETURN-QC-OK,0.825,MEDIUM,True,3998.0,money for the return; return,Return reverse pickup / QC passed confirmation; General return term detected
TK-241236,GW-OTHER,RETURN-QC-OK,0.75,MEDIUM,True,3500.0,reverse pickup,Return reverse pickup / QC passed confirmation
TK-243784,GW-OTHER,DUP-PAYMENT,0.775,MEDIUM,True,3499.0,duplicate payment,Duplicate payment or double debit reported
TK-244165,GW-OTHER,CANCEL,0.875,MEDIUM,True,3499.0,cancel; cancel; Cancelled,Cancellation term detected
TK-244228,GW-OTHER,WTY-BUYBACK,0.95,MEDIUM,True,3499.0,service centre; rma status; service centre,Warranty service claim / unrepairable hardware RMA; Warranty / service centre reference
TK-244333,GW-OTHER,RETURN-QC-OK,0.75,MEDIUM,True,3499.0,reverse pickup,Return reverse pickup / QC passed confirmation
TK-244891,GW-OTHER,CANCEL,0.95,MEDIUM,True,3499.0,cancelled before dispatch; cancel; cancel,Explicit pre-dispatch cancellation request; Cancellation term detected
TK-245265,GW-OTHER,RETURN-QC-OK,0.95,MEDIUM,True,3499.0,money for the return; reverse pickup; return,Return reverse pickup / QC passed confirmation; General return term detected
TK-245607,GW-OTHER,RETURN-QC-OK,0.825,MEDIUM,True,3499.0,reverse pkp; return,Return reverse pickup / QC passed confirmation; General return term detected
TK-246585,GW-OTHER,CANCEL,0.95,MEDIUM,True,3499.0,cancelled before dispatch; cancellation; cancelled,Explicit pre-dispatch cancellation request; Cancellation term detected
TK-247289,GW-OTHER,CANCEL,0.95,MEDIUM,True,3499.0,cancelled before dispatch; cancellation; cancelled,Explicit pre-dispatch cancellation request; Cancellation term detected
TK-247487,GW-OTHER,RETURN-QC-OK,0.75,MEDIUM,True,3499.0,reverse pickup,Return reverse pickup / QC passed confirmation
TK-247493,GW-OTHER,LOST-TRANSIT,0.75,MEDIUM,True,3499.0,not delivered,Carrier transit failure or confirmed non-delivery
TK-247767,GW-OTHER,RETURN-QC-OK,0.95,MEDIUM,True,3499.0,money for the return; reverse pickup; return,Return reverse pickup / QC passed confirmation; General return term detected
TK-248525,GW-OTHER,WTY-BUYBACK,0.95,MEDIUM,True,3499.0,service centre; RMA status; service centre,Warranty service claim / unrepairable hardware RMA; Warranty / service centre reference
TK-248537,GW-OTHER,DUP-PAYMENT,0.775,MEDIUM,True,3499.0,duplicate payment,Duplicate payment or double debit reported
TK-248849,GW-OTHER,LOST-TRANSIT,0.925,MEDIUM,True,3499.0,not delivered; not delivered,Carrier transit failure or confirmed non-delivery
TK-249092,GW-OTHER,LOST-TRANSIT,0.925,MEDIUM,True,3499.0,not delivered; not delivered,Carrier transit failure or confirmed non-delivery
TK-249713,GW-OTHER,RETURN-QC-OK,0.75,MEDIUM,True,3499.0,Reverse pickup,Return reverse pickup / QC passed confirmation
TK-250008,GW-OTHER,RETURN-QC-OK,0.95,MEDIUM,True,3499.0,money for the return; reverse pkp; return,Return reverse pickup / QC passed confirmation; General return term detected
TK-250140,GW-OTHER,DUP-PAYMENT,0.775,MEDIUM,True,3499.0,charged twice,Duplicate payment or double debit reported
TK-250604,GW-OTHER,CANCEL,0.95,MEDIUM,True,3499.0,Cancelled before dispatch; cancel; cancellation,Explicit pre-dispatch cancellation request; Cancellation term detected
TK-251001,GW-OTHER,CANCEL,0.775,MEDIUM,True,3499.0,cancel; cancel,Cancellation term detected
TK-251070,GW-OTHER,CANCEL,0.95,MEDIUM,True,3499.0,cancel my order; cancellation request; cancel,Explicit pre-dispatch cancellation request; Cancellation term detected
TK-251094,GW-OTHER,DUP-PAYMENT,0.775,MEDIUM,True,3499.0,charged twice,Duplicate payment or double debit reported
TK-252408,GW-OTHER,RETURN-QC-OK,0.75,MEDIUM,True,3499.0,reverse pkp,Return reverse pickup / QC passed confirmation
TK-252604,GW-OTHER,RETURN-QC-OK,0.825,MEDIUM,True,3499.0,money for the return; return,Return reverse pickup / QC passed confirmation; General return term detected
TK-253166,GW-OTHER,RETURN-QC-OK,0.825,MEDIUM,True,3499.0,money for the return; return,Return reverse pickup / QC passed confirmation; General return term detected
TK-253354,GW-OTHER,RETURN-QC-OK,0.75,MEDIUM,True,3499.0,reverse pickup,Return reverse pickup / QC passed confirmation
TK-253406,GW-OTHER,CANCEL,0.95,MEDIUM,True,3499.0,cancelled before dispatch; cancel; cancel,Explicit pre-dispatch cancellation request; Cancellation term detected
TK-253819,GW-OTHER,CANCEL,0.95,MEDIUM,True,3499.0,cancel my order; cancellation request; Cancelled before dispatch,Explicit pre-dispatch cancellation request; Cancellation term detected
TK-254302,GW-OTHER,DUP-PAYMENT,0.775,MEDIUM,True,3499.0,charged twice,Duplicate payment or double debit reported
TK-242730,GW-OTHER,RETURN-QC-OK,0.75,MEDIUM,True,3398.0,reverse pickup,Return reverse pickup / QC passed confirmation
TK-243401,GW-OTHER,DUP-PAYMENT,0.775,MEDIUM,True,3324.0,charged twice,Duplicate payment or double debit reported
TK-244456,GW-OTHER,RETURN-QC-OK,0.75,MEDIUM,True,3324.0,Reverse pickup,Return reverse pickup / QC passed confirmation
TK-248270,GW-OTHER,PRICE-ADJ,0.85,MEDIUM,True,3324.0,Coupon code; promo code,Price adjustment or omitted coupon discount; Pricing difference mention
TK-251265,GW-OTHER,WTY-BUYBACK,0.95,MEDIUM,True,3324.0,service centre; warranty claim; service centre,Warranty service claim / unrepairable hardware RMA; Warranty / service centre reference
TK-242648,GW-OTHER,CANCEL,0.95,MEDIUM,True,3238.0,cancel my order; Cancelled before dispatch; cancel,Explicit pre-dispatch cancellation request; Cancellation term detected
TK-250891,GW-OTHER,DUP-PAYMENT,0.95,MEDIUM,True,3198.0,charged twice; duplicate payment,Duplicate payment or double debit reported
TK-243796,GW-OTHER,LOST-TRANSIT,0.75,MEDIUM,True,3149.0,not delivered,Carrier transit failure or confirmed non-delivery
TK-245902,GW-OTHER,RETURN-QC-OK,0.75,MEDIUM,True,3149.0,Reverse pickup,Return reverse pickup / QC passed confirmation
TK-248782,GW-OTHER,CANCEL,0.775,MEDIUM,True,3149.0,cancel; cancel,Cancellation term detected
TK-251139,GW-OTHER,RETURN-QC-OK,0.75,MEDIUM,True,3149.0,reverse pickup,Return reverse pickup / QC passed confirmation
TK-252280,GW-OTHER,CANCEL,0.775,MEDIUM,True,3149.0,cancel; cancel,Cancellation term detected
TK-252291,GW-OTHER,CANCEL,0.95,MEDIUM,True,3149.0,cancel my order; Cancelled before dispatch; cancel,Explicit pre-dispatch cancellation request; Cancellation term detected
TK-252532,GW-OTHER,RETURN-QC-OK,0.75,MEDIUM,True,3149.0,reverse pickup,Return reverse pickup / QC passed confirmation
TK-253890,GW-OTHER,RETURN-QC-OK,0.75,MEDIUM,True,3149.0,Reverse pkp,Return reverse pickup / QC passed confirmation
TK-243778,GW-OTHER,RETURN-QC-OK,0.75,MEDIUM,True,2974.0,reverse pkp,Return reverse pickup / QC passed confirmation
TK-244840,GW-OTHER,CANCEL,0.95,MEDIUM,True,2974.0,cancellation request; Cancelled before dispatch; cancel,Explicit pre-dispatch cancellation request; Cancellation term detected
TK-244845,GW-OTHER,RETURN-QC-OK,0.75,MEDIUM,True,2974.0,reverse pickup,Return reverse pickup / QC passed confirmation
TK-244967,GW-OTHER,CANCEL,0.775,MEDIUM,True,2974.0,cancel; cancellation,Cancellation term detected
TK-245092,GW-OTHER,CANCEL,0.95,MEDIUM,True,2974.0,cancel my order; cancelled before dispatch; cancel,Explicit pre-dispatch cancellation request; Cancellation term detected
TK-245880,GW-OTHER,RETURN-QC-OK,0.75,MEDIUM,True,2974.0,reverse pickup,Return reverse pickup / QC passed confirmation
TK-247610,GW-OTHER,RETURN-QC-OK,0.95,MEDIUM,True,2974.0,money for the return; reverse pickup; return,Return reverse pickup / QC passed confirmation; General return term detected
TK-248327,GW-OTHER,LOST-TRANSIT,0.95,MEDIUM,True,2974.0,not delivered; not delivered; lost in transit,Carrier transit failure or confirmed non-delivery
TK-249490,GW-OTHER,RETURN-QC-OK,0.75,MEDIUM,True,2974.0,reverse pkp,Return reverse pickup / QC passed confirmation
TK-249952,GW-OTHER,RETURN-QC-OK,0.75,MEDIUM,True,2974.0,reverse pickup,Return reverse pickup / QC passed confirmation
TK-250209,GW-OTHER,LOST-TRANSIT,0.75,MEDIUM,True,2974.0,not delivered,Carrier transit failure or confirmed non-delivery
TK-251708,GW-OTHER,LOST-TRANSIT,0.925,MEDIUM,True,2974.0,not delivered; lost in transit,Carrier transit failure or confirmed non-delivery
TK-253747,GW-OTHER,RETURN-QC-OK,0.825,MEDIUM,True,2974.0,reverse pkp; return,Return reverse pickup / QC passed confirmation; General return term detected
TK-253814,GW-OTHER,CANCEL,0.95,MEDIUM,True,2974.0,Cancelled before dispatch; cancel; cancellation,Explicit pre-dispatch cancellation request; Cancellation term detected
TK-252230,GW-OTHER,CANCEL,0.95,MEDIUM,True,2878.0,Cancellation request; Cancel; cancel,Explicit pre-dispatch cancellation request; Cancellation term detected
TK-243880,GW-OTHER,LOST-TRANSIT,0.75,MEDIUM,True,2799.0,lost in transit,Carrier transit failure or confirmed non-delivery
TK-244273,GW-OTHER,LOST-TRANSIT,0.75,MEDIUM,True,2799.0,not delivered,Carrier transit failure or confirmed non-delivery
TK-244492,GW-OTHER,RETURN-QC-OK,0.75,MEDIUM,True,2799.0,reverse pkp,Return reverse pickup / QC passed confirmation
TK-246262,GW-OTHER,CANCEL,0.95,MEDIUM,True,2799.0,cancellation request; cancel; cancellation,Explicit pre-dispatch cancellation request; Cancellation term detected
TK-246354,GW-OTHER,RETURN-QC-OK,0.75,MEDIUM,True,2799.0,reverse pickup,Return reverse pickup / QC passed confirmation
TK-246788,GW-OTHER,RETURN-QC-OK,0.75,MEDIUM,True,2799.0,reverse pickup,Return reverse pickup / QC passed confirmation
TK-248138,GW-OTHER,CANCEL,0.95,MEDIUM,True,2799.0,Cancelled before dispatch; cancel; cancel,Explicit pre-dispatch cancellation request; Cancellation term detected
TK-249228,GW-OTHER,RETURN-QC-OK,0.75,MEDIUM,True,2799.0,reverse pkp,Return reverse pickup / QC passed confirmation
TK-249527,GW-OTHER,RETURN-QC-OK,0.75,MEDIUM,True,2799.0,reverse pkp,Return reverse pickup / QC passed confirmation
TK-250155,GW-OTHER,RETURN-QC-OK,0.75,MEDIUM,True,2799.0,reverse pickup,Return reverse pickup / QC passed confirmation
TK-252185,GW-OTHER,DOA-REPL,0.75,MEDIUM,True,2799.0,DOA,Dead on Arrival / unboxing hardware failure
TK-252384,GW-OTHER,DUP-PAYMENT,0.95,MEDIUM,True,2799.0,charged twice; duplicate payment,Duplicate payment or double debit reported
TK-253378,GW-OTHER,LOST-TRANSIT,0.925,MEDIUM,True,2799.0,not delivered; lost in transit,Carrier transit failure or confirmed non-delivery
TK-245577,GW-OTHER,CANCEL,0.95,MEDIUM,True,2600.0,Cancelled before dispatch; cancel; cancellation,Explicit pre-dispatch cancellation request; Cancellation term detected
TK-240089,GW-OTHER,CANCEL,0.95,MEDIUM,True,2499.0,cancellation request; cancel; cancelled,Explicit pre-dispatch cancellation request; Cancellation term detected
TK-240242,GW-OTHER,RETURN-QC-OK,0.825,MEDIUM,True,2499.0,reverse pkp; returned,Return reverse pickup / QC passed confirmation; General return term detected
TK-242191,GW-OTHER,LOST-TRANSIT,0.75,MEDIUM,True,2499.0,not delivered,Carrier transit failure or confirmed non-delivery
TK-242666,GW-OTHER,LOST-TRANSIT,0.75,MEDIUM,True,2499.0,not delivered,Carrier transit failure or confirmed non-delivery
TK-243071,GW-OTHER,RETURN-QC-OK,0.75,MEDIUM,True,2499.0,reverse pickup,Return reverse pickup / QC passed confirmation
TK-243965,GW-OTHER,RETURN-QC-OK,0.75,MEDIUM,True,2499.0,reverse pickup,Return reverse pickup / QC passed confirmation
TK-244423,GW-OTHER,CANCEL,0.775,MEDIUM,True,2499.0,cancel; cancel,Cancellation term detected
TK-244969,GW-OTHER,CANCEL,0.775,MEDIUM,True,2499.0,cancel; cancellation,Cancellation term detected
TK-245388,GW-OTHER,CANCEL,0.95,MEDIUM,True,2499.0,cancellation request; cancellation; Cancelled,Explicit pre-dispatch cancellation request; Cancellation term detected
TK-246145,GW-OTHER,DUP-PAYMENT,0.775,MEDIUM,True,2499.0,duplicate payment,Duplicate payment or double debit reported
TK-246948,GW-OTHER,DUP-PAYMENT,0.775,MEDIUM,True,2499.0,charged twice,Duplicate payment or double debit reported
TK-247764,GW-OTHER,RETURN-QC-OK,0.75,MEDIUM,True,2499.0,reverse pkp,Return reverse pickup / QC passed confirmation
TK-248821,GW-OTHER,CANCEL,0.775,MEDIUM,True,2499.0,cancel; cancel,Cancellation term detected
TK-249630,GW-OTHER,RETURN-QC-OK,0.75,MEDIUM,True,2499.0,reverse pkp,Return reverse pickup / QC passed confirmation
TK-249896,GW-OTHER,RETURN-QC-OK,0.825,MEDIUM,True,2499.0,reverse pkp; return,Return reverse pickup / QC passed confirmation; General return term detected
TK-250948,GW-OTHER,WTY-BUYBACK,0.95,MEDIUM,True,2499.0,warranty claim; service centre; warranty,Warranty service claim / unrepairable hardware RMA; Warranty / service centre reference
TK-251042,GW-OTHER,RETURN-QC-OK,0.75,MEDIUM,True,2499.0,reverse pickup,Return reverse pickup / QC passed confirmation
TK-253632,GW-OTHER,RETURN-QC-OK,0.75,MEDIUM,True,2499.0,reverse pickup,Return reverse pickup / QC passed confirmation
TK-254511,GW-OTHER,RETURN-QC-OK,0.75,MEDIUM,True,2499.0,reverse pickup,Return reverse pickup / QC passed confirmation
TK-240381,GW-OTHER,CANCEL,0.95,MEDIUM,True,2374.0,cancellation request; Cancelled before dispatch; cancel,Explicit pre-dispatch cancellation request; Cancellation term detected
TK-241067,GW-OTHER,DOA-REPL,0.75,MEDIUM,True,2374.0,doa,Dead on Arrival / unboxing hardware failure
TK-243086,GW-OTHER,CANCEL,0.95,MEDIUM,True,2374.0,cancellation request; cancelled before dispatch; cancellation,Explicit pre-dispatch cancellation request; Cancellation term detected
TK-243141,GW-OTHER,RETURN-QC-OK,0.825,MEDIUM,True,2374.0,reverse pickup; return,Return reverse pickup / QC passed confirmation; General return term detected
TK-244010,GW-OTHER,RETURN-QC-OK,0.75,MEDIUM,True,2374.0,reverse pickup,Return reverse pickup / QC passed confirmation
TK-245589,GW-OTHER,LOST-TRANSIT,0.75,MEDIUM,True,2374.0,not delivered,Carrier transit failure or confirmed non-delivery
TK-245757,GW-OTHER,CANCEL,0.95,MEDIUM,True,2374.0,cancelled before dispatch; CANCEL; CANCEL,Explicit pre-dispatch cancellation request; Cancellation term detected
TK-243486,GW-OTHER,DUP-PAYMENT,0.775,MEDIUM,True,2250.0,duplicate payment,Duplicate payment or double debit reported
TK-246095,GW-OTHER,CANCEL,0.95,MEDIUM,True,2250.0,cancelled before dispatch; cancel; cancellation,Explicit pre-dispatch cancellation request; Cancellation term detected
TK-240505,GW-OTHER,LOST-TRANSIT,0.75,MEDIUM,True,2249.0,not delivered,Carrier transit failure or confirmed non-delivery
TK-241540,GW-OTHER,RETURN-QC-OK,0.75,MEDIUM,True,2249.0,reverse pkp,Return reverse pickup / QC passed confirmation
TK-242117,GW-OTHER,CANCEL,0.95,MEDIUM,True,2249.0,Cancelled before dispatch; cancel; cancellation,Explicit pre-dispatch cancellation request; Cancellation term detected
TK-243224,GW-OTHER,DUP-PAYMENT,0.775,MEDIUM,True,2249.0,duplicate payment,Duplicate payment or double debit reported
TK-243496,GW-OTHER,LOST-TRANSIT,0.925,MEDIUM,True,2249.0,not delivered; lost in transit,Carrier transit failure or confirmed non-delivery
TK-245381,GW-OTHER,LOST-TRANSIT,0.75,MEDIUM,True,2249.0,not delivered,Carrier transit failure or confirmed non-delivery
TK-247308,GW-OTHER,RETURN-QC-OK,0.825,MEDIUM,True,2249.0,reverse pkp; return,Return reverse pickup / QC passed confirmation; General return term detected
TK-247768,GW-OTHER,RETURN-QC-OK,0.75,MEDIUM,True,2249.0,reverse pickup,Return reverse pickup / QC passed confirmation
TK-253474,GW-OTHER,RETURN-QC-OK,0.825,MEDIUM,True,2249.0,reverse pickup; return,Return reverse pickup / QC passed confirmation; General return term detected
TK-244642,GW-OTHER,RETURN-QC-OK,0.825,MEDIUM,True,2124.0,money for the return; return,Return reverse pickup / QC passed confirmation; General return term detected
TK-245502,GW-OTHER,CANCEL,0.775,MEDIUM,True,2124.0,cancel; cancellation,Cancellation term detected
TK-250094,GW-OTHER,CANCEL,0.95,MEDIUM,True,2124.0,cancellation request; Cancelled before dispatch; cancellation,Explicit pre-dispatch cancellation request; Cancellation term detected
TK-252965,GW-OTHER,DUP-PAYMENT,0.775,MEDIUM,True,2124.0,duplicate payment,Duplicate payment or double debit reported
TK-253395,GW-OTHER,RETURN-QC-OK,0.75,MEDIUM,True,2124.0,reverse pkp,Return reverse pickup / QC passed confirmation
TK-253561,GW-OTHER,RETURN-QC-OK,0.75,MEDIUM,True,2124.0,reverse pickup,Return reverse pickup / QC passed confirmation
TK-254384,GW-OTHER,LOST-TRANSIT,0.75,MEDIUM,True,2124.0,not delivered,Carrier transit failure or confirmed non-delivery
TK-240138,GW-OTHER,CANCEL,0.95,MEDIUM,True,1999.0,Cancelled before dispatch; cancel; Cancelled,Explicit pre-dispatch cancellation request; Cancellation term detected
TK-242001,GW-OTHER,RETURN-QC-OK,0.75,MEDIUM,True,1999.0,reverse pkp,Return reverse pickup / QC passed confirmation
TK-242047,GW-OTHER,RETURN-QC-OK,0.75,MEDIUM,True,1999.0,reverse pickup,Return reverse pickup / QC passed confirmation
TK-242590,GW-OTHER,DUP-PAYMENT,0.95,MEDIUM,True,1999.0,charged twice; duplicate payment,Duplicate payment or double debit reported
TK-242799,GW-OTHER,RETURN-QC-OK,0.95,MEDIUM,True,1999.0,money for the return; reverse pickup; return,Return reverse pickup / QC passed confirmation; General return term detected
TK-242991,GW-OTHER,RETURN-QC-OK,0.75,MEDIUM,True,1999.0,reverse pickup,Return reverse pickup / QC passed confirmation
TK-243592,GW-OTHER,CANCEL,0.95,MEDIUM,True,1999.0,cancelled before dispatch; cancel; cancelled,Explicit pre-dispatch cancellation request; Cancellation term detected
TK-245806,GW-OTHER,CANCEL,0.95,MEDIUM,True,1999.0,cancellation request; cancel; cancellation,Explicit pre-dispatch cancellation request; Cancellation term detected
TK-246399,GW-OTHER,DUP-PAYMENT,0.95,MEDIUM,True,1999.0,charged twice; charged twice,Duplicate payment or double debit reported
TK-251331,GW-OTHER,LOST-TRANSIT,0.75,MEDIUM,True,1999.0,not delivered,Carrier transit failure or confirmed non-delivery
TK-251900,GW-OTHER,RETURN-QC-OK,0.825,MEDIUM,True,1999.0,reverse pkp; return,Return reverse pickup / QC passed confirmation; General return term detected
TK-253652,GW-OTHER,DUP-PAYMENT,0.775,MEDIUM,True,1999.0,duplicate payment,Duplicate payment or double debit reported
TK-241391,GW-OTHER,LOST-TRANSIT,0.75,MEDIUM,True,1799.0,not delivered,Carrier transit failure or confirmed non-delivery
TK-242736,GW-OTHER,DUP-PAYMENT,0.775,MEDIUM,True,1799.0,duplicate payment,Duplicate payment or double debit reported
TK-242987,GW-OTHER,CANCEL,0.95,MEDIUM,True,1799.0,cancellation request; cancel; cancellation,Explicit pre-dispatch cancellation request; Cancellation term detected
TK-243273,GW-OTHER,DUP-PAYMENT,0.95,MEDIUM,True,1799.0,charged twice; charged twice,Duplicate payment or double debit reported
TK-243586,GW-OTHER,DUP-PAYMENT,0.95,MEDIUM,True,1799.0,charged twice; duplicate payment,Duplicate payment or double debit reported
TK-245830,GW-OTHER,RETURN-QC-OK,0.75,MEDIUM,True,1799.0,reverse pkp,Return reverse pickup / QC passed confirmation
TK-246696,GW-OTHER,RETURN-QC-OK,0.75,MEDIUM,True,1799.0,reverse pkp,Return reverse pickup / QC passed confirmation
TK-254368,GW-OTHER,CANCEL,0.875,MEDIUM,True,1799.0,Cancel; cancel; cancellation,Cancellation term detected
TK-240015,GW-OTHER,RETURN-QC-OK,0.95,MEDIUM,True,1709.0,money for the return; reverse pkp; return,Return reverse pickup / QC passed confirmation; General return term detected
TK-243337,GW-OTHER,DUP-PAYMENT,0.775,MEDIUM,True,1709.0,duplicate payment,Duplicate payment or double debit reported
TK-247041,GW-OTHER,LOST-TRANSIT,0.75,MEDIUM,True,1709.0,not delivered,Carrier transit failure or confirmed non-delivery
TK-247503,GW-OTHER,DUP-PAYMENT,0.95,MEDIUM,True,1709.0,charged twice; charged twice,Duplicate payment or double debit reported
TK-248322,GW-OTHER,PRICE-ADJ,0.85,MEDIUM,True,1709.0,Coupon code; promo code,Price adjustment or omitted coupon discount; Pricing difference mention
TK-253727,GW-OTHER,DUP-PAYMENT,0.775,MEDIUM,True,1709.0,charged twice,Duplicate payment or double debit reported
TK-240702,GW-OTHER,CANCEL,0.95,MEDIUM,True,1699.0,cancellation request; cancelled before dispatch; cancel,Explicit pre-dispatch cancellation request; Cancellation term detected
TK-241851,GW-OTHER,WTY-BUYBACK,0.95,MEDIUM,True,1699.0,Service centre; Warranty claim; service centre,Warranty service claim / unrepairable hardware RMA; Warranty / service centre reference
TK-241927,GW-OTHER,DUP-PAYMENT,0.95,MEDIUM,True,1699.0,charged twice; duplicate payment,Duplicate payment or double debit reported
TK-242957,GW-OTHER,WTY-BUYBACK,0.95,MEDIUM,True,1699.0,Warranty claim; service centre; warranty claim,Warranty service claim / unrepairable hardware RMA; Warranty / service centre reference
TK-249725,GW-OTHER,LOST-TRANSIT,0.95,MEDIUM,True,1699.0,not delivered; not delivered; lost in transit,Carrier transit failure or confirmed non-delivery
TK-240737,GW-OTHER,CANCEL,0.85,MEDIUM,True,1619.0,cancellation request; cancellation,Explicit pre-dispatch cancellation request; Cancellation term detected
TK-243991,GW-OTHER,RETURN-QC-OK,0.825,MEDIUM,True,1619.0,money for the return; return,Return reverse pickup / QC passed confirmation; General return term detected
TK-250624,GW-OTHER,WTY-BUYBACK,0.95,MEDIUM,True,1619.0,rma status; rma status; rma,Warranty service claim / unrepairable hardware RMA; Warranty / service centre reference
TK-240328,GW-OTHER,RETURN-QC-OK,0.95,MEDIUM,True,1599.0,money for the return; reverse pickup; return,Return reverse pickup / QC passed confirmation; General return term detected
TK-241155,GW-OTHER,CANCEL,0.95,MEDIUM,True,1599.0,cancel my order; cancel; cancel,Explicit pre-dispatch cancellation request; Cancellation term detected
TK-247354,GW-OTHER,CANCEL,0.875,MEDIUM,True,1599.0,Cancel; cancel; cancellation,Cancellation term detected
TK-252634,GW-OTHER,CANCEL,0.95,MEDIUM,True,1599.0,cancellation request; cancel; cancel,Explicit pre-dispatch cancellation request; Cancellation term detected
TK-245792,GW-OTHER,PRICE-ADJ,0.75,MEDIUM,True,1574.0,coupon code,Price adjustment or omitted coupon discount
TK-246987,GW-OTHER,CANCEL,0.95,MEDIUM,True,1529.0,cancellation request; cancel; cancel,Explicit pre-dispatch cancellation request; Cancellation term detected
TK-253498,GW-OTHER,PRICE-ADJ,0.775,MEDIUM,True,1529.0,Discount; promo code,Pricing difference mention
TK-252601,GW-OTHER,RETURN-QC-OK,0.825,MEDIUM,True,1499.0,Reverse pkp; return,Return reverse pickup / QC passed confirmation; General return term detected
TK-252346,GW-OTHER,RETURN-QC-OK,0.825,MEDIUM,True,1487.0,money for the return; return,Return reverse pickup / QC passed confirmation; General return term detected
TK-241796,GW-OTHER,CANCEL,0.95,MEDIUM,True,1439.0,Cancelled before dispatch; cancellation; Cancelled,Explicit pre-dispatch cancellation request; Cancellation term detected
TK-251738,GW-OTHER,PRICE-ADJ,0.775,MEDIUM,True,1439.0,Discount; discount,Pricing difference mention
TK-240691,GW-OTHER,RETURN-QC-OK,0.95,MEDIUM,True,1424.0,money for the return; reverse pickup; return,Return reverse pickup / QC passed confirmation; General return term detected
TK-245664,GW-OTHER,RETURN-QC-OK,0.75,MEDIUM,True,1424.0,reverse pickup,Return reverse pickup / QC passed confirmation
TK-240117,GW-OTHER,RETURN-QC-OK,0.75,MEDIUM,True,1400.0,reverse pkp,Return reverse pickup / QC passed confirmation
TK-241934,GW-OTHER,RETURN-QC-OK,0.825,MEDIUM,True,1400.0,reverse pickup; return,Return reverse pickup / QC passed confirmation; General return term detected
TK-244231,GW-OTHER,CANCEL,0.775,MEDIUM,True,1400.0,cancel; cancel,Cancellation term detected
TK-246242,GW-OTHER,CANCEL,0.775,MEDIUM,True,1400.0,cancel; cancel,Cancellation term detected
TK-241676,GW-OTHER,RETURN-QC-OK,0.95,MEDIUM,True,1300.0,money for the return; reverse pickup; return,Return reverse pickup / QC passed confirmation; General return term detected
TK-242121,GW-OTHER,WTY-BUYBACK,0.85,MEDIUM,True,1300.0,service centre; service centre,Warranty service claim / unrepairable hardware RMA; Warranty / service centre reference
TK-242965,GW-OTHER,LOST-TRANSIT,0.75,MEDIUM,True,1299.0,not delivered,Carrier transit failure or confirmed non-delivery
TK-245875,GW-OTHER,DUP-PAYMENT,0.775,MEDIUM,True,1299.0,charged twice,Duplicate payment or double debit reported
TK-248916,GW-OTHER,CANCEL,0.95,MEDIUM,True,1299.0,cancel my order; cancel; cancel,Explicit pre-dispatch cancellation request; Cancellation term detected
TK-252357,GW-OTHER,RETURN-QC-OK,0.75,MEDIUM,True,1299.0,reverse pickup,Return reverse pickup / QC passed confirmation
TK-254296,GW-OTHER,RETURN-QC-OK,0.75,MEDIUM,True,1299.0,reverse pickup,Return reverse pickup / QC passed confirmation
TK-253397,GW-OTHER,RETURN-QC-OK,0.75,MEDIUM,True,1274.0,reverse pkp,Return reverse pickup / QC passed confirmation
TK-246059,GW-OTHER,CANCEL,0.775,MEDIUM,True,1250.0,Cancelled; cancel,Cancellation term detected
TK-249833,GW-OTHER,RETURN-QC-OK,0.75,MEDIUM,True,1250.0,reverse pkp,Return reverse pickup / QC passed confirmation
TK-246559,GW-OTHER,DUP-PAYMENT,0.95,MEDIUM,True,1199.0,charged twice; charged twice,Duplicate payment or double debit reported
TK-251438,GW-OTHER,RETURN-QC-OK,0.75,MEDIUM,True,1199.0,reverse pickup,Return reverse pickup / QC passed confirmation
TK-242025,GW-OTHER,CANCEL,0.95,MEDIUM,True,1170.0,Cancelled before dispatch; cancel; cancel,Explicit pre-dispatch cancellation request; Cancellation term detected
TK-254495,GW-OTHER,CANCEL,0.95,MEDIUM,True,1169.0,cancel my order; cancel; cancellation,Explicit pre-dispatch cancellation request; Cancellation term detected
TK-242080,GW-OTHER,DUP-PAYMENT,0.775,MEDIUM,True,1104.0,duplicate payment,Duplicate payment or double debit reported
TK-247468,GW-OTHER,CANCEL,0.95,MEDIUM,True,1104.0,cancellation request; Cancelled before dispatch; cancel,Explicit pre-dispatch cancellation request; Cancellation term detected
TK-249217,GW-OTHER,RETURN-QC-OK,0.825,MEDIUM,True,1104.0,money for the return; return,Return reverse pickup / QC passed confirmation; General return term detected
TK-253335,GW-OTHER,RETURN-QC-OK,0.75,MEDIUM,True,1104.0,reverse pkp,Return reverse pickup / QC passed confirmation
TK-253623,GW-OTHER,RETURN-QC-OK,0.75,MEDIUM,True,1104.0,reverse pickup,Return reverse pickup / QC passed confirmation
TK-252335,GW-OTHER,RETURN-QC-OK,0.75,MEDIUM,True,1050.0,reverse pickup,Return reverse pickup / QC passed confirmation
TK-253563,GW-OTHER,LOST-TRANSIT,0.75,MEDIUM,True,1040.0,not delivered,Carrier transit failure or confirmed non-delivery
TK-246408,GW-OTHER,RETURN-QC-OK,0.75,MEDIUM,True,1039.0,reverse pickup,Return reverse pickup / QC passed confirmation
TK-254289,GW-OTHER,RETURN-QC-OK,0.75,MEDIUM,True,1039.0,reverse pkp,Return reverse pickup / QC passed confirmation
TK-241932,GW-OTHER,DUP-PAYMENT,0.775,MEDIUM,True,1000.0,charged twice,Duplicate payment or double debit reported
TK-242112,GW-OTHER,CANCEL,0.95,MEDIUM,True,975.0,cancelled before dispatch; cancel; cancellation,Explicit pre-dispatch cancellation request; Cancellation term detected
TK-247584,GW-OTHER,DUP-PAYMENT,0.775,MEDIUM,True,975.0,charged twice,Duplicate payment or double debit reported
TK-248803,GW-OTHER,RETURN-QC-OK,0.825,MEDIUM,True,926.0,money for the return; return,Return reverse pickup / QC passed confirmation; General return term detected
TK-250813,GW-OTHER,CANCEL,0.95,MEDIUM,True,926.0,cancel my order; cancel; cancel,Explicit pre-dispatch cancellation request; Cancellation term detected
TK-240003,GW-OTHER,WTY-BUYBACK,0.95,MEDIUM,True,900.0,warranty claim; SERVICE CENTRE; warranty,Warranty service claim / unrepairable hardware RMA; Warranty / service centre reference
TK-253767,GW-OTHER,DUP-PAYMENT,0.95,MEDIUM,True,900.0,charged twice; charged twice,Duplicate payment or double debit reported
TK-253941,GW-OTHER,LOST-TRANSIT,0.75,MEDIUM,True,900.0,not delivered,Carrier transit failure or confirmed non-delivery
TK-253358,GW-OTHER,CANCEL,0.775,MEDIUM,True,892.0,cancel; cancel,Cancellation term detected
TK-245014,GW-OTHER,LOST-TRANSIT,0.75,MEDIUM,True,855.0,not delivered,Carrier transit failure or confirmed non-delivery
TK-244323,GW-OTHER,DUP-PAYMENT,0.775,MEDIUM,True,810.0,charged twice,Duplicate payment or double debit reported
TK-244433,GW-OTHER,CANCEL,0.95,MEDIUM,True,810.0,Cancelled before dispatch; cancel; cancel,Explicit pre-dispatch cancellation request; Cancellation term detected
TK-241962,GW-OTHER,CANCEL,0.775,MEDIUM,True,750.0,cancel; cancel,Cancellation term detected
TK-243657,GW-OTHER,DUP-PAYMENT,0.775,MEDIUM,True,750.0,charged twice,Duplicate payment or double debit reported
TK-240263,GW-OTHER,LOST-TRANSIT,0.95,MEDIUM,True,718.0,not delivered; lost in transit; not delivered,Carrier transit failure or confirmed non-delivery
TK-248652,GW-OTHER,RETURN-QC-OK,0.75,MEDIUM,True,700.0,reverse pkp,Return reverse pickup / QC passed confirmation
TK-249853,GW-OTHER,LOST-TRANSIT,0.75,MEDIUM,True,700.0,not delivered,Carrier transit failure or confirmed non-delivery
TK-252505,GW-OTHER,CANCEL,0.95,MEDIUM,True,700.0,cancelled before dispatch; cancel; cancelled,Explicit pre-dispatch cancellation request; Cancellation term detected
TK-249741,GW-OTHER,DUP-PAYMENT,0.775,MEDIUM,True,650.0,duplicate payment,Duplicate payment or double debit reported
TK-242222,GW-OTHER,PRICE-ADJ,0.75,MEDIUM,True,630.0,coupon code,Price adjustment or omitted coupon discount
TK-246654,GW-OTHER,CANCEL,0.95,MEDIUM,True,630.0,cancelled before dispatch; cancellation; cancelled,Explicit pre-dispatch cancellation request; Cancellation term detected
TK-250255,GW-OTHER,RETURN-QC-OK,0.825,MEDIUM,True,630.0,money for the return; return,Return reverse pickup / QC passed confirmation; General return term detected
TK-242963,GW-OTHER,CANCEL,0.95,MEDIUM,True,617.0,cancel my order; cancellation request; cancelled before dispatch,Explicit pre-dispatch cancellation request; Cancellation term detected
TK-244733,GW-OTHER,DUP-PAYMENT,0.775,MEDIUM,True,600.0,Duplicate payment,Duplicate payment or double debit reported
TK-251451,GW-OTHER,RETURN-QC-OK,0.75,MEDIUM,True,560.0,reverse pickup,Return reverse pickup / QC passed confirmation
TK-252929,GW-OTHER,PRICE-ADJ,0.75,MEDIUM,True,560.0,coupon code,Price adjustment or omitted coupon discount
TK-246935,GW-OTHER,CANCEL,0.95,MEDIUM,True,525.0,cancellation request; Cancelled before dispatch; cancellation,Explicit pre-dispatch cancellation request; Cancellation term detected
TK-248744,GW-OTHER,CANCEL,0.95,MEDIUM,True,525.0,Cancelled before dispatch; cancellation; Cancelled,Explicit pre-dispatch cancellation request; Cancellation term detected
TK-241097,GW-OTHER,RETURN-QC-OK,0.75,MEDIUM,True,500.0,reverse pickup,Return reverse pickup / QC passed confirmation
TK-246247,GW-OTHER,GW-OTHER,0.65,MEDIUM,True,500.0,Refund amount (Rs 500.00) within Rs 500 goodwill cap with no conflicting defect keywords,Consistent with allowable goodwill credit under Policy §5 (within Rs 500 threshold).
TK-246915,GW-OTHER,GW-OTHER,0.65,MEDIUM,True,500.0,Refund amount (Rs 500.00) within Rs 500 goodwill cap with no conflicting defect keywords,Consistent with allowable goodwill credit under Policy §5 (within Rs 500 threshold).
TK-248594,GW-OTHER,GW-OTHER,0.65,MEDIUM,True,500.0,Refund amount (Rs 500.00) within Rs 500 goodwill cap with no conflicting defect keywords,Consistent with allowable goodwill credit under Policy §5 (within Rs 500 threshold).
TK-249535,GW-OTHER,GW-OTHER,0.65,MEDIUM,True,500.0,Refund amount (Rs 500.00) within Rs 500 goodwill cap with no conflicting defect keywords,Consistent with allowable goodwill credit under Policy §5 (within Rs 500 threshold).
TK-250758,GW-OTHER,CANCEL,0.95,MEDIUM,True,500.0,cancelled before dispatch; cancel; cancel,Explicit pre-dispatch cancellation request; Cancellation term detected
TK-251021,GW-OTHER,CANCEL,0.95,MEDIUM,True,500.0,Cancelled before dispatch; cancel; cancel,Explicit pre-dispatch cancellation request; Cancellation term detected
TK-252492,GW-OTHER,LOST-TRANSIT,0.75,MEDIUM,True,500.0,not delivered,Carrier transit failure or confirmed non-delivery
TK-249151,GW-OTHER,GW-OTHER,0.65,MEDIUM,True,499.0,Refund amount (Rs 499.00) within Rs 500 goodwill cap with no conflicting defect keywords,Consistent with allowable goodwill credit under Policy §5 (within Rs 500 threshold).
TK-250341,GW-OTHER,GW-OTHER,0.65,MEDIUM,True,499.0,Refund amount (Rs 499.00) within Rs 500 goodwill cap with no conflicting defect keywords,Consistent with allowable goodwill credit under Policy §5 (within Rs 500 threshold).
TK-240649,GW-OTHER,RETURN-QC-OK,0.75,MEDIUM,True,475.0,Reverse pickup,Return reverse pickup / QC passed confirmation
TK-244310,GW-OTHER,GW-OTHER,0.65,MEDIUM,True,475.0,Refund amount (Rs 475.00) within Rs 500 goodwill cap with no conflicting defect keywords,Consistent with allowable goodwill credit under Policy §5 (within Rs 500 threshold).
TK-249897,GW-OTHER,GW-OTHER,0.65,MEDIUM,True,475.0,Refund amount (Rs 475.00) within Rs 500 goodwill cap with no conflicting defect keywords,Consistent with allowable goodwill credit under Policy §5 (within Rs 500 threshold).
TK-242101,GW-OTHER,PRICE-ADJ,0.6,MEDIUM,True,450.0,discount,Moderate match: Pricing difference mention
TK-249715,GW-OTHER,GW-OTHER,0.65,MEDIUM,True,450.0,Refund amount (Rs 450.00) within Rs 500 goodwill cap with no conflicting defect keywords,Consistent with allowable goodwill credit under Policy §5 (within Rs 500 threshold).
TK-243600,GW-OTHER,GW-OTHER,0.65,MEDIUM,True,446.0,Refund amount (Rs 446.00) within Rs 500 goodwill cap with no conflicting defect keywords,Consistent with allowable goodwill credit under Policy §5 (within Rs 500 threshold).
TK-245345,GW-OTHER,RETURN-QC-OK,0.825,MEDIUM,True,446.0,reverse pickup; return,Return reverse pickup / QC passed confirmation; General return term detected
TK-248536,GW-OTHER,GW-OTHER,0.65,MEDIUM,True,446.0,Refund amount (Rs 446.00) within Rs 500 goodwill cap with no conflicting defect keywords,Consistent with allowable goodwill credit under Policy §5 (within Rs 500 threshold).
TK-251186,GW-OTHER,GW-OTHER,0.65,MEDIUM,True,446.0,Refund amount (Rs 446.00) within Rs 500 goodwill cap with no conflicting defect keywords,Consistent with allowable goodwill credit under Policy §5 (within Rs 500 threshold).
TK-253778,GW-OTHER,LOST-TRANSIT,0.75,MEDIUM,True,446.0,not delivered,Carrier transit failure or confirmed non-delivery
TK-240753,GW-OTHER,GW-OTHER,0.65,MEDIUM,True,400.0,Refund amount (Rs 400.00) within Rs 500 goodwill cap with no conflicting defect keywords,Consistent with allowable goodwill credit under Policy §5 (within Rs 500 threshold).
TK-247022,GW-OTHER,GW-OTHER,0.65,MEDIUM,True,399.0,Refund amount (Rs 399.00) within Rs 500 goodwill cap with no conflicting defect keywords,Consistent with allowable goodwill credit under Policy §5 (within Rs 500 threshold).
TK-252214,GW-OTHER,PRICE-ADJ,0.6,MEDIUM,True,399.0,discount,Moderate match: Pricing difference mention
TK-240641,GW-OTHER,PRICE-ADJ,0.6,MEDIUM,True,380.0,promo code,Moderate match: Pricing difference mention
TK-243286,GW-OTHER,DUP-PAYMENT,0.775,MEDIUM,True,379.0,charged twice,Duplicate payment or double debit reported
TK-245407,GW-OTHER,GW-OTHER,0.65,MEDIUM,True,379.0,Refund amount (Rs 379.00) within Rs 500 goodwill cap with no conflicting defect keywords,Consistent with allowable goodwill credit under Policy §5 (within Rs 500 threshold).
TK-247217,GW-OTHER,GW-OTHER,0.65,MEDIUM,True,379.0,Refund amount (Rs 379.00) within Rs 500 goodwill cap with no conflicting defect keywords,Consistent with allowable goodwill credit under Policy §5 (within Rs 500 threshold).
TK-252188,GW-OTHER,GW-OTHER,0.65,MEDIUM,True,379.0,Refund amount (Rs 379.00) within Rs 500 goodwill cap with no conflicting defect keywords,Consistent with allowable goodwill credit under Policy §5 (within Rs 500 threshold).
TK-241284,GW-OTHER,CANCEL,0.95,MEDIUM,True,375.0,Cancelled before dispatch; CANCEL; Cancelled,Explicit pre-dispatch cancellation request; Cancellation term detected
TK-242520,GW-OTHER,RETURN-QC-OK,0.75,MEDIUM,True,375.0,reverse pickup,Return reverse pickup / QC passed confirmation
TK-246936,GW-OTHER,GW-OTHER,0.65,MEDIUM,True,375.0,Refund amount (Rs 375.00) within Rs 500 goodwill cap with no conflicting defect keywords,Consistent with allowable goodwill credit under Policy §5 (within Rs 500 threshold).
TK-248262,GW-OTHER,GW-OTHER,0.65,MEDIUM,True,375.0,Refund amount (Rs 375.00) within Rs 500 goodwill cap with no conflicting defect keywords,Consistent with allowable goodwill credit under Policy §5 (within Rs 500 threshold).
TK-240496,GW-OTHER,DUP-PAYMENT,0.775,MEDIUM,True,360.0,duplicate payment,Duplicate payment or double debit reported
TK-250954,GW-OTHER,GW-OTHER,0.65,MEDIUM,True,359.0,Refund amount (Rs 359.00) within Rs 500 goodwill cap with no conflicting defect keywords,Consistent with allowable goodwill credit under Policy §5 (within Rs 500 threshold).
TK-245523,GW-OTHER,GW-OTHER,0.65,MEDIUM,True,350.0,Refund amount (Rs 350.00) within Rs 500 goodwill cap with no conflicting defect keywords,Consistent with allowable goodwill credit under Policy §5 (within Rs 500 threshold).
TK-248145,GW-OTHER,RETURN-QC-OK,0.75,MEDIUM,True,350.0,Reverse pkp,Return reverse pickup / QC passed confirmation
TK-249790,GW-OTHER,PRICE-ADJ,0.6,MEDIUM,True,350.0,discount,Moderate match: Pricing difference mention
TK-250634,GW-OTHER,RETURN-QC-OK,0.75,MEDIUM,True,350.0,reverse pkp,Return reverse pickup / QC passed confirmation
TK-252297,GW-OTHER,PRICE-ADJ,0.6,MEDIUM,True,350.0,Discount,Moderate match: Pricing difference mention
TK-253312,GW-OTHER,GW-OTHER,0.65,MEDIUM,True,350.0,Refund amount (Rs 350.00) within Rs 500 goodwill cap with no conflicting defect keywords,Consistent with allowable goodwill credit under Policy §5 (within Rs 500 threshold).
TK-253510,GW-OTHER,CANCEL,0.95,MEDIUM,True,350.0,CANCEL MY ORDER; cancellation request; cancelled before dispatch,Explicit pre-dispatch cancellation request; Cancellation term detected
TK-254372,GW-OTHER,RETURN-QC-OK,0.75,MEDIUM,True,350.0,reverse pkp,Return reverse pickup / QC passed confirmation
TK-241993,GW-OTHER,GW-OTHER,0.65,MEDIUM,True,340.0,Refund amount (Rs 340.00) within Rs 500 goodwill cap with no conflicting defect keywords,Consistent with allowable goodwill credit under Policy §5 (within Rs 500 threshold).
TK-252581,GW-OTHER,GW-OTHER,0.65,MEDIUM,True,340.0,Refund amount (Rs 340.00) within Rs 500 goodwill cap with no conflicting defect keywords,Consistent with allowable goodwill credit under Policy §5 (within Rs 500 threshold).
TK-243601,GW-OTHER,CANCEL,0.95,MEDIUM,True,339.0,cancelled before dispatch; cancel; cancellation,Explicit pre-dispatch cancellation request; Cancellation term detected
TK-242621,GW-OTHER,LOST-TRANSIT,0.925,MEDIUM,True,337.0,not delivered; not delivered,Carrier transit failure or confirmed non-delivery
TK-243895,GW-OTHER,RETURN-QC-OK,0.75,MEDIUM,True,337.0,reverse pickup,Return reverse pickup / QC passed confirmation
TK-240479,GW-OTHER,GW-OTHER,0.65,MEDIUM,True,332.0,Refund amount (Rs 332.00) within Rs 500 goodwill cap with no conflicting defect keywords,Consistent with allowable goodwill credit under Policy §5 (within Rs 500 threshold).
TK-250588,GW-OTHER,GW-OTHER,0.65,MEDIUM,True,332.0,Refund amount (Rs 332.00) within Rs 500 goodwill cap with no conflicting defect keywords,Consistent with allowable goodwill credit under Policy §5 (within Rs 500 threshold).
TK-254480,GW-OTHER,GW-OTHER,0.65,MEDIUM,True,332.0,Refund amount (Rs 332.00) within Rs 500 goodwill cap with no conflicting defect keywords,Consistent with allowable goodwill credit under Policy §5 (within Rs 500 threshold).
TK-241026,GW-OTHER,GW-OTHER,0.65,MEDIUM,True,324.0,Refund amount (Rs 324.00) within Rs 500 goodwill cap with no conflicting defect keywords,Consistent with allowable goodwill credit under Policy §5 (within Rs 500 threshold).
TK-242310,GW-OTHER,RETURN-QC-OK,0.75,MEDIUM,True,319.0,reverse pickup,Return reverse pickup / QC passed confirmation
TK-250108,GW-OTHER,CANCEL,0.95,MEDIUM,True,319.0,cancelled before dispatch; cancel; cancellation,Explicit pre-dispatch cancellation request; Cancellation term detected
TK-252702,GW-OTHER,GW-OTHER,0.65,MEDIUM,True,319.0,Refund amount (Rs 319.00) within Rs 500 goodwill cap with no conflicting defect keywords,Consistent with allowable goodwill credit under Policy §5 (within Rs 500 threshold).
TK-254469,GW-OTHER,CANCEL,0.95,MEDIUM,True,319.0,Cancellation request; Cancelled before dispatch; cancel,Explicit pre-dispatch cancellation request; Cancellation term detected
TK-243329,GW-OTHER,GW-OTHER,0.65,MEDIUM,True,315.0,Refund amount (Rs 315.00) within Rs 500 goodwill cap with no conflicting defect keywords,Consistent with allowable goodwill credit under Policy §5 (within Rs 500 threshold).
TK-244635,GW-OTHER,CANCEL,0.95,MEDIUM,True,315.0,cancelled before dispatch; cancel; cancel,Explicit pre-dispatch cancellation request; Cancellation term detected
TK-248438,GW-OTHER,PRICE-ADJ,0.775,MEDIUM,True,306.0,promo code; promo code,Pricing difference mention
TK-253061,GW-OTHER,RETURN-QC-OK,0.75,MEDIUM,True,300.0,reverse pickup,Return reverse pickup / QC passed confirmation
TK-246910,GW-OTHER,GW-OTHER,0.65,MEDIUM,True,297.0,Refund amount (Rs 297.00) within Rs 500 goodwill cap with no conflicting defect keywords,Consistent with allowable goodwill credit under Policy §5 (within Rs 500 threshold).
TK-247190,GW-OTHER,RETURN-QC-OK,0.825,MEDIUM,True,297.0,reverse pickup; RETURN,Return reverse pickup / QC passed confirmation; General return term detected
TK-252137,GW-OTHER,WTY-BUYBACK,0.95,MEDIUM,True,297.0,warranty claim; service centre; warranty claim,Warranty service claim / unrepairable hardware RMA; Warranty / service centre reference
TK-240023,GW-OTHER,WTY-BUYBACK,0.95,MEDIUM,True,288.0,warranty claim; warranty claim; rma status,Warranty service claim / unrepairable hardware RMA; Warranty / service centre reference
TK-240311,GW-OTHER,GW-OTHER,0.65,MEDIUM,True,288.0,Refund amount (Rs 288.00) within Rs 500 goodwill cap with no conflicting defect keywords,Consistent with allowable goodwill credit under Policy §5 (within Rs 500 threshold).
TK-245443,GW-OTHER,RETURN-QC-OK,0.825,MEDIUM,True,288.0,reverse pickup; return,Return reverse pickup / QC passed confirmation; General return term detected
TK-246700,GW-OTHER,GW-OTHER,0.65,MEDIUM,True,288.0,Refund amount (Rs 288.00) within Rs 500 goodwill cap with no conflicting defect keywords,Consistent with allowable goodwill credit under Policy §5 (within Rs 500 threshold).
TK-241943,GW-OTHER,GW-OTHER,0.65,MEDIUM,True,270.0,Refund amount (Rs 270.00) within Rs 500 goodwill cap with no conflicting defect keywords,Consistent with allowable goodwill credit under Policy §5 (within Rs 500 threshold).
TK-247306,GW-OTHER,CANCEL,0.875,MEDIUM,True,270.0,cancel; cancel; Cancel,Cancellation term detected
TK-248842,GW-OTHER,GW-OTHER,0.65,MEDIUM,True,270.0,Refund amount (Rs 270.00) within Rs 500 goodwill cap with no conflicting defect keywords,Consistent with allowable goodwill credit under Policy §5 (within Rs 500 threshold).
TK-248556,GW-OTHER,GW-OTHER,0.65,MEDIUM,True,250.0,Refund amount (Rs 250.00) within Rs 500 goodwill cap with no conflicting defect keywords,Consistent with allowable goodwill credit under Policy §5 (within Rs 500 threshold).
TK-254467,GW-OTHER,GW-OTHER,0.65,MEDIUM,True,250.0,Refund amount (Rs 250.00) within Rs 500 goodwill cap with no conflicting defect keywords,Consistent with allowable goodwill credit under Policy §5 (within Rs 500 threshold).
TK-250608,GW-OTHER,GW-OTHER,0.65,MEDIUM,True,247.0,Refund amount (Rs 247.00) within Rs 500 goodwill cap with no conflicting defect keywords,Consistent with allowable goodwill credit under Policy §5 (within Rs 500 threshold).
TK-247905,GW-OTHER,GW-OTHER,0.65,MEDIUM,True,237.0,Refund amount (Rs 237.00) within Rs 500 goodwill cap with no conflicting defect keywords,Consistent with allowable goodwill credit under Policy §5 (within Rs 500 threshold).
TK-248183,GW-OTHER,GW-OTHER,0.65,MEDIUM,True,234.0,Refund amount (Rs 234.00) within Rs 500 goodwill cap with no conflicting defect keywords,Consistent with allowable goodwill credit under Policy §5 (within Rs 500 threshold).
TK-244458,GW-OTHER,GW-OTHER,0.65,MEDIUM,True,225.0,Refund amount (Rs 225.00) within Rs 500 goodwill cap with no conflicting defect keywords,Consistent with allowable goodwill credit under Policy §5 (within Rs 500 threshold).
TK-241690,GW-OTHER,GW-OTHER,0.65,MEDIUM,True,216.0,Refund amount (Rs 216.00) within Rs 500 goodwill cap with no conflicting defect keywords,Consistent with allowable goodwill credit under Policy §5 (within Rs 500 threshold).
TK-245382,GW-OTHER,GW-OTHER,0.65,MEDIUM,True,216.0,Refund amount (Rs 216.00) within Rs 500 goodwill cap with no conflicting defect keywords,Consistent with allowable goodwill credit under Policy §5 (within Rs 500 threshold).
TK-241881,GW-OTHER,GW-OTHER,0.65,MEDIUM,True,212.0,Refund amount (Rs 212.00) within Rs 500 goodwill cap with no conflicting defect keywords,Consistent with allowable goodwill credit under Policy §5 (within Rs 500 threshold).
TK-240046,GW-OTHER,GW-OTHER,0.65,MEDIUM,True,200.0,Refund amount (Rs 200.00) within Rs 500 goodwill cap with no conflicting defect keywords,Consistent with allowable goodwill credit under Policy §5 (within Rs 500 threshold).
TK-254243,GW-OTHER,GW-OTHER,0.65,MEDIUM,True,200.0,Refund amount (Rs 200.00) within Rs 500 goodwill cap with no conflicting defect keywords,Consistent with allowable goodwill credit under Policy §5 (within Rs 500 threshold).
TK-253133,GW-OTHER,CANCEL,0.95,MEDIUM,True,195.0,cancellation request; cancelled before dispatch; cancel,Explicit pre-dispatch cancellation request; Cancellation term detected
TK-247489,GW-OTHER,CANCEL,0.95,MEDIUM,True,180.0,cancel my order; cancellation request; cancel,Explicit pre-dispatch cancellation request; Cancellation term detected
TK-249213,GW-OTHER,GW-OTHER,0.65,MEDIUM,True,180.0,Refund amount (Rs 180.00) within Rs 500 goodwill cap with no conflicting defect keywords,Consistent with allowable goodwill credit under Policy §5 (within Rs 500 threshold).
TK-240338,GW-OTHER,GW-OTHER,0.65,MEDIUM,True,170.0,Refund amount (Rs 170.00) within Rs 500 goodwill cap with no conflicting defect keywords,Consistent with allowable goodwill credit under Policy §5 (within Rs 500 threshold).
TK-254481,GW-OTHER,RETURN-QC-OK,0.825,MEDIUM,True,166.0,reverse pkp; return,Return reverse pickup / QC passed confirmation; General return term detected
TK-241003,GW-OTHER,GW-OTHER,0.65,MEDIUM,True,162.0,Refund amount (Rs 162.00) within Rs 500 goodwill cap with no conflicting defect keywords,Consistent with allowable goodwill credit under Policy §5 (within Rs 500 threshold).
TK-244934,GW-OTHER,GW-OTHER,0.65,MEDIUM,True,162.0,Refund amount (Rs 162.00) within Rs 500 goodwill cap with no conflicting defect keywords,Consistent with allowable goodwill credit under Policy §5 (within Rs 500 threshold).
TK-241152,GW-OTHER,RETURN-QC-OK,0.825,MEDIUM,True,160.0,money for the return; return,Return reverse pickup / QC passed confirmation; General return term detected
TK-242266,GW-OTHER,CANCEL,0.95,MEDIUM,True,160.0,cancel my order; cancellation request; cancel,Explicit pre-dispatch cancellation request; Cancellation term detected
TK-248426,GW-OTHER,CANCEL,0.95,MEDIUM,True,160.0,cancelled before dispatch; cancellation; cancelled,Explicit pre-dispatch cancellation request; Cancellation term detected
TK-251723,GW-OTHER,CANCEL,0.95,MEDIUM,True,144.0,cancelled before dispatch; cancellation; cancelled,Explicit pre-dispatch cancellation request; Cancellation term detected
TK-249273,GW-OTHER,GW-OTHER,0.65,MEDIUM,True,130.0,Refund amount (Rs 130.00) within Rs 500 goodwill cap with no conflicting defect keywords,Consistent with allowable goodwill credit under Policy §5 (within Rs 500 threshold).
TK-242131,GW-OTHER,DOA-REPL,0.6,MEDIUM,True,120.0,out of the box,Moderate match: Unboxing defect phrasing
TK-247823,GW-OTHER,GW-OTHER,0.65,MEDIUM,True,117.0,Refund amount (Rs 117.00) within Rs 500 goodwill cap with no conflicting defect keywords,Consistent with allowable goodwill credit under Policy §5 (within Rs 500 threshold).
TK-251282,GW-OTHER,RETURN-QC-OK,0.825,MEDIUM,True,110.0,reverse pickup; return,Return reverse pickup / QC passed confirmation; General return term detected
TK-251237,GW-OTHER,GW-OTHER,0.65,MEDIUM,True,104.0,Refund amount (Rs 104.00) within Rs 500 goodwill cap with no conflicting defect keywords,Consistent with allowable goodwill credit under Policy §5 (within Rs 500 threshold).
TK-240246,GW-OTHER,GW-OTHER,0.65,MEDIUM,True,80.0,Refund amount (Rs 80.00) within Rs 500 goodwill cap with no conflicting defect keywords,Consistent with allowable goodwill credit under Policy §5 (within Rs 500 threshold).
TK-242356,GW-OTHER,GW-OTHER,0.65,MEDIUM,True,64.0,Refund amount (Rs 64.00) within Rs 500 goodwill cap with no conflicting defect keywords,Consistent with allowable goodwill credit under Policy §5 (within Rs 500 threshold).
TK-248633,GW-OTHER,GW-OTHER,0.65,MEDIUM,True,40.0,Refund amount (Rs 40.00) within Rs 500 goodwill cap with no conflicting defect keywords,Consistent with allowable goodwill credit under Policy §5 (within Rs 500 threshold).
TK-245509,GW-OTHER,GW-OTHER,0.65,MEDIUM,True,32.0,Refund amount (Rs 32.00) within Rs 500 goodwill cap with no conflicting defect keywords,Consistent with allowable goodwill credit under Policy §5 (within Rs 500 threshold).
TK-252063,GW-OTHER,GW-OTHER,0.65,MEDIUM,True,32.0,Refund amount (Rs 32.00) within Rs 500 goodwill cap with no conflicting defect keywords,Consistent with allowable goodwill credit under Policy §5 (within Rs 500 threshold).
