ticket_id,flag_count,flags,reason,refund_amount_inr_normalized,refund_reason_code,replacement_issued,order_match_status,resolved_order_id,agent_id
TK-240963,3,FLAG_GW_OVER_CAP; FLAG_REFUND_AND_REPLACEMENT; FLAG_AMBIGUOUS_ORDER,"GW-OTHER refund Rs 1,599.00 above stated Rs 500 goodwill threshold (review candidate requiring text/policy validation) | Both refund Rs 1,599.00 and replacement unit issued | Customer has multiple orders for SKU; match is ambiguous",1599.0,GW-OTHER,Y,ambiguous,,A3030
TK-243792,3,FLAG_GW_OVER_CAP; FLAG_REFUND_AND_REPLACEMENT; FLAG_HIGH_REFUND_AMOUNT,"GW-OTHER refund Rs 5,199.00 above stated Rs 500 goodwill threshold (review candidate requiring text/policy validation) | Both refund Rs 5,199.00 and replacement unit issued | High single refund value of Rs 5,199.00",5199.0,GW-OTHER,Y,quoted_valid,VR906615,A3039
TK-252010,3,FLAG_GW_OVER_CAP; FLAG_REFUND_AND_REPLACEMENT; FLAG_HIGH_REFUND_AMOUNT,"GW-OTHER refund Rs 6,999.00 above stated Rs 500 goodwill threshold (review candidate requiring text/policy validation) | Both refund Rs 6,999.00 and replacement unit issued | High single refund value of Rs 6,999.00",6999.0,GW-OTHER,Y,quoted_valid,VR906674,A3031
TK-251031,3,FLAG_GW_OVER_CAP; FLAG_REFUND_AND_REPLACEMENT; FLAG_HIGH_REFUND_AMOUNT,"GW-OTHER refund Rs 6,649.00 above stated Rs 500 goodwill threshold (review candidate requiring text/policy validation) | Both refund Rs 6,649.00 and replacement unit issued | High single refund value of Rs 6,649.00",6649.0,GW-OTHER,Y,quoted_valid,VR902518,A3014
TK-249195,3,FLAG_GW_OVER_CAP; FLAG_REFUND_AND_REPLACEMENT; FLAG_HIGH_REFUND_AMOUNT,"GW-OTHER refund Rs 5,399.00 above stated Rs 500 goodwill threshold (review candidate requiring text/policy validation) | Both refund Rs 5,399.00 and replacement unit issued | High single refund value of Rs 5,399.00",5399.0,GW-OTHER,Y,quoted_valid,VR890649,A3030
TK-249067,3,FLAG_GW_OVER_CAP; FLAG_AMBIGUOUS_ORDER; FLAG_HIGH_REFUND_AMOUNT,"GW-OTHER refund Rs 6,999.00 above stated Rs 500 goodwill threshold (review candidate requiring text/policy validation) | Customer has multiple orders for SKU; match is ambiguous | High single refund value of Rs 6,999.00",6999.0,GW-OTHER,N,ambiguous,,A3036
TK-250886,3,FLAG_GW_OVER_CAP; FLAG_REFUND_AND_REPLACEMENT; FLAG_HIGH_REFUND_AMOUNT,"GW-OTHER refund Rs 12,348.00 above stated Rs 500 goodwill threshold (review candidate requiring text/policy validation) | Both refund Rs 12,348.00 and replacement unit issued | High single refund value of Rs 12,348.00",12348.0,GW-OTHER,Y,quoted_valid,VR900202,A3041
TK-249329,3,FLAG_GW_OVER_CAP; FLAG_REFUND_AND_REPLACEMENT; FLAG_AMBIGUOUS_ORDER,"GW-OTHER refund Rs 2,799.00 above stated Rs 500 goodwill threshold (review candidate requiring text/policy validation) | Both refund Rs 2,799.00 and replacement unit issued | Customer has multiple orders for SKU; match is ambiguous",2799.0,GW-OTHER,Y,ambiguous,,A3004
TK-248519,3,FLAG_GW_OVER_CAP; FLAG_REFUND_AND_REPLACEMENT; FLAG_HIGH_REFUND_AMOUNT,"GW-OTHER refund Rs 6,499.00 above stated Rs 500 goodwill threshold (review candidate requiring text/policy validation) | Both refund Rs 6,499.00 and replacement unit issued | High single refund value of Rs 6,499.00",6499.0,GW-OTHER,Y,fallback_single,VR888766,A3008
TK-254172,3,FLAG_GW_OVER_CAP; FLAG_REFUND_AND_REPLACEMENT; FLAG_HIGH_REFUND_AMOUNT,"GW-OTHER refund Rs 6,499.00 above stated Rs 500 goodwill threshold (review candidate requiring text/policy validation) | Both refund Rs 6,499.00 and replacement unit issued | High single refund value of Rs 6,499.00",6499.0,GW-OTHER,Y,quoted_valid,VR890959,A3039
TK-249172,3,FLAG_GW_OVER_CAP; FLAG_REFUND_AND_REPLACEMENT; FLAG_AMBIGUOUS_ORDER,"GW-OTHER refund Rs 2,499.00 above stated Rs 500 goodwill threshold (review candidate requiring text/policy validation) | Both refund Rs 2,499.00 and replacement unit issued | Customer has multiple orders for SKU; match is ambiguous",2499.0,GW-OTHER,Y,ambiguous,,A3029
TK-252081,3,FLAG_GW_OVER_CAP; FLAG_AMBIGUOUS_ORDER; FLAG_HIGH_REFUND_AMOUNT,"GW-OTHER refund Rs 6,499.00 above stated Rs 500 goodwill threshold (review candidate requiring text/policy validation) | Customer has multiple orders for SKU; match is ambiguous | High single refund value of Rs 6,499.00",6499.0,GW-OTHER,N,ambiguous,,A3037
TK-252703,3,FLAG_GW_OVER_CAP; FLAG_REFUND_AND_REPLACEMENT; FLAG_HIGH_REFUND_AMOUNT,"GW-OTHER refund Rs 7,998.00 above stated Rs 500 goodwill threshold (review candidate requiring text/policy validation) | Both refund Rs 7,998.00 and replacement unit issued | High single refund value of Rs 7,998.00",7998.0,GW-OTHER,Y,quoted_valid,VR888761,A3008
TK-240829,3,FLAG_GW_OVER_CAP; FLAG_REFUND_AND_REPLACEMENT; FLAG_HIGH_REFUND_AMOUNT,"GW-OTHER refund Rs 13,998.00 above stated Rs 500 goodwill threshold (review candidate requiring text/policy validation) | Both refund Rs 13,998.00 and replacement unit issued | High single refund value of Rs 13,998.00",13998.0,GW-OTHER,Y,fallback_single,VR884568,A3030
TK-244040,3,FLAG_GW_OVER_CAP; FLAG_REFUND_AND_REPLACEMENT; FLAG_HIGH_REFUND_AMOUNT,"GW-OTHER refund Rs 6,174.00 above stated Rs 500 goodwill threshold (review candidate requiring text/policy validation) | Both refund Rs 6,174.00 and replacement unit issued | High single refund value of Rs 6,174.00",6174.0,GW-OTHER,Y,fallback_single,VR883861,A3037
TK-241062,3,FLAG_GW_OVER_CAP; FLAG_REFUND_AND_REPLACEMENT; FLAG_HIGH_REFUND_AMOUNT,"GW-OTHER refund Rs 6,999.00 above stated Rs 500 goodwill threshold (review candidate requiring text/policy validation) | Both refund Rs 6,999.00 and replacement unit issued | High single refund value of Rs 6,999.00",6999.0,GW-OTHER,Y,fallback_single,VR890384,A3018
TK-243814,3,FLAG_GW_OVER_CAP; FLAG_REFUND_AND_REPLACEMENT; FLAG_HIGH_REFUND_AMOUNT,"GW-OTHER refund Rs 6,499.00 above stated Rs 500 goodwill threshold (review candidate requiring text/policy validation) | Both refund Rs 6,499.00 and replacement unit issued | High single refund value of Rs 6,499.00",6499.0,GW-OTHER,Y,quoted_valid,VR880419,A3007
TK-250988,3,FLAG_GW_OVER_CAP; FLAG_AMBIGUOUS_ORDER; FLAG_HIGH_REFUND_AMOUNT,"GW-OTHER refund Rs 6,174.00 above stated Rs 500 goodwill threshold (review candidate requiring text/policy validation) | Customer has multiple orders for SKU; match is ambiguous | High single refund value of Rs 6,174.00",6174.0,GW-OTHER,N,ambiguous,,A3030
TK-240545,3,FLAG_GW_OVER_CAP; FLAG_REFUND_AND_REPLACEMENT; FLAG_HIGH_REFUND_AMOUNT,"GW-OTHER refund Rs 6,299.00 above stated Rs 500 goodwill threshold (review candidate requiring text/policy validation) | Both refund Rs 6,299.00 and replacement unit issued | High single refund value of Rs 6,299.00",6299.0,GW-OTHER,Y,quoted_valid,VR881791,A3030
TK-242985,3,FLAG_GW_OVER_CAP; FLAG_REFUND_AND_REPLACEMENT; FLAG_HIGH_REFUND_AMOUNT,"GW-OTHER refund Rs 6,999.00 above stated Rs 500 goodwill threshold (review candidate requiring text/policy validation) | Both refund Rs 6,999.00 and replacement unit issued | High single refund value of Rs 6,999.00",6999.0,GW-OTHER,Y,quoted_valid,VR901741,A3017
TK-251410,3,FLAG_GW_OVER_CAP; FLAG_REFUND_AND_REPLACEMENT; FLAG_HIGH_REFUND_AMOUNT,"GW-OTHER refund Rs 5,599.00 above stated Rs 500 goodwill threshold (review candidate requiring text/policy validation) | Both refund Rs 5,599.00 and replacement unit issued | High single refund value of Rs 5,599.00",5599.0,GW-OTHER,Y,fallback_single,VR905910,A3010
TK-251988,3,FLAG_GW_OVER_CAP; FLAG_AMBIGUOUS_ORDER; FLAG_HIGH_REFUND_AMOUNT,"GW-OTHER refund Rs 6,998.00 above stated Rs 500 goodwill threshold (review candidate requiring text/policy validation) | Customer has multiple orders for SKU; match is ambiguous | High single refund value of Rs 6,998.00",6998.0,GW-OTHER,N,ambiguous,,A3018
TK-247969,3,FLAG_GW_OVER_CAP; FLAG_REFUND_AND_REPLACEMENT; FLAG_HIGH_REFUND_AMOUNT,"GW-OTHER refund Rs 6,499.00 above stated Rs 500 goodwill threshold (review candidate requiring text/policy validation) | Both refund Rs 6,499.00 and replacement unit issued | High single refund value of Rs 6,499.00",6499.0,GW-OTHER,Y,quoted_valid,VR907000,A3007
TK-241920,3,FLAG_GW_OVER_CAP; FLAG_AMBIGUOUS_ORDER; FLAG_HIGH_REFUND_AMOUNT,"GW-OTHER refund Rs 5,999.00 above stated Rs 500 goodwill threshold (review candidate requiring text/policy validation) | Customer has multiple orders for SKU; match is ambiguous | High single refund value of Rs 5,999.00",5999.0,GW-OTHER,N,ambiguous,,A3036
TK-247941,3,FLAG_GW_OVER_CAP; FLAG_REFUND_AND_REPLACEMENT; FLAG_HIGH_REFUND_AMOUNT,"GW-OTHER refund Rs 6,299.00 above stated Rs 500 goodwill threshold (review candidate requiring text/policy validation) | Both refund Rs 6,299.00 and replacement unit issued | High single refund value of Rs 6,299.00",6299.0,GW-OTHER,Y,fallback_single,VR905264,A3002
TK-246844,3,FLAG_GW_OVER_CAP; FLAG_REFUND_AND_REPLACEMENT; FLAG_HIGH_REFUND_AMOUNT,"GW-OTHER refund Rs 6,499.00 above stated Rs 500 goodwill threshold (review candidate requiring text/policy validation) | Both refund Rs 6,499.00 and replacement unit issued | High single refund value of Rs 6,499.00",6499.0,GW-OTHER,Y,fallback_single,VR900565,A3029
TK-246876,3,FLAG_GW_OVER_CAP; FLAG_REFUND_AND_REPLACEMENT; FLAG_HIGH_REFUND_AMOUNT,"GW-OTHER refund Rs 5,949.00 above stated Rs 500 goodwill threshold (review candidate requiring text/policy validation) | Both refund Rs 5,949.00 and replacement unit issued | High single refund value of Rs 5,949.00",5949.0,GW-OTHER,Y,fallback_single,VR901342,A3030
TK-246170,3,FLAG_GW_OVER_CAP; FLAG_REFUND_AND_REPLACEMENT; FLAG_HIGH_REFUND_AMOUNT,"GW-OTHER refund Rs 6,999.00 above stated Rs 500 goodwill threshold (review candidate requiring text/policy validation) | Both refund Rs 6,999.00 and replacement unit issued | High single refund value of Rs 6,999.00",6999.0,GW-OTHER,Y,quoted_valid,VR901110,A3039
TK-245871,3,FLAG_GW_OVER_CAP; FLAG_AMBIGUOUS_ORDER; FLAG_HIGH_REFUND_AMOUNT,"GW-OTHER refund Rs 6,999.00 above stated Rs 500 goodwill threshold (review candidate requiring text/policy validation) | Customer has multiple orders for SKU; match is ambiguous | High single refund value of Rs 6,999.00",6999.0,GW-OTHER,N,ambiguous,,A3028
TK-245910,3,FLAG_GW_OVER_CAP; FLAG_AMBIGUOUS_ORDER; FLAG_HIGH_REFUND_AMOUNT,"GW-OTHER refund Rs 5,399.00 above stated Rs 500 goodwill threshold (review candidate requiring text/policy validation) | Customer has multiple orders for SKU; match is ambiguous | High single refund value of Rs 5,399.00",5399.0,GW-OTHER,N,ambiguous,,A3023
TK-245256,3,FLAG_GW_OVER_CAP; FLAG_REFUND_AND_REPLACEMENT; FLAG_HIGH_REFUND_AMOUNT,"GW-OTHER refund Rs 6,174.00 above stated Rs 500 goodwill threshold (review candidate requiring text/policy validation) | Both refund Rs 6,174.00 and replacement unit issued | High single refund value of Rs 6,174.00",6174.0,GW-OTHER,Y,fallback_single,VR883861,A3015
TK-245112,3,FLAG_GW_OVER_CAP; FLAG_AMBIGUOUS_ORDER; FLAG_HIGH_REFUND_AMOUNT,"GW-OTHER refund Rs 6,299.00 above stated Rs 500 goodwill threshold (review candidate requiring text/policy validation) | Customer has multiple orders for SKU; match is ambiguous | High single refund value of Rs 6,299.00",6299.0,GW-OTHER,N,ambiguous,,A3026
TK-244677,3,FLAG_GW_OVER_CAP; FLAG_REFUND_AND_REPLACEMENT; FLAG_HIGH_REFUND_AMOUNT,"GW-OTHER refund Rs 6,999.00 above stated Rs 500 goodwill threshold (review candidate requiring text/policy validation) | Both refund Rs 6,999.00 and replacement unit issued | High single refund value of Rs 6,999.00",6999.0,GW-OTHER,Y,fallback_single,VR898778,A3013
TK-253997,3,FLAG_GW_OVER_CAP; FLAG_REFUND_AND_REPLACEMENT; FLAG_HIGH_REFUND_AMOUNT,"GW-OTHER refund Rs 6,299.00 above stated Rs 500 goodwill threshold (review candidate requiring text/policy validation) | Both refund Rs 6,299.00 and replacement unit issued | High single refund value of Rs 6,299.00",6299.0,GW-OTHER,Y,quoted_valid,VR882872,A3027
TK-240444,3,FLAG_REFUND_AND_REPLACEMENT; FLAG_AMBIGUOUS_ORDER; FLAG_HIGH_REFUND_AMOUNT,"Both refund Rs 5,999.00 and replacement unit issued | Customer has multiple orders for SKU; match is ambiguous | High single refund value of Rs 5,999.00",5999.0,WTY-BUYBACK,Y,ambiguous,,A3018
TK-240483,3,FLAG_GW_OVER_CAP; FLAG_REFUND_AND_REPLACEMENT; FLAG_HIGH_REFUND_AMOUNT,"GW-OTHER refund Rs 5,599.00 above stated Rs 500 goodwill threshold (review candidate requiring text/policy validation) | Both refund Rs 5,599.00 and replacement unit issued | High single refund value of Rs 5,599.00",5599.0,GW-OTHER,Y,quoted_valid,VR906638,A3025
TK-243961,2,FLAG_GW_OVER_CAP; FLAG_REFUND_AND_REPLACEMENT,"GW-OTHER refund Rs 1,619.00 above stated Rs 500 goodwill threshold (review candidate requiring text/policy validation) | Both refund Rs 1,619.00 and replacement unit issued",1619.0,GW-OTHER,Y,fallback_single,VR885056,A3017
TK-243097,2,FLAG_GW_OVER_CAP; FLAG_HIGH_REFUND_AMOUNT,"GW-OTHER refund Rs 5,599.00 above stated Rs 500 goodwill threshold (review candidate requiring text/policy validation) | High single refund value of Rs 5,599.00",5599.0,GW-OTHER,N,quoted_valid,VR909251,A3016
TK-243789,2,FLAG_GW_OVER_CAP; FLAG_HIGH_REFUND_AMOUNT,"GW-OTHER refund Rs 6,499.00 above stated Rs 500 goodwill threshold (review candidate requiring text/policy validation) | High single refund value of Rs 6,499.00",6499.0,GW-OTHER,N,quoted_valid,VR902850,A3039
TK-243659,2,FLAG_GW_OVER_CAP; FLAG_HIGH_REFUND_AMOUNT,"GW-OTHER refund Rs 6,499.00 above stated Rs 500 goodwill threshold (review candidate requiring text/policy validation) | High single refund value of Rs 6,499.00",6499.0,GW-OTHER,N,quoted_valid,VR884765,A3034
TK-243461,2,FLAG_GW_OVER_CAP; FLAG_AMBIGUOUS_ORDER,"GW-OTHER refund Rs 1,999.00 above stated Rs 500 goodwill threshold (review candidate requiring text/policy validation) | Customer has multiple orders for SKU; match is ambiguous",1999.0,GW-OTHER,N,ambiguous,,A3031
TK-243392,2,FLAG_GW_OVER_CAP; FLAG_HIGH_REFUND_AMOUNT,"GW-OTHER refund Rs 6,174.00 above stated Rs 500 goodwill threshold (review candidate requiring text/policy validation) | High single refund value of Rs 6,174.00",6174.0,GW-OTHER,N,quoted_valid,VR901743,A3010
TK-243402,2,FLAG_GW_OVER_CAP; FLAG_REFUND_AND_REPLACEMENT,"GW-OTHER refund Rs 1,709.00 above stated Rs 500 goodwill threshold (review candidate requiring text/policy validation) | Both refund Rs 1,709.00 and replacement unit issued",1709.0,GW-OTHER,Y,quoted_valid,VR884737,A3027
TK-253599,2,FLAG_GW_OVER_CAP; FLAG_REFUND_AND_REPLACEMENT,"GW-OTHER refund Rs 4,749.00 above stated Rs 500 goodwill threshold (review candidate requiring text/policy validation) | Both refund Rs 4,749.00 and replacement unit issued",4749.0,GW-OTHER,Y,quoted_valid,VR889923,A3039
TK-253615,2,FLAG_GW_OVER_CAP; FLAG_REFUND_AND_REPLACEMENT,"GW-OTHER refund Rs 2,974.00 above stated Rs 500 goodwill threshold (review candidate requiring text/policy validation) | Both refund Rs 2,974.00 and replacement unit issued",2974.0,GW-OTHER,Y,quoted_valid,VR882229,A3011
TK-253422,2,FLAG_GW_OVER_CAP; FLAG_HIGH_REFUND_AMOUNT,"GW-OTHER refund Rs 6,499.00 above stated Rs 500 goodwill threshold (review candidate requiring text/policy validation) | High single refund value of Rs 6,499.00",6499.0,GW-OTHER,N,fallback_single,VR896679,A3012
TK-253451,2,FLAG_GW_OVER_CAP; FLAG_HIGH_REFUND_AMOUNT,"GW-OTHER refund Rs 6,999.00 above stated Rs 500 goodwill threshold (review candidate requiring text/policy validation) | High single refund value of Rs 6,999.00",6999.0,GW-OTHER,N,quoted_valid,VR902816,A3009
TK-253521,2,FLAG_GW_OVER_CAP; FLAG_HIGH_REFUND_AMOUNT,"GW-OTHER refund Rs 5,999.00 above stated Rs 500 goodwill threshold (review candidate requiring text/policy validation) | High single refund value of Rs 5,999.00",5999.0,GW-OTHER,N,quoted_valid,VR906115,A3034
TK-253345,2,FLAG_GW_OVER_CAP; FLAG_REFUND_AND_REPLACEMENT,"GW-OTHER refund Rs 2,124.00 above stated Rs 500 goodwill threshold (review candidate requiring text/policy validation) | Both refund Rs 2,124.00 and replacement unit issued",2124.0,GW-OTHER,Y,fallback_single,VR895926,A3017
TK-253362,2,FLAG_GW_OVER_CAP; FLAG_HIGH_REFUND_AMOUNT,"GW-OTHER refund Rs 6,174.00 above stated Rs 500 goodwill threshold (review candidate requiring text/policy validation) | High single refund value of Rs 6,174.00",6174.0,GW-OTHER,N,quoted_valid,VR909782,A3031
TK-240554,2,FLAG_GW_OVER_CAP; FLAG_HIGH_REFUND_AMOUNT,"GW-OTHER refund Rs 5,199.00 above stated Rs 500 goodwill threshold (review candidate requiring text/policy validation) | High single refund value of Rs 5,199.00",5199.0,GW-OTHER,N,quoted_valid,VR883209,A3035
TK-240588,2,FLAG_GW_OVER_CAP; FLAG_REFUND_AND_REPLACEMENT,"GW-OTHER refund Rs 2,499.00 above stated Rs 500 goodwill threshold (review candidate requiring text/policy validation) | Both refund Rs 2,499.00 and replacement unit issued",2499.0,GW-OTHER,Y,quoted_valid,VR908181,A3027
TK-240650,2,FLAG_GW_OVER_CAP; FLAG_HIGH_REFUND_AMOUNT,"GW-OTHER refund Rs 6,299.00 above stated Rs 500 goodwill threshold (review candidate requiring text/policy validation) | High single refund value of Rs 6,299.00",6299.0,GW-OTHER,N,quoted_valid,VR889833,A3033
TK-240682,2,FLAG_GW_OVER_CAP; FLAG_HIGH_REFUND_AMOUNT,"GW-OTHER refund Rs 6,999.00 above stated Rs 500 goodwill threshold (review candidate requiring text/policy validation) | High single refund value of Rs 6,999.00",6999.0,GW-OTHER,N,quoted_valid,VR883621,A3012
TK-240699,2,FLAG_GW_OVER_CAP; FLAG_HIGH_REFUND_AMOUNT,"GW-OTHER refund Rs 6,649.00 above stated Rs 500 goodwill threshold (review candidate requiring text/policy validation) | High single refund value of Rs 6,649.00",6649.0,GW-OTHER,N,quoted_valid,VR895200,A3030
TK-253123,2,FLAG_GW_OVER_CAP; FLAG_AMBIGUOUS_ORDER,GW-OTHER refund Rs 765.00 above stated Rs 500 goodwill threshold (review candidate requiring text/policy validation) | Customer has multiple orders for SKU; match is ambiguous,765.0,GW-OTHER,N,ambiguous,,A3036
TK-253146,2,FLAG_GW_OVER_CAP; FLAG_HIGH_REFUND_AMOUNT,"GW-OTHER refund Rs 5,524.00 above stated Rs 500 goodwill threshold (review candidate requiring text/policy validation) | High single refund value of Rs 5,524.00",5524.0,GW-OTHER,N,quoted_valid,VR886558,A3011
TK-254381,2,FLAG_GW_OVER_CAP; FLAG_REFUND_AND_REPLACEMENT,"GW-OTHER refund Rs 1,709.00 above stated Rs 500 goodwill threshold (review candidate requiring text/policy validation) | Both refund Rs 1,709.00 and replacement unit issued",1709.0,GW-OTHER,Y,quoted_valid,VR908615,A3006
TK-252973,2,FLAG_AMBIGUOUS_ORDER; FLAG_HIGH_REFUND_AMOUNT,"Customer has multiple orders for SKU; match is ambiguous | High single refund value of Rs 5,598.00",5598.0,DOA-REPL,N,ambiguous,,A3044
TK-253024,2,FLAG_GW_OVER_CAP; FLAG_HIGH_REFUND_AMOUNT,"GW-OTHER refund Rs 6,174.00 above stated Rs 500 goodwill threshold (review candidate requiring text/policy validation) | High single refund value of Rs 6,174.00",6174.0,GW-OTHER,N,quoted_valid,VR893287,A3036
TK-252675,2,FLAG_GW_OVER_CAP; FLAG_REFUND_AND_REPLACEMENT,"GW-OTHER refund Rs 2,499.00 above stated Rs 500 goodwill threshold (review candidate requiring text/policy validation) | Both refund Rs 2,499.00 and replacement unit issued",2499.0,GW-OTHER,Y,quoted_valid,VR908098,A3040
TK-252678,2,FLAG_GW_OVER_CAP; FLAG_REFUND_AND_REPLACEMENT,"GW-OTHER refund Rs 2,799.00 above stated Rs 500 goodwill threshold (review candidate requiring text/policy validation) | Both refund Rs 2,799.00 and replacement unit issued",2799.0,GW-OTHER,Y,quoted_valid,VR906781,A3030
TK-252693,2,FLAG_GW_OVER_CAP; FLAG_HIGH_REFUND_AMOUNT,"GW-OTHER refund Rs 5,849.00 above stated Rs 500 goodwill threshold (review candidate requiring text/policy validation) | High single refund value of Rs 5,849.00",5849.0,GW-OTHER,N,quoted_valid,VR886612,A3036
TK-252699,2,FLAG_GW_OVER_CAP; FLAG_HIGH_REFUND_AMOUNT,"GW-OTHER refund Rs 6,998.00 above stated Rs 500 goodwill threshold (review candidate requiring text/policy validation) | High single refund value of Rs 6,998.00",6998.0,GW-OTHER,N,quoted_valid,VR888041,A3016
TK-240834,2,FLAG_GW_OVER_CAP; FLAG_HIGH_REFUND_AMOUNT,"GW-OTHER refund Rs 5,199.00 above stated Rs 500 goodwill threshold (review candidate requiring text/policy validation) | High single refund value of Rs 5,199.00",5199.0,GW-OTHER,N,quoted_valid,VR883767,A3035
TK-240835,2,FLAG_GW_OVER_CAP; FLAG_HIGH_REFUND_AMOUNT,"GW-OTHER refund Rs 6,299.00 above stated Rs 500 goodwill threshold (review candidate requiring text/policy validation) | High single refund value of Rs 6,299.00",6299.0,GW-OTHER,N,quoted_valid,VR888358,A3015
TK-252627,2,FLAG_GW_OVER_CAP; FLAG_HIGH_REFUND_AMOUNT,"GW-OTHER refund Rs 5,199.00 above stated Rs 500 goodwill threshold (review candidate requiring text/policy validation) | High single refund value of Rs 5,199.00",5199.0,GW-OTHER,N,fallback_single,VR898201,A3015
TK-252641,2,FLAG_AMBIGUOUS_ORDER; FLAG_HIGH_REFUND_AMOUNT,"Customer has multiple orders for SKU; match is ambiguous | High single refund value of Rs 6,999.00",6999.0,RETURN-QC-OK,N,ambiguous,,A3030
TK-252644,2,FLAG_GW_OVER_CAP; FLAG_AMBIGUOUS_ORDER,"GW-OTHER refund Rs 1,400.00 above stated Rs 500 goodwill threshold (review candidate requiring text/policy validation) | Customer has multiple orders for SKU; match is ambiguous",1400.0,GW-OTHER,N,ambiguous,,A3020
TK-252414,2,FLAG_GW_OVER_CAP; FLAG_HIGH_REFUND_AMOUNT,"GW-OTHER refund Rs 6,499.00 above stated Rs 500 goodwill threshold (review candidate requiring text/policy validation) | High single refund value of Rs 6,499.00",6499.0,GW-OTHER,N,quoted_valid,VR887667,A3033
TK-252460,2,FLAG_GW_OVER_CAP; FLAG_AMBIGUOUS_ORDER,"GW-OTHER refund Rs 2,799.00 above stated Rs 500 goodwill threshold (review candidate requiring text/policy validation) | Customer has multiple orders for SKU; match is ambiguous",2799.0,GW-OTHER,N,ambiguous,,A3002
TK-252308,2,FLAG_GW_OVER_CAP; FLAG_HIGH_REFUND_AMOUNT,"GW-OTHER refund Rs 6,499.00 above stated Rs 500 goodwill threshold (review candidate requiring text/policy validation) | High single refund value of Rs 6,499.00",6499.0,GW-OTHER,N,quoted_valid,VR881487,A3028
TK-252370,2,FLAG_GW_OVER_CAP; FLAG_AMBIGUOUS_ORDER,"GW-OTHER refund Rs 2,799.00 above stated Rs 500 goodwill threshold (review candidate requiring text/policy validation) | Customer has multiple orders for SKU; match is ambiguous",2799.0,GW-OTHER,N,ambiguous,,A3034
TK-252400,2,FLAG_GW_OVER_CAP; FLAG_HIGH_REFUND_AMOUNT,"GW-OTHER refund Rs 6,499.00 above stated Rs 500 goodwill threshold (review candidate requiring text/policy validation) | High single refund value of Rs 6,499.00",6499.0,GW-OTHER,N,fallback_single,VR907332,A3036
TK-252073,2,FLAG_GW_OVER_CAP; FLAG_HIGH_REFUND_AMOUNT,"GW-OTHER refund Rs 6,298.00 above stated Rs 500 goodwill threshold (review candidate requiring text/policy validation) | High single refund value of Rs 6,298.00",6298.0,GW-OTHER,N,quoted_valid,VR888101,A3001
TK-252076,2,FLAG_GW_OVER_CAP; FLAG_HIGH_REFUND_AMOUNT,"GW-OTHER refund Rs 6,999.00 above stated Rs 500 goodwill threshold (review candidate requiring text/policy validation) | High single refund value of Rs 6,999.00",6999.0,GW-OTHER,N,quoted_valid,VR893347,A3038
TK-252082,2,FLAG_GW_OVER_CAP; FLAG_AMBIGUOUS_ORDER,"GW-OTHER refund Rs 2,799.00 above stated Rs 500 goodwill threshold (review candidate requiring text/policy validation) | Customer has multiple orders for SKU; match is ambiguous",2799.0,GW-OTHER,N,ambiguous,,A3021
TK-252173,2,FLAG_GW_OVER_CAP; FLAG_HIGH_REFUND_AMOUNT,"GW-OTHER refund Rs 6,299.00 above stated Rs 500 goodwill threshold (review candidate requiring text/policy validation) | High single refund value of Rs 6,299.00",6299.0,GW-OTHER,N,quoted_valid,VR895477,A3038
TK-240845,2,FLAG_GW_OVER_CAP; FLAG_HIGH_REFUND_AMOUNT,"GW-OTHER refund Rs 5,199.00 above stated Rs 500 goodwill threshold (review candidate requiring text/policy validation) | High single refund value of Rs 5,199.00",5199.0,GW-OTHER,N,quoted_valid,VR883516,A3032
TK-252024,2,FLAG_GW_OVER_CAP; FLAG_REFUND_AND_REPLACEMENT,"GW-OTHER refund Rs 2,499.00 above stated Rs 500 goodwill threshold (review candidate requiring text/policy validation) | Both refund Rs 2,499.00 and replacement unit issued",2499.0,GW-OTHER,Y,quoted_valid,VR884950,A3027
TK-251831,2,FLAG_GW_OVER_CAP; FLAG_HIGH_REFUND_AMOUNT,"GW-OTHER refund Rs 9,498.00 above stated Rs 500 goodwill threshold (review candidate requiring text/policy validation) | High single refund value of Rs 9,498.00",9498.0,GW-OTHER,N,quoted_valid,VR882036,A3036
TK-251840,2,FLAG_GW_OVER_CAP; FLAG_REFUND_AND_REPLACEMENT,"GW-OTHER refund Rs 3,499.00 above stated Rs 500 goodwill threshold (review candidate requiring text/policy validation) | Both refund Rs 3,499.00 and replacement unit issued",3499.0,GW-OTHER,Y,quoted_valid,VR881852,A3030
TK-251856,2,FLAG_GW_OVER_CAP; FLAG_HIGH_REFUND_AMOUNT,"GW-OTHER refund Rs 6,999.00 above stated Rs 500 goodwill threshold (review candidate requiring text/policy validation) | High single refund value of Rs 6,999.00",6999.0,GW-OTHER,N,quoted_valid,VR906674,A3034
TK-251644,2,FLAG_GW_OVER_CAP; FLAG_AMBIGUOUS_ORDER,GW-OTHER refund Rs 630.00 above stated Rs 500 goodwill threshold (review candidate requiring text/policy validation) | Customer has multiple orders for SKU; match is ambiguous,630.0,GW-OTHER,N,ambiguous,,A3038
TK-251706,2,FLAG_GW_OVER_CAP; FLAG_REFUND_AND_REPLACEMENT,"GW-OTHER refund Rs 3,499.00 above stated Rs 500 goodwill threshold (review candidate requiring text/policy validation) | Both refund Rs 3,499.00 and replacement unit issued",3499.0,GW-OTHER,Y,quoted_valid,VR908740,A3004
TK-251519,2,FLAG_GW_OVER_CAP; FLAG_HIGH_REFUND_AMOUNT,"GW-OTHER refund Rs 5,699.00 above stated Rs 500 goodwill threshold (review candidate requiring text/policy validation) | High single refund value of Rs 5,699.00",5699.0,GW-OTHER,N,quoted_valid,VR906363,A3007
TK-251523,2,FLAG_GW_OVER_CAP; FLAG_AMBIGUOUS_ORDER,"GW-OTHER refund Rs 1,487.00 above stated Rs 500 goodwill threshold (review candidate requiring text/policy validation) | Customer has multiple orders for SKU; match is ambiguous",1487.0,GW-OTHER,N,ambiguous,,A3035
TK-251620,2,FLAG_GW_OVER_CAP; FLAG_REFUND_AND_REPLACEMENT,"GW-OTHER refund Rs 1,299.00 above stated Rs 500 goodwill threshold (review candidate requiring text/policy validation) | Both refund Rs 1,299.00 and replacement unit issued",1299.0,GW-OTHER,Y,quoted_valid,VR897550,A3013
TK-251443,2,FLAG_GW_OVER_CAP; FLAG_HIGH_REFUND_AMOUNT,"GW-OTHER refund Rs 5,399.00 above stated Rs 500 goodwill threshold (review candidate requiring text/policy validation) | High single refund value of Rs 5,399.00",5399.0,GW-OTHER,N,quoted_valid,VR907063,A3013
TK-251515,2,FLAG_AMBIGUOUS_ORDER; FLAG_HIGH_REFUND_AMOUNT,"Customer has multiple orders for SKU; match is ambiguous | High single refund value of Rs 5,598.00",5598.0,RETURN-QC-OK,N,ambiguous,,A3038
TK-240960,2,FLAG_REFUND_AND_REPLACEMENT; FLAG_AMBIGUOUS_ORDER,"Both refund Rs 1,499.00 and replacement unit issued | Customer has multiple orders for SKU; match is ambiguous",1499.0,DOA-REPL,Y,ambiguous,,A3030
TK-253197,2,FLAG_GW_OVER_CAP; FLAG_AMBIGUOUS_ORDER,"GW-OTHER refund Rs 3,149.00 above stated Rs 500 goodwill threshold (review candidate requiring text/policy validation) | Customer has multiple orders for SKU; match is ambiguous",3149.0,GW-OTHER,N,ambiguous,,A3036
TK-240980,2,FLAG_GW_OVER_CAP; FLAG_HIGH_REFUND_AMOUNT,"GW-OTHER refund Rs 5,399.00 above stated Rs 500 goodwill threshold (review candidate requiring text/policy validation) | High single refund value of Rs 5,399.00",5399.0,GW-OTHER,N,quoted_valid,VR886903,A3037
TK-241038,2,FLAG_GW_OVER_CAP; FLAG_HIGH_REFUND_AMOUNT,"GW-OTHER refund Rs 5,849.00 above stated Rs 500 goodwill threshold (review candidate requiring text/policy validation) | High single refund value of Rs 5,849.00",5849.0,GW-OTHER,N,quoted_valid,VR893097,A3018
TK-241058,2,FLAG_AMBIGUOUS_ORDER; FLAG_HIGH_REFUND_AMOUNT,"Customer has multiple orders for SKU; match is ambiguous | High single refund value of Rs 5,849.00",5849.0,CANCEL,N,ambiguous,,A3013
TK-241065,2,FLAG_AMBIGUOUS_ORDER; FLAG_HIGH_REFUND_AMOUNT,"Customer has multiple orders for SKU; match is ambiguous | High single refund value of Rs 5,849.00",5849.0,DUP-PAYMENT,N,ambiguous,,A3034
TK-251369,2,FLAG_GW_OVER_CAP; FLAG_HIGH_REFUND_AMOUNT,"GW-OTHER refund Rs 5,199.00 above stated Rs 500 goodwill threshold (review candidate requiring text/policy validation) | High single refund value of Rs 5,199.00",5199.0,GW-OTHER,N,quoted_valid,VR899274,A3037
TK-251401,2,FLAG_GW_OVER_CAP; FLAG_AMBIGUOUS_ORDER,GW-OTHER refund Rs 900.00 above stated Rs 500 goodwill threshold (review candidate requiring text/policy validation) | Customer has multiple orders for SKU; match is ambiguous,900.0,GW-OTHER,N,ambiguous,,A3015
TK-251248,2,FLAG_GW_OVER_CAP; FLAG_REFUND_AND_REPLACEMENT,"GW-OTHER refund Rs 4,999.00 above stated Rs 500 goodwill threshold (review candidate requiring text/policy validation) | Both refund Rs 4,999.00 and replacement unit issued",4999.0,GW-OTHER,Y,quoted_valid,VR888273,A3005
TK-251284,2,FLAG_GW_OVER_CAP; FLAG_REFUND_AND_REPLACEMENT,"GW-OTHER refund Rs 1,662.00 above stated Rs 500 goodwill threshold (review candidate requiring text/policy validation) | Both refund Rs 1,662.00 and replacement unit issued",1662.0,GW-OTHER,Y,fallback_single,VR904229,A3031
TK-251200,2,FLAG_GW_OVER_CAP; FLAG_AMBIGUOUS_ORDER,"GW-OTHER refund Rs 2,124.00 above stated Rs 500 goodwill threshold (review candidate requiring text/policy validation) | Customer has multiple orders for SKU; match is ambiguous",2124.0,GW-OTHER,N,ambiguous,,A3027
TK-250974,2,FLAG_GW_OVER_CAP; FLAG_REFUND_AND_REPLACEMENT,"GW-OTHER refund Rs 3,499.00 above stated Rs 500 goodwill threshold (review candidate requiring text/policy validation) | Both refund Rs 3,499.00 and replacement unit issued",3499.0,GW-OTHER,Y,fallback_single,VR900981,A3028
TK-250977,2,FLAG_GW_OVER_CAP; FLAG_REFUND_AND_REPLACEMENT,"GW-OTHER refund Rs 3,499.00 above stated Rs 500 goodwill threshold (review candidate requiring text/policy validation) | Both refund Rs 3,499.00 and replacement unit issued",3499.0,GW-OTHER,Y,quoted_valid,VR882817,A3006
TK-241215,2,FLAG_GW_OVER_CAP; FLAG_HIGH_REFUND_AMOUNT,"GW-OTHER refund Rs 6,649.00 above stated Rs 500 goodwill threshold (review candidate requiring text/policy validation) | High single refund value of Rs 6,649.00",6649.0,GW-OTHER,N,quoted_valid,VR883029,A3035
TK-241220,2,FLAG_GW_OVER_CAP; FLAG_HIGH_REFUND_AMOUNT,"GW-OTHER refund Rs 6,649.00 above stated Rs 500 goodwill threshold (review candidate requiring text/policy validation) | High single refund value of Rs 6,649.00",6649.0,GW-OTHER,N,quoted_valid,VR883029,A3013
TK-250906,2,FLAG_GW_OVER_CAP; FLAG_HIGH_REFUND_AMOUNT,"GW-OTHER refund Rs 5,999.00 above stated Rs 500 goodwill threshold (review candidate requiring text/policy validation) | High single refund value of Rs 5,999.00",5999.0,GW-OTHER,N,quoted_valid,VR892272,A3030
TK-250701,2,FLAG_GW_OVER_CAP; FLAG_REFUND_AND_REPLACEMENT,"GW-OTHER refund Rs 2,249.00 above stated Rs 500 goodwill threshold (review candidate requiring text/policy validation) | Both refund Rs 2,249.00 and replacement unit issued",2249.0,GW-OTHER,Y,quoted_valid,VR899037,A3010
TK-250720,2,FLAG_GW_OVER_CAP; FLAG_HIGH_REFUND_AMOUNT,"GW-OTHER refund Rs 5,599.00 above stated Rs 500 goodwill threshold (review candidate requiring text/policy validation) | High single refund value of Rs 5,599.00",5599.0,GW-OTHER,N,fallback_single,VR884679,A3035
TK-250754,2,FLAG_GW_OVER_CAP; FLAG_HIGH_REFUND_AMOUNT,"GW-OTHER refund Rs 5,598.00 above stated Rs 500 goodwill threshold (review candidate requiring text/policy validation) | High single refund value of Rs 5,598.00",5598.0,GW-OTHER,N,quoted_valid,VR903080,A3038
TK-250580,2,FLAG_GW_OVER_CAP; FLAG_HIGH_REFUND_AMOUNT,"GW-OTHER refund Rs 12,348.00 above stated Rs 500 goodwill threshold (review candidate requiring text/policy validation) | High single refund value of Rs 12,348.00",12348.0,GW-OTHER,N,quoted_valid,VR889252,A3027
TK-250632,2,FLAG_GW_OVER_CAP; FLAG_HIGH_REFUND_AMOUNT,"GW-OTHER refund Rs 5,524.00 above stated Rs 500 goodwill threshold (review candidate requiring text/policy validation) | High single refund value of Rs 5,524.00",5524.0,GW-OTHER,N,fallback_single,VR903340,A3038
TK-250633,2,FLAG_GW_OVER_CAP; FLAG_REFUND_AND_REPLACEMENT,"GW-OTHER refund Rs 1,699.00 above stated Rs 500 goodwill threshold (review candidate requiring text/policy validation) | Both refund Rs 1,699.00 and replacement unit issued",1699.0,GW-OTHER,Y,fallback_single,VR881201,A3026
TK-250453,2,FLAG_GW_OVER_CAP; FLAG_HIGH_REFUND_AMOUNT,"GW-OTHER refund Rs 5,199.00 above stated Rs 500 goodwill threshold (review candidate requiring text/policy validation) | High single refund value of Rs 5,199.00",5199.0,GW-OTHER,N,quoted_valid,VR887352,A3035
TK-250470,2,FLAG_GW_OVER_CAP; FLAG_HIGH_REFUND_AMOUNT,"GW-OTHER refund Rs 11,048.00 above stated Rs 500 goodwill threshold (review candidate requiring text/policy validation) | High single refund value of Rs 11,048.00",11048.0,GW-OTHER,N,quoted_valid,VR881525,A3038
TK-250471,2,FLAG_GW_OVER_CAP; FLAG_HIGH_REFUND_AMOUNT,"GW-OTHER refund Rs 5,949.00 above stated Rs 500 goodwill threshold (review candidate requiring text/policy validation) | High single refund value of Rs 5,949.00",5949.0,GW-OTHER,N,quoted_valid,VR886378,A3042
TK-250499,2,FLAG_GW_OVER_CAP; FLAG_REFUND_AND_REPLACEMENT,"GW-OTHER refund Rs 1,439.00 above stated Rs 500 goodwill threshold (review candidate requiring text/policy validation) | Both refund Rs 1,439.00 and replacement unit issued",1439.0,GW-OTHER,Y,fallback_single,VR891472,A3005
TK-250359,2,FLAG_GW_OVER_CAP; FLAG_REFUND_AND_REPLACEMENT,"GW-OTHER refund Rs 1,999.00 above stated Rs 500 goodwill threshold (review candidate requiring text/policy validation) | Both refund Rs 1,999.00 and replacement unit issued",1999.0,GW-OTHER,Y,quoted_valid,VR881833,A3026
TK-250370,2,FLAG_GW_OVER_CAP; FLAG_REFUND_AND_REPLACEMENT,"GW-OTHER refund Rs 3,149.00 above stated Rs 500 goodwill threshold (review candidate requiring text/policy validation) | Both refund Rs 3,149.00 and replacement unit issued",3149.0,GW-OTHER,Y,quoted_valid,VR901768,A3016
TK-241269,2,FLAG_REFUND_AND_REPLACEMENT; FLAG_HIGH_REFUND_AMOUNT,"Both refund Rs 5,699.00 and replacement unit issued | High single refund value of Rs 5,699.00",5699.0,DOA-REPL,Y,quoted_valid,VR892044,A3035
TK-241333,2,FLAG_GW_OVER_CAP; FLAG_HIGH_REFUND_AMOUNT,"GW-OTHER refund Rs 6,499.00 above stated Rs 500 goodwill threshold (review candidate requiring text/policy validation) | High single refund value of Rs 6,499.00",6499.0,GW-OTHER,N,quoted_valid,VR898360,A3002
TK-241342,2,FLAG_GW_OVER_CAP; FLAG_HIGH_REFUND_AMOUNT,"GW-OTHER refund Rs 5,199.00 above stated Rs 500 goodwill threshold (review candidate requiring text/policy validation) | High single refund value of Rs 5,199.00",5199.0,GW-OTHER,N,quoted_valid,VR891246,A3030
TK-250234,2,FLAG_REFUND_AND_REPLACEMENT; FLAG_HIGH_REFUND_AMOUNT,"Both refund Rs 5,524.00 and replacement unit issued | High single refund value of Rs 5,524.00",5524.0,DOA-REPL,Y,fallback_single,VR894534,A3038
TK-250022,2,FLAG_GW_OVER_CAP; FLAG_REFUND_AND_REPLACEMENT,"GW-OTHER refund Rs 3,324.00 above stated Rs 500 goodwill threshold (review candidate requiring text/policy validation) | Both refund Rs 3,324.00 and replacement unit issued",3324.0,GW-OTHER,Y,fallback_single,VR889793,A3005
TK-250044,2,FLAG_GW_OVER_CAP; FLAG_AMBIGUOUS_ORDER,"GW-OTHER refund Rs 1,619.00 above stated Rs 500 goodwill threshold (review candidate requiring text/policy validation) | Customer has multiple orders for SKU; match is ambiguous",1619.0,GW-OTHER,N,ambiguous,,A3036
TK-250137,2,FLAG_GW_OVER_CAP; FLAG_AMBIGUOUS_ORDER,"GW-OTHER refund Rs 3,149.00 above stated Rs 500 goodwill threshold (review candidate requiring text/policy validation) | Customer has multiple orders for SKU; match is ambiguous",3149.0,GW-OTHER,N,ambiguous,,A3034
TK-249890,2,FLAG_GW_OVER_CAP; FLAG_AMBIGUOUS_ORDER,"GW-OTHER refund Rs 3,499.00 above stated Rs 500 goodwill threshold (review candidate requiring text/policy validation) | Customer has multiple orders for SKU; match is ambiguous",3499.0,GW-OTHER,N,ambiguous,,A3035
TK-249960,2,FLAG_GW_OVER_CAP; FLAG_AMBIGUOUS_ORDER,"GW-OTHER refund Rs 3,499.00 above stated Rs 500 goodwill threshold (review candidate requiring text/policy validation) | Customer has multiple orders for SKU; match is ambiguous",3499.0,GW-OTHER,N,ambiguous,,A3038
TK-249977,2,FLAG_REFUND_AND_REPLACEMENT; FLAG_AMBIGUOUS_ORDER,"Both refund Rs 3,324.00 and replacement unit issued | Customer has multiple orders for SKU; match is ambiguous",3324.0,WTY-BUYBACK,Y,ambiguous,,A3028
TK-249996,2,FLAG_GW_OVER_CAP; FLAG_AMBIGUOUS_ORDER,"GW-OTHER refund Rs 1,999.00 above stated Rs 500 goodwill threshold (review candidate requiring text/policy validation) | Customer has multiple orders for SKU; match is ambiguous",1999.0,GW-OTHER,N,ambiguous,,A3038
TK-249788,2,FLAG_GW_OVER_CAP; FLAG_HIGH_REFUND_AMOUNT,"GW-OTHER refund Rs 6,174.00 above stated Rs 500 goodwill threshold (review candidate requiring text/policy validation) | High single refund value of Rs 6,174.00",6174.0,GW-OTHER,N,quoted_valid,VR900270,A3036
TK-249803,2,FLAG_GW_OVER_CAP; FLAG_HIGH_REFUND_AMOUNT,"GW-OTHER refund Rs 5,199.00 above stated Rs 500 goodwill threshold (review candidate requiring text/policy validation) | High single refund value of Rs 5,199.00",5199.0,GW-OTHER,N,fallback_single,VR892376,A3032
TK-249701,2,FLAG_GW_OVER_CAP; FLAG_HIGH_REFUND_AMOUNT,"GW-OTHER refund Rs 6,649.00 above stated Rs 500 goodwill threshold (review candidate requiring text/policy validation) | High single refund value of Rs 6,649.00",6649.0,GW-OTHER,N,quoted_valid,VR892652,A3032
TK-249761,2,FLAG_GW_OVER_CAP; FLAG_REFUND_AND_REPLACEMENT,"GW-OTHER refund Rs 1,299.00 above stated Rs 500 goodwill threshold (review candidate requiring text/policy validation) | Both refund Rs 1,299.00 and replacement unit issued",1299.0,GW-OTHER,Y,quoted_valid,VR882333,A3032
TK-249774,2,FLAG_GW_OVER_CAP; FLAG_REFUND_AND_REPLACEMENT,"GW-OTHER refund Rs 3,149.00 above stated Rs 500 goodwill threshold (review candidate requiring text/policy validation) | Both refund Rs 3,149.00 and replacement unit issued",3149.0,GW-OTHER,Y,quoted_valid,VR897826,A3018
TK-241415,2,FLAG_GW_OVER_CAP; FLAG_HIGH_REFUND_AMOUNT,"GW-OTHER refund Rs 5,849.00 above stated Rs 500 goodwill threshold (review candidate requiring text/policy validation) | High single refund value of Rs 5,849.00",5849.0,GW-OTHER,N,fallback_single,VR899335,A3036
TK-241466,2,FLAG_REFUND_AND_REPLACEMENT; FLAG_AMBIGUOUS_ORDER,"Both refund Rs 2,249.00 and replacement unit issued | Customer has multiple orders for SKU; match is ambiguous",2249.0,WTY-BUYBACK,Y,ambiguous,,A3022
TK-241476,2,FLAG_GW_OVER_CAP; FLAG_HIGH_REFUND_AMOUNT,"GW-OTHER refund Rs 6,499.00 above stated Rs 500 goodwill threshold (review candidate requiring text/policy validation) | High single refund value of Rs 6,499.00",6499.0,GW-OTHER,N,fallback_single,VR884065,A3030
TK-249591,2,FLAG_GW_OVER_CAP; FLAG_HIGH_REFUND_AMOUNT,"GW-OTHER refund Rs 6,299.00 above stated Rs 500 goodwill threshold (review candidate requiring text/policy validation) | High single refund value of Rs 6,299.00",6299.0,GW-OTHER,N,quoted_valid,VR907951,A3011
TK-249425,2,FLAG_GW_OVER_CAP; FLAG_HIGH_REFUND_AMOUNT,"GW-OTHER refund Rs 6,299.00 above stated Rs 500 goodwill threshold (review candidate requiring text/policy validation) | High single refund value of Rs 6,299.00",6299.0,GW-OTHER,N,quoted_valid,VR892589,A3038
TK-249441,2,FLAG_REFUND_AND_REPLACEMENT; FLAG_HIGH_REFUND_AMOUNT,"Both refund Rs 5,524.00 and replacement unit issued | High single refund value of Rs 5,524.00",5524.0,DOA-REPL,Y,quoted_valid,VR904979,A3001
TK-249353,2,FLAG_GW_OVER_CAP; FLAG_REFUND_AND_REPLACEMENT,"GW-OTHER refund Rs 3,499.00 above stated Rs 500 goodwill threshold (review candidate requiring text/policy validation) | Both refund Rs 3,499.00 and replacement unit issued",3499.0,GW-OTHER,Y,quoted_valid,VR881902,A3018
TK-249373,2,FLAG_GW_OVER_CAP; FLAG_AMBIGUOUS_ORDER,"GW-OTHER refund Rs 2,374.00 above stated Rs 500 goodwill threshold (review candidate requiring text/policy validation) | Customer has multiple orders for SKU; match is ambiguous",2374.0,GW-OTHER,N,ambiguous,,A3038
TK-249161,2,FLAG_GW_OVER_CAP; FLAG_REFUND_AND_REPLACEMENT,"GW-OTHER refund Rs 1,999.00 above stated Rs 500 goodwill threshold (review candidate requiring text/policy validation) | Both refund Rs 1,999.00 and replacement unit issued",1999.0,GW-OTHER,Y,fallback_single,VR906390,A3018
TK-249163,2,FLAG_GW_OVER_CAP; FLAG_HIGH_REFUND_AMOUNT,"GW-OTHER refund Rs 6,999.00 above stated Rs 500 goodwill threshold (review candidate requiring text/policy validation) | High single refund value of Rs 6,999.00",6999.0,GW-OTHER,N,quoted_valid,VR883775,A3035
TK-249167,2,FLAG_GW_OVER_CAP; FLAG_AMBIGUOUS_ORDER,"GW-OTHER refund Rs 1,999.00 above stated Rs 500 goodwill threshold (review candidate requiring text/policy validation) | Customer has multiple orders for SKU; match is ambiguous",1999.0,GW-OTHER,N,ambiguous,,A3016
TK-249200,2,FLAG_GW_OVER_CAP; FLAG_HIGH_REFUND_AMOUNT,"GW-OTHER refund Rs 5,399.00 above stated Rs 500 goodwill threshold (review candidate requiring text/policy validation) | High single refund value of Rs 5,399.00",5399.0,GW-OTHER,N,quoted_valid,VR889455,A3038
TK-249219,2,FLAG_GW_OVER_CAP; FLAG_AMBIGUOUS_ORDER,"GW-OTHER refund Rs 3,499.00 above stated Rs 500 goodwill threshold (review candidate requiring text/policy validation) | Customer has multiple orders for SKU; match is ambiguous",3499.0,GW-OTHER,N,ambiguous,,A3037
TK-241686,2,FLAG_GW_OVER_CAP; FLAG_HIGH_REFUND_AMOUNT,"GW-OTHER refund Rs 6,174.00 above stated Rs 500 goodwill threshold (review candidate requiring text/policy validation) | High single refund value of Rs 6,174.00",6174.0,GW-OTHER,N,quoted_valid,VR908439,A3037
TK-241711,2,FLAG_GW_OVER_CAP; FLAG_HIGH_REFUND_AMOUNT,"GW-OTHER refund Rs 6,299.00 above stated Rs 500 goodwill threshold (review candidate requiring text/policy validation) | High single refund value of Rs 6,299.00",6299.0,GW-OTHER,N,fallback_single,VR895649,A3033
TK-241755,2,FLAG_GW_OVER_CAP; FLAG_HIGH_REFUND_AMOUNT,"GW-OTHER refund Rs 5,524.00 above stated Rs 500 goodwill threshold (review candidate requiring text/policy validation) | High single refund value of Rs 5,524.00",5524.0,GW-OTHER,N,quoted_valid,VR897385,A3039
TK-249020,2,FLAG_GW_OVER_CAP; FLAG_HIGH_REFUND_AMOUNT,"GW-OTHER refund Rs 6,499.00 above stated Rs 500 goodwill threshold (review candidate requiring text/policy validation) | High single refund value of Rs 6,499.00",6499.0,GW-OTHER,N,quoted_valid,VR907973,A3039
TK-248840,2,FLAG_GW_OVER_CAP; FLAG_HIGH_REFUND_AMOUNT,"GW-OTHER refund Rs 12,598.00 above stated Rs 500 goodwill threshold (review candidate requiring text/policy validation) | High single refund value of Rs 12,598.00",12598.0,GW-OTHER,N,fallback_single,VR884243,A3029
TK-248859,2,FLAG_GW_OVER_CAP; FLAG_REFUND_AND_REPLACEMENT,"GW-OTHER refund Rs 2,974.00 above stated Rs 500 goodwill threshold (review candidate requiring text/policy validation) | Both refund Rs 2,974.00 and replacement unit issued",2974.0,GW-OTHER,Y,quoted_valid,VR899705,A3009
TK-248911,2,FLAG_GW_OVER_CAP; FLAG_HIGH_REFUND_AMOUNT,"GW-OTHER refund Rs 6,499.00 above stated Rs 500 goodwill threshold (review candidate requiring text/policy validation) | High single refund value of Rs 6,499.00",6499.0,GW-OTHER,N,quoted_valid,VR904023,A3026
TK-248762,2,FLAG_GW_OVER_CAP; FLAG_REFUND_AND_REPLACEMENT,"GW-OTHER refund Rs 2,499.00 above stated Rs 500 goodwill threshold (review candidate requiring text/policy validation) | Both refund Rs 2,499.00 and replacement unit issued",2499.0,GW-OTHER,Y,fallback_single,VR905770,A3028
TK-248772,2,FLAG_GW_OVER_CAP; FLAG_HIGH_REFUND_AMOUNT,"GW-OTHER refund Rs 5,199.00 above stated Rs 500 goodwill threshold (review candidate requiring text/policy validation) | High single refund value of Rs 5,199.00",5199.0,GW-OTHER,N,quoted_valid,VR888256,A3004
TK-248560,2,FLAG_REFUND_AND_REPLACEMENT; FLAG_HIGH_REFUND_AMOUNT,"Both refund Rs 6,999.00 and replacement unit issued | High single refund value of Rs 6,999.00",6999.0,DOA-REPL,Y,fallback_single,VR890269,A3002
TK-248622,2,FLAG_AMBIGUOUS_ORDER; FLAG_HIGH_REFUND_AMOUNT,"Customer has multiple orders for SKU; match is ambiguous | High single refund value of Rs 5,524.00",5524.0,RETURN-QC-OK,N,ambiguous,,A3029
TK-248394,2,FLAG_GW_OVER_CAP; FLAG_HIGH_REFUND_AMOUNT,"GW-OTHER refund Rs 6,499.00 above stated Rs 500 goodwill threshold (review candidate requiring text/policy validation) | High single refund value of Rs 6,499.00",6499.0,GW-OTHER,N,fallback_single,VR901608,A3035
TK-248507,2,FLAG_GW_OVER_CAP; FLAG_REFUND_AND_REPLACEMENT,"GW-OTHER refund Rs 2,799.00 above stated Rs 500 goodwill threshold (review candidate requiring text/policy validation) | Both refund Rs 2,799.00 and replacement unit issued",2799.0,GW-OTHER,Y,quoted_valid,VR891628,A3009
TK-248288,2,FLAG_GW_OVER_CAP; FLAG_HIGH_REFUND_AMOUNT,"GW-OTHER refund Rs 6,649.00 above stated Rs 500 goodwill threshold (review candidate requiring text/policy validation) | High single refund value of Rs 6,649.00",6649.0,GW-OTHER,N,quoted_valid,VR909022,A3038
TK-248306,2,FLAG_GW_OVER_CAP; FLAG_AMBIGUOUS_ORDER,"GW-OTHER refund Rs 1,799.00 above stated Rs 500 goodwill threshold (review candidate requiring text/policy validation) | Customer has multiple orders for SKU; match is ambiguous",1799.0,GW-OTHER,N,ambiguous,,A3026
TK-248342,2,FLAG_GW_OVER_CAP; FLAG_HIGH_REFUND_AMOUNT,"GW-OTHER refund Rs 6,998.00 above stated Rs 500 goodwill threshold (review candidate requiring text/policy validation) | High single refund value of Rs 6,998.00",6998.0,GW-OTHER,N,quoted_valid,VR885021,A3036
TK-248352,2,FLAG_GW_OVER_CAP; FLAG_HIGH_REFUND_AMOUNT,"GW-OTHER refund Rs 6,999.00 above stated Rs 500 goodwill threshold (review candidate requiring text/policy validation) | High single refund value of Rs 6,999.00",6999.0,GW-OTHER,N,quoted_valid,VR889940,A3002
TK-241788,2,FLAG_GW_OVER_CAP; FLAG_HIGH_REFUND_AMOUNT,"GW-OTHER refund Rs 5,699.00 above stated Rs 500 goodwill threshold (review candidate requiring text/policy validation) | High single refund value of Rs 5,699.00",5699.0,GW-OTHER,N,quoted_valid,VR903500,A3033
TK-241832,2,FLAG_GW_OVER_CAP; FLAG_HIGH_REFUND_AMOUNT,"GW-OTHER refund Rs 5,599.00 above stated Rs 500 goodwill threshold (review candidate requiring text/policy validation) | High single refund value of Rs 5,599.00",5599.0,GW-OTHER,N,quoted_valid,VR908126,A3035
TK-241845,2,FLAG_GW_OVER_CAP; FLAG_HIGH_REFUND_AMOUNT,"GW-OTHER refund Rs 6,999.00 above stated Rs 500 goodwill threshold (review candidate requiring text/policy validation) | High single refund value of Rs 6,999.00",6999.0,GW-OTHER,N,quoted_valid,VR907010,A3038
TK-241857,2,FLAG_GW_OVER_CAP; FLAG_HIGH_REFUND_AMOUNT,"GW-OTHER refund Rs 6,499.00 above stated Rs 500 goodwill threshold (review candidate requiring text/policy validation) | High single refund value of Rs 6,499.00",6499.0,GW-OTHER,N,fallback_single,VR881512,A3014
TK-241863,2,FLAG_GW_OVER_CAP; FLAG_HIGH_REFUND_AMOUNT,"GW-OTHER refund Rs 5,949.00 above stated Rs 500 goodwill threshold (review candidate requiring text/policy validation) | High single refund value of Rs 5,949.00",5949.0,GW-OTHER,N,quoted_valid,VR897162,A3029
TK-241575,2,FLAG_GW_OVER_CAP; FLAG_REFUND_AND_REPLACEMENT,"GW-OTHER refund Rs 1,999.00 above stated Rs 500 goodwill threshold (review candidate requiring text/policy validation) | Both refund Rs 1,999.00 and replacement unit issued",1999.0,GW-OTHER,Y,quoted_valid,VR903628,A3037
TK-248213,2,FLAG_GW_OVER_CAP; FLAG_AMBIGUOUS_ORDER,GW-OTHER refund Rs 700.00 above stated Rs 500 goodwill threshold (review candidate requiring text/policy validation) | Customer has multiple orders for SKU; match is ambiguous,700.0,GW-OTHER,N,ambiguous,,A3019
TK-248237,2,FLAG_GW_OVER_CAP; FLAG_AMBIGUOUS_ORDER,"GW-OTHER refund Rs 3,499.00 above stated Rs 500 goodwill threshold (review candidate requiring text/policy validation) | Customer has multiple orders for SKU; match is ambiguous",3499.0,GW-OTHER,N,ambiguous,,A3036
TK-248252,2,FLAG_GW_OVER_CAP; FLAG_REFUND_AND_REPLACEMENT,"GW-OTHER refund Rs 2,499.00 above stated Rs 500 goodwill threshold (review candidate requiring text/policy validation) | Both refund Rs 2,499.00 and replacement unit issued",2499.0,GW-OTHER,Y,quoted_valid,VR893444,A3026
TK-247961,2,FLAG_GW_OVER_CAP; FLAG_REFUND_AND_REPLACEMENT,"GW-OTHER refund Rs 3,499.00 above stated Rs 500 goodwill threshold (review candidate requiring text/policy validation) | Both refund Rs 3,499.00 and replacement unit issued",3499.0,GW-OTHER,Y,quoted_valid,VR899407,A3037
TK-254401,2,FLAG_GW_OVER_CAP; FLAG_AMBIGUOUS_ORDER,"GW-OTHER refund Rs 2,799.00 above stated Rs 500 goodwill threshold (review candidate requiring text/policy validation) | Customer has multiple orders for SKU; match is ambiguous",2799.0,GW-OTHER,N,ambiguous,,A3030
TK-247997,2,FLAG_GW_OVER_CAP; FLAG_REFUND_AND_REPLACEMENT,"GW-OTHER refund Rs 2,499.00 above stated Rs 500 goodwill threshold (review candidate requiring text/policy validation) | Both refund Rs 2,499.00 and replacement unit issued",2499.0,GW-OTHER,Y,fallback_single,VR900421,A3025
TK-248011,2,FLAG_GW_OVER_CAP; FLAG_AMBIGUOUS_ORDER,GW-OTHER refund Rs 525.00 above stated Rs 500 goodwill threshold (review candidate requiring text/policy validation) | Customer has multiple orders for SKU; match is ambiguous,525.0,GW-OTHER,N,ambiguous,,A3031
TK-248071,2,FLAG_GW_OVER_CAP; FLAG_HIGH_REFUND_AMOUNT,"GW-OTHER refund Rs 6,174.00 above stated Rs 500 goodwill threshold (review candidate requiring text/policy validation) | High single refund value of Rs 6,174.00",6174.0,GW-OTHER,N,quoted_valid,VR895679,A3021
TK-248082,2,FLAG_GW_OVER_CAP; FLAG_REFUND_AND_REPLACEMENT,"GW-OTHER refund Rs 3,499.00 above stated Rs 500 goodwill threshold (review candidate requiring text/policy validation) | Both refund Rs 3,499.00 and replacement unit issued",3499.0,GW-OTHER,Y,quoted_valid,VR886568,A3022
TK-241883,2,FLAG_GW_OVER_CAP; FLAG_HIGH_REFUND_AMOUNT,"GW-OTHER refund Rs 8,998.00 above stated Rs 500 goodwill threshold (review candidate requiring text/policy validation) | High single refund value of Rs 8,998.00",8998.0,GW-OTHER,N,fallback_single,VR904858,A3026
TK-241897,2,FLAG_GW_OVER_CAP; FLAG_REFUND_AND_REPLACEMENT,"GW-OTHER refund Rs 2,249.00 above stated Rs 500 goodwill threshold (review candidate requiring text/policy validation) | Both refund Rs 2,249.00 and replacement unit issued",2249.0,GW-OTHER,Y,quoted_valid,VR906729,A3018
TK-240279,2,FLAG_GW_OVER_CAP; FLAG_AMBIGUOUS_ORDER,"GW-OTHER refund Rs 1,799.00 above stated Rs 500 goodwill threshold (review candidate requiring text/policy validation) | Customer has multiple orders for SKU; match is ambiguous",1799.0,GW-OTHER,N,ambiguous,,A3022
TK-247836,2,FLAG_GW_OVER_CAP; FLAG_HIGH_REFUND_AMOUNT,"GW-OTHER refund Rs 5,999.00 above stated Rs 500 goodwill threshold (review candidate requiring text/policy validation) | High single refund value of Rs 5,999.00",5999.0,GW-OTHER,N,quoted_valid,VR904002,A3015
TK-247844,2,FLAG_GW_OVER_CAP; FLAG_AMBIGUOUS_ORDER,"GW-OTHER refund Rs 2,799.00 above stated Rs 500 goodwill threshold (review candidate requiring text/policy validation) | Customer has multiple orders for SKU; match is ambiguous",2799.0,GW-OTHER,N,ambiguous,,A3021
TK-247854,2,FLAG_GW_OVER_CAP; FLAG_HIGH_REFUND_AMOUNT,"GW-OTHER refund Rs 6,499.00 above stated Rs 500 goodwill threshold (review candidate requiring text/policy validation) | High single refund value of Rs 6,499.00",6499.0,GW-OTHER,N,fallback_single,VR888232,A3038
TK-247882,2,FLAG_GW_OVER_CAP; FLAG_AMBIGUOUS_ORDER,"GW-OTHER refund Rs 2,799.00 above stated Rs 500 goodwill threshold (review candidate requiring text/policy validation) | Customer has multiple orders for SKU; match is ambiguous",2799.0,GW-OTHER,N,ambiguous,,A3010
TK-240307,2,FLAG_GW_OVER_CAP; FLAG_HIGH_REFUND_AMOUNT,"GW-OTHER refund Rs 8,998.00 above stated Rs 500 goodwill threshold (review candidate requiring text/policy validation) | High single refund value of Rs 8,998.00",8998.0,GW-OTHER,N,fallback_single,VR889775,A3023
TK-247945,2,FLAG_GW_OVER_CAP; FLAG_HIGH_REFUND_AMOUNT,"GW-OTHER refund Rs 6,299.00 above stated Rs 500 goodwill threshold (review candidate requiring text/policy validation) | High single refund value of Rs 6,299.00",6299.0,GW-OTHER,N,quoted_valid,VR906145,A3002
TK-247959,2,FLAG_GW_OVER_CAP; FLAG_AMBIGUOUS_ORDER,"GW-OTHER refund Rs 1,487.00 above stated Rs 500 goodwill threshold (review candidate requiring text/policy validation) | Customer has multiple orders for SKU; match is ambiguous",1487.0,GW-OTHER,N,ambiguous,,A3034
TK-247661,2,FLAG_GW_OVER_CAP; FLAG_HIGH_REFUND_AMOUNT,"GW-OTHER refund Rs 6,999.00 above stated Rs 500 goodwill threshold (review candidate requiring text/policy validation) | High single refund value of Rs 6,999.00",6999.0,GW-OTHER,N,quoted_valid,VR882515,A3026
TK-247731,2,FLAG_AMBIGUOUS_ORDER; FLAG_HIGH_REFUND_AMOUNT,"Customer has multiple orders for SKU; match is ambiguous | High single refund value of Rs 12,598.00",12598.0,DUP-PAYMENT,N,ambiguous,,A3035
TK-247752,2,FLAG_GW_OVER_CAP; FLAG_AMBIGUOUS_ORDER,GW-OTHER refund Rs 570.00 above stated Rs 500 goodwill threshold (review candidate requiring text/policy validation) | Customer has multiple orders for SKU; match is ambiguous,570.0,GW-OTHER,N,ambiguous,,A3034
TK-247568,2,FLAG_GW_OVER_CAP; FLAG_REFUND_AND_REPLACEMENT,"GW-OTHER refund Rs 1,439.00 above stated Rs 500 goodwill threshold (review candidate requiring text/policy validation) | Both refund Rs 1,439.00 and replacement unit issued",1439.0,GW-OTHER,Y,quoted_valid,VR896562,A3041
TK-247621,2,FLAG_GW_OVER_CAP; FLAG_REFUND_AND_REPLACEMENT,"GW-OTHER refund Rs 4,999.00 above stated Rs 500 goodwill threshold (review candidate requiring text/policy validation) | Both refund Rs 4,999.00 and replacement unit issued",4999.0,GW-OTHER,Y,quoted_valid,VR894277,A3036
TK-242020,2,FLAG_REFUND_AND_REPLACEMENT; FLAG_HIGH_REFUND_AMOUNT,"Both refund Rs 5,399.00 and replacement unit issued | High single refund value of Rs 5,399.00",5399.0,WTY-BUYBACK,Y,fallback_single,VR895271,A3027
TK-242055,2,FLAG_GW_OVER_CAP; FLAG_HIGH_REFUND_AMOUNT,"GW-OTHER refund Rs 6,999.00 above stated Rs 500 goodwill threshold (review candidate requiring text/policy validation) | High single refund value of Rs 6,999.00",6999.0,GW-OTHER,N,quoted_valid,VR905100,A3035
TK-247444,2,FLAG_GW_OVER_CAP; FLAG_HIGH_REFUND_AMOUNT,"GW-OTHER refund Rs 6,174.00 above stated Rs 500 goodwill threshold (review candidate requiring text/policy validation) | High single refund value of Rs 6,174.00",6174.0,GW-OTHER,N,quoted_valid,VR884919,A3044
TK-247478,2,FLAG_GW_OVER_CAP; FLAG_HIGH_REFUND_AMOUNT,"GW-OTHER refund Rs 6,298.00 above stated Rs 500 goodwill threshold (review candidate requiring text/policy validation) | High single refund value of Rs 6,298.00",6298.0,GW-OTHER,N,quoted_valid,VR909422,A3033
TK-247492,2,FLAG_GW_OVER_CAP; FLAG_REFUND_AND_REPLACEMENT,"GW-OTHER refund Rs 1,999.00 above stated Rs 500 goodwill threshold (review candidate requiring text/policy validation) | Both refund Rs 1,999.00 and replacement unit issued",1999.0,GW-OTHER,Y,fallback_single,VR898913,A3030
TK-247303,2,FLAG_GW_OVER_CAP; FLAG_HIGH_REFUND_AMOUNT,"GW-OTHER refund Rs 5,999.00 above stated Rs 500 goodwill threshold (review candidate requiring text/policy validation) | High single refund value of Rs 5,999.00",5999.0,GW-OTHER,N,fallback_single,VR882232,A3036
TK-247314,2,FLAG_GW_OVER_CAP; FLAG_HIGH_REFUND_AMOUNT,"GW-OTHER refund Rs 5,399.00 above stated Rs 500 goodwill threshold (review candidate requiring text/policy validation) | High single refund value of Rs 5,399.00",5399.0,GW-OTHER,N,quoted_valid,VR893339,A3015
TK-247342,2,FLAG_GW_OVER_CAP; FLAG_HIGH_REFUND_AMOUNT,"GW-OTHER refund Rs 6,999.00 above stated Rs 500 goodwill threshold (review candidate requiring text/policy validation) | High single refund value of Rs 6,999.00",6999.0,GW-OTHER,N,fallback_single,VR896294,A3005
TK-247350,2,FLAG_GW_OVER_CAP; FLAG_HIGH_REFUND_AMOUNT,"GW-OTHER refund Rs 5,199.00 above stated Rs 500 goodwill threshold (review candidate requiring text/policy validation) | High single refund value of Rs 5,199.00",5199.0,GW-OTHER,N,quoted_valid,VR890981,A3036
TK-247158,2,FLAG_GW_OVER_CAP; FLAG_AMBIGUOUS_ORDER,"GW-OTHER refund Rs 3,499.00 above stated Rs 500 goodwill threshold (review candidate requiring text/policy validation) | Customer has multiple orders for SKU; match is ambiguous",3499.0,GW-OTHER,N,ambiguous,,A3012
TK-247254,2,FLAG_GW_OVER_CAP; FLAG_REFUND_AND_REPLACEMENT,"GW-OTHER refund Rs 2,499.00 above stated Rs 500 goodwill threshold (review candidate requiring text/policy validation) | Both refund Rs 2,499.00 and replacement unit issued",2499.0,GW-OTHER,Y,quoted_valid,VR899236,A3036
TK-247267,2,FLAG_REFUND_AND_REPLACEMENT; FLAG_HIGH_REFUND_AMOUNT,"Both refund Rs 13,998.00 and replacement unit issued | High single refund value of Rs 13,998.00",13998.0,DOA-REPL,Y,fallback_single,VR905993,A3016
TK-247273,2,FLAG_GW_OVER_CAP; FLAG_HIGH_REFUND_AMOUNT,"GW-OTHER refund Rs 6,499.00 above stated Rs 500 goodwill threshold (review candidate requiring text/policy validation) | High single refund value of Rs 6,499.00",6499.0,GW-OTHER,N,fallback_single,VR909178,A3030
TK-247086,2,FLAG_GW_OVER_CAP; FLAG_REFUND_AND_REPLACEMENT,"GW-OTHER refund Rs 1,599.00 above stated Rs 500 goodwill threshold (review candidate requiring text/policy validation) | Both refund Rs 1,599.00 and replacement unit issued",1599.0,GW-OTHER,Y,fallback_single,VR893542,A3039
TK-247093,2,FLAG_GW_OVER_CAP; FLAG_REFUND_AND_REPLACEMENT,"GW-OTHER refund Rs 2,499.00 above stated Rs 500 goodwill threshold (review candidate requiring text/policy validation) | Both refund Rs 2,499.00 and replacement unit issued",2499.0,GW-OTHER,Y,fallback_single,VR909548,A3030
TK-247114,2,FLAG_GW_OVER_CAP; FLAG_HIGH_REFUND_AMOUNT,"GW-OTHER refund Rs 6,648.00 above stated Rs 500 goodwill threshold (review candidate requiring text/policy validation) | High single refund value of Rs 6,648.00",6648.0,GW-OTHER,N,quoted_valid,VR900484,A3042
TK-247120,2,FLAG_GW_OVER_CAP; FLAG_HIGH_REFUND_AMOUNT,"GW-OTHER refund Rs 11,398.00 above stated Rs 500 goodwill threshold (review candidate requiring text/policy validation) | High single refund value of Rs 11,398.00",11398.0,GW-OTHER,N,quoted_valid,VR884769,A3027
TK-247126,2,FLAG_GW_OVER_CAP; FLAG_HIGH_REFUND_AMOUNT,"GW-OTHER refund Rs 5,999.00 above stated Rs 500 goodwill threshold (review candidate requiring text/policy validation) | High single refund value of Rs 5,999.00",5999.0,GW-OTHER,N,fallback_single,VR897637,A3006
TK-247145,2,FLAG_GW_OVER_CAP; FLAG_HIGH_REFUND_AMOUNT,"GW-OTHER refund Rs 6,999.00 above stated Rs 500 goodwill threshold (review candidate requiring text/policy validation) | High single refund value of Rs 6,999.00",6999.0,GW-OTHER,N,fallback_single,VR898622,A3032
TK-242130,2,FLAG_GW_OVER_CAP; FLAG_HIGH_REFUND_AMOUNT,"GW-OTHER refund Rs 8,998.00 above stated Rs 500 goodwill threshold (review candidate requiring text/policy validation) | High single refund value of Rs 8,998.00",8998.0,GW-OTHER,N,quoted_valid,VR903702,A3030
TK-242158,2,FLAG_GW_OVER_CAP; FLAG_REFUND_AND_REPLACEMENT,"GW-OTHER refund Rs 2,998.00 above stated Rs 500 goodwill threshold (review candidate requiring text/policy validation) | Both refund Rs 2,998.00 and replacement unit issued",2998.0,GW-OTHER,Y,quoted_valid,VR909654,A3030
TK-242223,2,FLAG_GW_OVER_CAP; FLAG_HIGH_REFUND_AMOUNT,"GW-OTHER refund Rs 6,499.00 above stated Rs 500 goodwill threshold (review candidate requiring text/policy validation) | High single refund value of Rs 6,499.00",6499.0,GW-OTHER,N,quoted_valid,VR901644,A3034
TK-242251,2,FLAG_GW_OVER_CAP; FLAG_HIGH_REFUND_AMOUNT,"GW-OTHER refund Rs 5,699.00 above stated Rs 500 goodwill threshold (review candidate requiring text/policy validation) | High single refund value of Rs 5,699.00",5699.0,GW-OTHER,N,quoted_valid,VR901973,A3018
TK-246927,2,FLAG_GW_OVER_CAP; FLAG_HIGH_REFUND_AMOUNT,"GW-OTHER refund Rs 6,499.00 above stated Rs 500 goodwill threshold (review candidate requiring text/policy validation) | High single refund value of Rs 6,499.00",6499.0,GW-OTHER,N,quoted_valid,VR887548,A3033
TK-246928,2,FLAG_GW_OVER_CAP; FLAG_REFUND_AND_REPLACEMENT,"GW-OTHER refund Rs 3,324.00 above stated Rs 500 goodwill threshold (review candidate requiring text/policy validation) | Both refund Rs 3,324.00 and replacement unit issued",3324.0,GW-OTHER,Y,fallback_single,VR893658,A3024
TK-246960,2,FLAG_GW_OVER_CAP; FLAG_HIGH_REFUND_AMOUNT,"GW-OTHER refund Rs 5,699.00 above stated Rs 500 goodwill threshold (review candidate requiring text/policy validation) | High single refund value of Rs 5,699.00",5699.0,GW-OTHER,N,fallback_single,VR902536,A3032
TK-247045,2,FLAG_GW_OVER_CAP; FLAG_AMBIGUOUS_ORDER,"GW-OTHER refund Rs 2,249.00 above stated Rs 500 goodwill threshold (review candidate requiring text/policy validation) | Customer has multiple orders for SKU; match is ambiguous",2249.0,GW-OTHER,N,ambiguous,,A3037
TK-246825,2,FLAG_REFUND_AND_REPLACEMENT; FLAG_AMBIGUOUS_ORDER,"Both refund Rs 2,249.00 and replacement unit issued | Customer has multiple orders for SKU; match is ambiguous",2249.0,DOA-REPL,Y,ambiguous,,A3030
TK-254260,2,FLAG_GW_OVER_CAP; FLAG_HIGH_REFUND_AMOUNT,"GW-OTHER refund Rs 5,099.00 above stated Rs 500 goodwill threshold (review candidate requiring text/policy validation) | High single refund value of Rs 5,099.00",5099.0,GW-OTHER,N,fallback_single,VR891720,A3030
TK-254298,2,FLAG_GW_OVER_CAP; FLAG_REFUND_AND_REPLACEMENT,"GW-OTHER refund Rs 1,299.00 above stated Rs 500 goodwill threshold (review candidate requiring text/policy validation) | Both refund Rs 1,299.00 and replacement unit issued",1299.0,GW-OTHER,Y,fallback_single,VR898545,A3022
TK-246538,2,FLAG_GW_OVER_CAP; FLAG_HIGH_REFUND_AMOUNT,"GW-OTHER refund Rs 6,499.00 above stated Rs 500 goodwill threshold (review candidate requiring text/policy validation) | High single refund value of Rs 6,499.00",6499.0,GW-OTHER,N,fallback_single,VR907284,A3036
TK-246391,2,FLAG_GW_OVER_CAP; FLAG_AMBIGUOUS_ORDER,"GW-OTHER refund Rs 3,149.00 above stated Rs 500 goodwill threshold (review candidate requiring text/policy validation) | Customer has multiple orders for SKU; match is ambiguous",3149.0,GW-OTHER,N,ambiguous,,A3017
TK-242270,2,FLAG_GW_OVER_CAP; FLAG_HIGH_REFUND_AMOUNT,"GW-OTHER refund Rs 6,999.00 above stated Rs 500 goodwill threshold (review candidate requiring text/policy validation) | High single refund value of Rs 6,999.00",6999.0,GW-OTHER,N,quoted_valid,VR882542,A3036
TK-242321,2,FLAG_REFUND_AND_REPLACEMENT; FLAG_HIGH_REFUND_AMOUNT,"Both refund Rs 6,499.00 and replacement unit issued | High single refund value of Rs 6,499.00",6499.0,WTY-BUYBACK,Y,quoted_valid,VR880970,A3028
TK-242332,2,FLAG_GW_OVER_CAP; FLAG_REFUND_AND_REPLACEMENT,"GW-OTHER refund Rs 2,499.00 above stated Rs 500 goodwill threshold (review candidate requiring text/policy validation) | Both refund Rs 2,499.00 and replacement unit issued",2499.0,GW-OTHER,Y,quoted_valid,VR883844,A3006
TK-246405,2,FLAG_GW_OVER_CAP; FLAG_HIGH_REFUND_AMOUNT,"GW-OTHER refund Rs 6,649.00 above stated Rs 500 goodwill threshold (review candidate requiring text/policy validation) | High single refund value of Rs 6,649.00",6649.0,GW-OTHER,N,fallback_single,VR885658,A3039
TK-246415,2,FLAG_GW_OVER_CAP; FLAG_AMBIGUOUS_ORDER,"GW-OTHER refund Rs 3,149.00 above stated Rs 500 goodwill threshold (review candidate requiring text/policy validation) | Customer has multiple orders for SKU; match is ambiguous",3149.0,GW-OTHER,N,ambiguous,,A3035
TK-246289,2,FLAG_GW_OVER_CAP; FLAG_HIGH_REFUND_AMOUNT,"GW-OTHER refund Rs 6,998.00 above stated Rs 500 goodwill threshold (review candidate requiring text/policy validation) | High single refund value of Rs 6,998.00",6998.0,GW-OTHER,N,quoted_valid,VR901288,A3011
TK-246313,2,FLAG_GW_OVER_CAP; FLAG_HIGH_REFUND_AMOUNT,"GW-OTHER refund Rs 9,998.00 above stated Rs 500 goodwill threshold (review candidate requiring text/policy validation) | High single refund value of Rs 9,998.00",9998.0,GW-OTHER,N,fallback_single,VR880991,A3035
TK-246317,2,FLAG_GW_OVER_CAP; FLAG_REFUND_AND_REPLACEMENT,"GW-OTHER refund Rs 1,799.00 above stated Rs 500 goodwill threshold (review candidate requiring text/policy validation) | Both refund Rs 1,799.00 and replacement unit issued",1799.0,GW-OTHER,Y,quoted_valid,VR880523,A3030
TK-246379,2,FLAG_GW_OVER_CAP; FLAG_HIGH_REFUND_AMOUNT,"GW-OTHER refund Rs 11,898.00 above stated Rs 500 goodwill threshold (review candidate requiring text/policy validation) | High single refund value of Rs 11,898.00",11898.0,GW-OTHER,N,fallback_single,VR889575,A3033
TK-246226,2,FLAG_GW_OVER_CAP; FLAG_HIGH_REFUND_AMOUNT,"GW-OTHER refund Rs 6,499.00 above stated Rs 500 goodwill threshold (review candidate requiring text/policy validation) | High single refund value of Rs 6,499.00",6499.0,GW-OTHER,N,quoted_valid,VR902432,A3035
TK-246279,2,FLAG_GW_OVER_CAP; FLAG_REFUND_AND_REPLACEMENT,"GW-OTHER refund Rs 1,999.00 above stated Rs 500 goodwill threshold (review candidate requiring text/policy validation) | Both refund Rs 1,999.00 and replacement unit issued",1999.0,GW-OTHER,Y,quoted_valid,VR887516,A3014
TK-246126,2,FLAG_GW_OVER_CAP; FLAG_HIGH_REFUND_AMOUNT,"GW-OTHER refund Rs 6,499.00 above stated Rs 500 goodwill threshold (review candidate requiring text/policy validation) | High single refund value of Rs 6,499.00",6499.0,GW-OTHER,N,quoted_valid,VR899211,A3039
TK-246139,2,FLAG_GW_OVER_CAP; FLAG_HIGH_REFUND_AMOUNT,"GW-OTHER refund Rs 6,998.00 above stated Rs 500 goodwill threshold (review candidate requiring text/policy validation) | High single refund value of Rs 6,998.00",6998.0,GW-OTHER,N,quoted_valid,VR908977,A3006
TK-254301,2,FLAG_GW_OVER_CAP; FLAG_AMBIGUOUS_ORDER,"GW-OTHER refund Rs 3,324.00 above stated Rs 500 goodwill threshold (review candidate requiring text/policy validation) | Customer has multiple orders for SKU; match is ambiguous",3324.0,GW-OTHER,N,ambiguous,,A3026
TK-246171,2,FLAG_GW_OVER_CAP; FLAG_REFUND_AND_REPLACEMENT,"GW-OTHER refund Rs 3,499.00 above stated Rs 500 goodwill threshold (review candidate requiring text/policy validation) | Both refund Rs 3,499.00 and replacement unit issued",3499.0,GW-OTHER,Y,quoted_valid,VR887053,A3030
TK-242418,2,FLAG_GW_OVER_CAP; FLAG_HIGH_REFUND_AMOUNT,"GW-OTHER refund Rs 5,949.00 above stated Rs 500 goodwill threshold (review candidate requiring text/policy validation) | High single refund value of Rs 5,949.00",5949.0,GW-OTHER,N,quoted_valid,VR903784,A3035
TK-242510,2,FLAG_GW_OVER_CAP; FLAG_HIGH_REFUND_AMOUNT,"GW-OTHER refund Rs 5,849.00 above stated Rs 500 goodwill threshold (review candidate requiring text/policy validation) | High single refund value of Rs 5,849.00",5849.0,GW-OTHER,N,quoted_valid,VR902827,A3028
TK-245994,2,FLAG_GW_OVER_CAP; FLAG_HIGH_REFUND_AMOUNT,"GW-OTHER refund Rs 5,949.00 above stated Rs 500 goodwill threshold (review candidate requiring text/policy validation) | High single refund value of Rs 5,949.00",5949.0,GW-OTHER,N,quoted_valid,VR904844,A3012
TK-246017,2,FLAG_GW_OVER_CAP; FLAG_HIGH_REFUND_AMOUNT,"GW-OTHER refund Rs 5,999.00 above stated Rs 500 goodwill threshold (review candidate requiring text/policy validation) | High single refund value of Rs 5,999.00",5999.0,GW-OTHER,N,quoted_valid,VR908631,A3022
TK-246036,2,FLAG_GW_OVER_CAP; FLAG_HIGH_REFUND_AMOUNT,"GW-OTHER refund Rs 5,999.00 above stated Rs 500 goodwill threshold (review candidate requiring text/policy validation) | High single refund value of Rs 5,999.00",5999.0,GW-OTHER,N,quoted_valid,VR886437,A3035
TK-246060,2,FLAG_GW_OVER_CAP; FLAG_REFUND_AND_REPLACEMENT,"GW-OTHER refund Rs 3,149.00 above stated Rs 500 goodwill threshold (review candidate requiring text/policy validation) | Both refund Rs 3,149.00 and replacement unit issued",3149.0,GW-OTHER,Y,fallback_single,VR886829,A3039
TK-245838,2,FLAG_GW_OVER_CAP; FLAG_AMBIGUOUS_ORDER,"GW-OTHER refund Rs 3,499.00 above stated Rs 500 goodwill threshold (review candidate requiring text/policy validation) | Customer has multiple orders for SKU; match is ambiguous",3499.0,GW-OTHER,N,ambiguous,,A3030
TK-245846,2,FLAG_GW_OVER_CAP; FLAG_HIGH_REFUND_AMOUNT,"GW-OTHER refund Rs 6,648.00 above stated Rs 500 goodwill threshold (review candidate requiring text/policy validation) | High single refund value of Rs 6,648.00",6648.0,GW-OTHER,N,quoted_valid,VR881924,A3036
TK-254328,2,FLAG_GW_OVER_CAP; FLAG_REFUND_AND_REPLACEMENT,"GW-OTHER refund Rs 3,149.00 above stated Rs 500 goodwill threshold (review candidate requiring text/policy validation) | Both refund Rs 3,149.00 and replacement unit issued",3149.0,GW-OTHER,Y,fallback_single,VR897926,A3008
TK-245903,2,FLAG_GW_OVER_CAP; FLAG_HIGH_REFUND_AMOUNT,"GW-OTHER refund Rs 5,599.00 above stated Rs 500 goodwill threshold (review candidate requiring text/policy validation) | High single refund value of Rs 5,599.00",5599.0,GW-OTHER,N,fallback_single,VR907719,A3005
TK-254155,2,FLAG_GW_OVER_CAP; FLAG_AMBIGUOUS_ORDER,"GW-OTHER refund Rs 2,799.00 above stated Rs 500 goodwill threshold (review candidate requiring text/policy validation) | Customer has multiple orders for SKU; match is ambiguous",2799.0,GW-OTHER,N,ambiguous,,A3024
TK-245943,2,FLAG_GW_OVER_CAP; FLAG_HIGH_REFUND_AMOUNT,"GW-OTHER refund Rs 6,998.00 above stated Rs 500 goodwill threshold (review candidate requiring text/policy validation) | High single refund value of Rs 6,998.00",6998.0,GW-OTHER,N,quoted_valid,VR905886,A3036
TK-245705,2,FLAG_GW_OVER_CAP; FLAG_REFUND_AND_REPLACEMENT,"GW-OTHER refund Rs 4,248.00 above stated Rs 500 goodwill threshold (review candidate requiring text/policy validation) | Both refund Rs 4,248.00 and replacement unit issued",4248.0,GW-OTHER,Y,quoted_valid,VR880827,A3002
TK-245716,2,FLAG_GW_OVER_CAP; FLAG_AMBIGUOUS_ORDER,"GW-OTHER refund Rs 1,662.00 above stated Rs 500 goodwill threshold (review candidate requiring text/policy validation) | Customer has multiple orders for SKU; match is ambiguous",1662.0,GW-OTHER,N,ambiguous,,A3032
TK-245745,2,FLAG_GW_OVER_CAP; FLAG_HIGH_REFUND_AMOUNT,"GW-OTHER refund Rs 6,999.00 above stated Rs 500 goodwill threshold (review candidate requiring text/policy validation) | High single refund value of Rs 6,999.00",6999.0,GW-OTHER,N,fallback_single,VR883384,A3002
TK-245750,2,FLAG_GW_OVER_CAP; FLAG_HIGH_REFUND_AMOUNT,"GW-OTHER refund Rs 6,998.00 above stated Rs 500 goodwill threshold (review candidate requiring text/policy validation) | High single refund value of Rs 6,998.00",6998.0,GW-OTHER,N,quoted_valid,VR909479,A3023
TK-245777,2,FLAG_GW_OVER_CAP; FLAG_REFUND_AND_REPLACEMENT,"GW-OTHER refund Rs 2,499.00 above stated Rs 500 goodwill threshold (review candidate requiring text/policy validation) | Both refund Rs 2,499.00 and replacement unit issued",2499.0,GW-OTHER,Y,quoted_valid,VR902885,A3036
TK-245793,2,FLAG_GW_OVER_CAP; FLAG_HIGH_REFUND_AMOUNT,"GW-OTHER refund Rs 6,648.00 above stated Rs 500 goodwill threshold (review candidate requiring text/policy validation) | High single refund value of Rs 6,648.00",6648.0,GW-OTHER,N,quoted_valid,VR881924,A3032
TK-242544,2,FLAG_GW_OVER_CAP; FLAG_HIGH_REFUND_AMOUNT,"GW-OTHER refund Rs 5,849.00 above stated Rs 500 goodwill threshold (review candidate requiring text/policy validation) | High single refund value of Rs 5,849.00",5849.0,GW-OTHER,N,quoted_valid,VR890151,A3036
TK-245582,2,FLAG_GW_OVER_CAP; FLAG_HIGH_REFUND_AMOUNT,"GW-OTHER refund Rs 6,648.00 above stated Rs 500 goodwill threshold (review candidate requiring text/policy validation) | High single refund value of Rs 6,648.00",6648.0,GW-OTHER,N,quoted_valid,VR897994,A3010
TK-245440,2,FLAG_GW_OVER_CAP; FLAG_HIGH_REFUND_AMOUNT,"GW-OTHER refund Rs 6,999.00 above stated Rs 500 goodwill threshold (review candidate requiring text/policy validation) | High single refund value of Rs 6,999.00",6999.0,GW-OTHER,N,quoted_valid,VR880289,A3001
TK-245488,2,FLAG_GW_OVER_CAP; FLAG_HIGH_REFUND_AMOUNT,"GW-OTHER refund Rs 11,898.00 above stated Rs 500 goodwill threshold (review candidate requiring text/policy validation) | High single refund value of Rs 11,898.00",11898.0,GW-OTHER,N,quoted_valid,VR890034,A3026
TK-245356,2,FLAG_GW_OVER_CAP; FLAG_REFUND_AND_REPLACEMENT,"GW-OTHER refund Rs 2,799.00 above stated Rs 500 goodwill threshold (review candidate requiring text/policy validation) | Both refund Rs 2,799.00 and replacement unit issued",2799.0,GW-OTHER,Y,quoted_valid,VR908638,A3027
TK-245411,2,FLAG_GW_OVER_CAP; FLAG_HIGH_REFUND_AMOUNT,"GW-OTHER refund Rs 6,499.00 above stated Rs 500 goodwill threshold (review candidate requiring text/policy validation) | High single refund value of Rs 6,499.00",6499.0,GW-OTHER,N,fallback_single,VR882138,A3038
TK-245423,2,FLAG_GW_OVER_CAP; FLAG_REFUND_AND_REPLACEMENT,"GW-OTHER refund Rs 3,324.00 above stated Rs 500 goodwill threshold (review candidate requiring text/policy validation) | Both refund Rs 3,324.00 and replacement unit issued",3324.0,GW-OTHER,Y,quoted_valid,VR904281,A3036
TK-245424,2,FLAG_GW_OVER_CAP; FLAG_AMBIGUOUS_ORDER,"GW-OTHER refund Rs 3,324.00 above stated Rs 500 goodwill threshold (review candidate requiring text/policy validation) | Customer has multiple orders for SKU; match is ambiguous",3324.0,GW-OTHER,N,ambiguous,,A3032
TK-245274,2,FLAG_GW_OVER_CAP; FLAG_HIGH_REFUND_AMOUNT,"GW-OTHER refund Rs 9,998.00 above stated Rs 500 goodwill threshold (review candidate requiring text/policy validation) | High single refund value of Rs 9,998.00",9998.0,GW-OTHER,N,quoted_valid,VR890575,A3029
TK-245289,2,FLAG_GW_OVER_CAP; FLAG_REFUND_AND_REPLACEMENT,"GW-OTHER refund Rs 3,499.00 above stated Rs 500 goodwill threshold (review candidate requiring text/policy validation) | Both refund Rs 3,499.00 and replacement unit issued",3499.0,GW-OTHER,Y,fallback_single,VR896702,A3039
TK-245307,2,FLAG_GW_OVER_CAP; FLAG_HIGH_REFUND_AMOUNT,"GW-OTHER refund Rs 5,699.00 above stated Rs 500 goodwill threshold (review candidate requiring text/policy validation) | High single refund value of Rs 5,699.00",5699.0,GW-OTHER,N,fallback_single,VR895705,A3038
TK-245325,2,FLAG_AMBIGUOUS_ORDER; FLAG_HIGH_REFUND_AMOUNT,"Customer has multiple orders for SKU; match is ambiguous | High single refund value of Rs 5,524.00",5524.0,DUP-PAYMENT,N,ambiguous,,A3035
TK-245326,2,FLAG_GW_OVER_CAP; FLAG_HIGH_REFUND_AMOUNT,"GW-OTHER refund Rs 6,999.00 above stated Rs 500 goodwill threshold (review candidate requiring text/policy validation) | High single refund value of Rs 6,999.00",6999.0,GW-OTHER,N,quoted_valid,VR888288,A3039
TK-245163,2,FLAG_GW_OVER_CAP; FLAG_AMBIGUOUS_ORDER,"GW-OTHER refund Rs 2,799.00 above stated Rs 500 goodwill threshold (review candidate requiring text/policy validation) | Customer has multiple orders for SKU; match is ambiguous",2799.0,GW-OTHER,N,ambiguous,,A3030
TK-245204,2,FLAG_GW_OVER_CAP; FLAG_HIGH_REFUND_AMOUNT,"GW-OTHER refund Rs 5,524.00 above stated Rs 500 goodwill threshold (review candidate requiring text/policy validation) | High single refund value of Rs 5,524.00",5524.0,GW-OTHER,N,quoted_valid,VR892440,A3036
TK-244095,2,FLAG_GW_OVER_CAP; FLAG_HIGH_REFUND_AMOUNT,"GW-OTHER refund Rs 5,599.00 above stated Rs 500 goodwill threshold (review candidate requiring text/policy validation) | High single refund value of Rs 5,599.00",5599.0,GW-OTHER,N,quoted_valid,VR894470,A3014
TK-245048,2,FLAG_GW_OVER_CAP; FLAG_HIGH_REFUND_AMOUNT,"GW-OTHER refund Rs 6,999.00 above stated Rs 500 goodwill threshold (review candidate requiring text/policy validation) | High single refund value of Rs 6,999.00",6999.0,GW-OTHER,N,quoted_valid,VR891232,A3034
TK-242752,2,FLAG_GW_OVER_CAP; FLAG_HIGH_REFUND_AMOUNT,"GW-OTHER refund Rs 6,499.00 above stated Rs 500 goodwill threshold (review candidate requiring text/policy validation) | High single refund value of Rs 6,499.00",6499.0,GW-OTHER,N,fallback_single,VR899048,A3038
TK-242771,2,FLAG_GW_OVER_CAP; FLAG_REFUND_AND_REPLACEMENT,"GW-OTHER refund Rs 1,529.00 above stated Rs 500 goodwill threshold (review candidate requiring text/policy validation) | Both refund Rs 1,529.00 and replacement unit issued",1529.0,GW-OTHER,Y,fallback_single,VR880756,A3036
TK-242786,2,FLAG_GW_OVER_CAP; FLAG_HIGH_REFUND_AMOUNT,"GW-OTHER refund Rs 6,499.00 above stated Rs 500 goodwill threshold (review candidate requiring text/policy validation) | High single refund value of Rs 6,499.00",6499.0,GW-OTHER,N,fallback_single,VR894917,A3036
TK-245071,2,FLAG_GW_OVER_CAP; FLAG_AMBIGUOUS_ORDER,"GW-OTHER refund Rs 2,799.00 above stated Rs 500 goodwill threshold (review candidate requiring text/policy validation) | Customer has multiple orders for SKU; match is ambiguous",2799.0,GW-OTHER,N,ambiguous,,A3032
TK-245079,2,FLAG_AMBIGUOUS_ORDER; FLAG_HIGH_REFUND_AMOUNT,"Customer has multiple orders for SKU; match is ambiguous | High single refund value of Rs 5,524.00",5524.0,DUP-PAYMENT,N,ambiguous,,A3035
TK-245084,2,FLAG_GW_OVER_CAP; FLAG_HIGH_REFUND_AMOUNT,"GW-OTHER refund Rs 13,998.00 above stated Rs 500 goodwill threshold (review candidate requiring text/policy validation) | High single refund value of Rs 13,998.00",13998.0,GW-OTHER,N,quoted_valid,VR908566,A3038
TK-254433,2,FLAG_GW_OVER_CAP; FLAG_AMBIGUOUS_ORDER,"GW-OTHER refund Rs 3,324.00 above stated Rs 500 goodwill threshold (review candidate requiring text/policy validation) | Customer has multiple orders for SKU; match is ambiguous",3324.0,GW-OTHER,N,ambiguous,,A3001
TK-245141,2,FLAG_GW_OVER_CAP; FLAG_HIGH_REFUND_AMOUNT,"GW-OTHER refund Rs 6,999.00 above stated Rs 500 goodwill threshold (review candidate requiring text/policy validation) | High single refund value of Rs 6,999.00",6999.0,GW-OTHER,N,quoted_valid,VR907463,A3028
TK-244966,2,FLAG_GW_OVER_CAP; FLAG_REFUND_AND_REPLACEMENT,"GW-OTHER refund Rs 3,324.00 above stated Rs 500 goodwill threshold (review candidate requiring text/policy validation) | Both refund Rs 3,324.00 and replacement unit issued",3324.0,GW-OTHER,Y,quoted_valid,VR900494,A3030
TK-244843,2,FLAG_GW_OVER_CAP; FLAG_HIGH_REFUND_AMOUNT,"GW-OTHER refund Rs 5,599.00 above stated Rs 500 goodwill threshold (review candidate requiring text/policy validation) | High single refund value of Rs 5,599.00",5599.0,GW-OTHER,N,fallback_single,VR906961,A3037
TK-244844,2,FLAG_GW_OVER_CAP; FLAG_HIGH_REFUND_AMOUNT,"GW-OTHER refund Rs 6,174.00 above stated Rs 500 goodwill threshold (review candidate requiring text/policy validation) | High single refund value of Rs 6,174.00",6174.0,GW-OTHER,N,quoted_valid,VR884919,A3003
TK-244872,2,FLAG_GW_OVER_CAP; FLAG_REFUND_AND_REPLACEMENT,"GW-OTHER refund Rs 2,124.00 above stated Rs 500 goodwill threshold (review candidate requiring text/policy validation) | Both refund Rs 2,124.00 and replacement unit issued",2124.0,GW-OTHER,Y,quoted_valid,VR894578,A3030
TK-244910,2,FLAG_GW_OVER_CAP; FLAG_REFUND_AND_REPLACEMENT,"GW-OTHER refund Rs 1,799.00 above stated Rs 500 goodwill threshold (review candidate requiring text/policy validation) | Both refund Rs 1,799.00 and replacement unit issued",1799.0,GW-OTHER,Y,fallback_single,VR898551,A3003
TK-244931,2,FLAG_GW_OVER_CAP; FLAG_HIGH_REFUND_AMOUNT,"GW-OTHER refund Rs 5,199.00 above stated Rs 500 goodwill threshold (review candidate requiring text/policy validation) | High single refund value of Rs 5,199.00",5199.0,GW-OTHER,N,quoted_valid,VR895727,A3037
TK-244152,2,FLAG_GW_OVER_CAP; FLAG_AMBIGUOUS_ORDER,"GW-OTHER refund Rs 2,799.00 above stated Rs 500 goodwill threshold (review candidate requiring text/policy validation) | Customer has multiple orders for SKU; match is ambiguous",2799.0,GW-OTHER,N,ambiguous,,A3035
TK-244772,2,FLAG_GW_OVER_CAP; FLAG_HIGH_REFUND_AMOUNT,"GW-OTHER refund Rs 5,948.00 above stated Rs 500 goodwill threshold (review candidate requiring text/policy validation) | High single refund value of Rs 5,948.00",5948.0,GW-OTHER,N,quoted_valid,VR893988,A3038
TK-244806,2,FLAG_AMBIGUOUS_ORDER; FLAG_HIGH_REFUND_AMOUNT,"Customer has multiple orders for SKU; match is ambiguous | High single refund value of Rs 6,499.00",6499.0,RETURN-QC-OK,N,ambiguous,,A3036
TK-244824,2,FLAG_GW_OVER_CAP; FLAG_AMBIGUOUS_ORDER,"GW-OTHER refund Rs 3,499.00 above stated Rs 500 goodwill threshold (review candidate requiring text/policy validation) | Customer has multiple orders for SKU; match is ambiguous",3499.0,GW-OTHER,N,ambiguous,,A3038
TK-244515,2,FLAG_GW_OVER_CAP; FLAG_REFUND_AND_REPLACEMENT,"GW-OTHER refund Rs 1,709.00 above stated Rs 500 goodwill threshold (review candidate requiring text/policy validation) | Both refund Rs 1,709.00 and replacement unit issued",1709.0,GW-OTHER,Y,quoted_valid,VR882896,A3015
TK-244553,2,FLAG_GW_OVER_CAP; FLAG_AMBIGUOUS_ORDER,"GW-OTHER refund Rs 2,499.00 above stated Rs 500 goodwill threshold (review candidate requiring text/policy validation) | Customer has multiple orders for SKU; match is ambiguous",2499.0,GW-OTHER,N,ambiguous,,A3006
TK-244392,2,FLAG_GW_OVER_CAP; FLAG_REFUND_AND_REPLACEMENT,"GW-OTHER refund Rs 3,149.00 above stated Rs 500 goodwill threshold (review candidate requiring text/policy validation) | Both refund Rs 3,149.00 and replacement unit issued",3149.0,GW-OTHER,Y,quoted_valid,VR898859,A3010
TK-244495,2,FLAG_GW_OVER_CAP; FLAG_HIGH_REFUND_AMOUNT,"GW-OTHER refund Rs 5,199.00 above stated Rs 500 goodwill threshold (review candidate requiring text/policy validation) | High single refund value of Rs 5,199.00",5199.0,GW-OTHER,N,fallback_single,VR898629,A3038
TK-244190,2,FLAG_REFUND_AND_REPLACEMENT; FLAG_HIGH_REFUND_AMOUNT,"Both refund Rs 6,499.00 and replacement unit issued | High single refund value of Rs 6,499.00",6499.0,DOA-REPL,Y,quoted_valid,VR902737,A3030
TK-253597,2,FLAG_GW_OVER_CAP; FLAG_AMBIGUOUS_ORDER,"GW-OTHER refund Rs 2,974.00 above stated Rs 500 goodwill threshold (review candidate requiring text/policy validation) | Customer has multiple orders for SKU; match is ambiguous",2974.0,GW-OTHER,N,ambiguous,,A3005
TK-243098,2,FLAG_GW_OVER_CAP; FLAG_REFUND_AND_REPLACEMENT,"GW-OTHER refund Rs 2,499.00 above stated Rs 500 goodwill threshold (review candidate requiring text/policy validation) | Both refund Rs 2,499.00 and replacement unit issued",2499.0,GW-OTHER,Y,fallback_single,VR899468,A3039
TK-243154,2,FLAG_GW_OVER_CAP; FLAG_HIGH_REFUND_AMOUNT,"GW-OTHER refund Rs 6,499.00 above stated Rs 500 goodwill threshold (review candidate requiring text/policy validation) | High single refund value of Rs 6,499.00",6499.0,GW-OTHER,N,quoted_valid,VR897135,A3028
TK-243157,2,FLAG_GW_OVER_CAP; FLAG_HIGH_REFUND_AMOUNT,"GW-OTHER refund Rs 12,998.00 above stated Rs 500 goodwill threshold (review candidate requiring text/policy validation) | High single refund value of Rs 12,998.00",12998.0,GW-OTHER,N,quoted_valid,VR906031,A3029
TK-243163,2,FLAG_AMBIGUOUS_ORDER; FLAG_HIGH_REFUND_AMOUNT,"Customer has multiple orders for SKU; match is ambiguous | High single refund value of Rs 6,999.00",6999.0,LOST-TRANSIT,N,ambiguous,,A3030
TK-243210,2,FLAG_GW_OVER_CAP; FLAG_REFUND_AND_REPLACEMENT,"GW-OTHER refund Rs 2,499.00 above stated Rs 500 goodwill threshold (review candidate requiring text/policy validation) | Both refund Rs 2,499.00 and replacement unit issued",2499.0,GW-OTHER,Y,quoted_valid,VR890279,A3030
TK-243215,2,FLAG_GW_OVER_CAP; FLAG_HIGH_REFUND_AMOUNT,"GW-OTHER refund Rs 12,998.00 above stated Rs 500 goodwill threshold (review candidate requiring text/policy validation) | High single refund value of Rs 12,998.00",12998.0,GW-OTHER,N,quoted_valid,VR906031,A3027
TK-254449,2,FLAG_GW_OVER_CAP; FLAG_HIGH_REFUND_AMOUNT,"GW-OTHER refund Rs 6,499.00 above stated Rs 500 goodwill threshold (review candidate requiring text/policy validation) | High single refund value of Rs 6,499.00",6499.0,GW-OTHER,N,quoted_valid,VR897482,A3039
TK-254465,2,FLAG_GW_OVER_CAP; FLAG_REFUND_AND_REPLACEMENT,"GW-OTHER refund Rs 3,324.00 above stated Rs 500 goodwill threshold (review candidate requiring text/policy validation) | Both refund Rs 3,324.00 and replacement unit issued",3324.0,GW-OTHER,Y,quoted_valid,VR896666,A3036
TK-254466,2,FLAG_GW_OVER_CAP; FLAG_REFUND_AND_REPLACEMENT,"GW-OTHER refund Rs 1,699.00 above stated Rs 500 goodwill threshold (review candidate requiring text/policy validation) | Both refund Rs 1,699.00 and replacement unit issued",1699.0,GW-OTHER,Y,quoted_valid,VR885191,A3026
TK-254497,2,FLAG_GW_OVER_CAP; FLAG_HIGH_REFUND_AMOUNT,"GW-OTHER refund Rs 5,199.00 above stated Rs 500 goodwill threshold (review candidate requiring text/policy validation) | High single refund value of Rs 5,199.00",5199.0,GW-OTHER,N,quoted_valid,VR909407,A3012
TK-254504,2,FLAG_GW_OVER_CAP; FLAG_HIGH_REFUND_AMOUNT,"GW-OTHER refund Rs 6,174.00 above stated Rs 500 goodwill threshold (review candidate requiring text/policy validation) | High single refund value of Rs 6,174.00",6174.0,GW-OTHER,N,quoted_valid,VR885073,A3002
TK-254521,2,FLAG_GW_OVER_CAP; FLAG_REFUND_AND_REPLACEMENT,"GW-OTHER refund Rs 2,124.00 above stated Rs 500 goodwill threshold (review candidate requiring text/policy validation) | Both refund Rs 2,124.00 and replacement unit issued",2124.0,GW-OTHER,Y,quoted_valid,VR905218,A3006
TK-240120,2,FLAG_GW_OVER_CAP; FLAG_HIGH_REFUND_AMOUNT,"GW-OTHER refund Rs 13,298.00 above stated Rs 500 goodwill threshold (review candidate requiring text/policy validation) | High single refund value of Rs 13,298.00",13298.0,GW-OTHER,N,fallback_single,VR908355,A3036
TK-240146,2,FLAG_GW_OVER_CAP; FLAG_HIGH_REFUND_AMOUNT,"GW-OTHER refund Rs 6,999.00 above stated Rs 500 goodwill threshold (review candidate requiring text/policy validation) | High single refund value of Rs 6,999.00",6999.0,GW-OTHER,N,quoted_valid,VR880913,A3037
TK-254202,2,FLAG_GW_OVER_CAP; FLAG_REFUND_AND_REPLACEMENT,"GW-OTHER refund Rs 1,709.00 above stated Rs 500 goodwill threshold (review candidate requiring text/policy validation) | Both refund Rs 1,709.00 and replacement unit issued",1709.0,GW-OTHER,Y,quoted_valid,VR893231,A3003
TK-243395,2,FLAG_GW_OVER_CAP; FLAG_HIGH_REFUND_AMOUNT,"GW-OTHER refund Rs 6,174.00 above stated Rs 500 goodwill threshold (review candidate requiring text/policy validation) | High single refund value of Rs 6,174.00",6174.0,GW-OTHER,N,quoted_valid,VR883780,A3044
TK-253991,2,FLAG_GW_OVER_CAP; FLAG_HIGH_REFUND_AMOUNT,"GW-OTHER refund Rs 6,999.00 above stated Rs 500 goodwill threshold (review candidate requiring text/policy validation) | High single refund value of Rs 6,999.00",6999.0,GW-OTHER,N,quoted_valid,VR888918,A3028
TK-253996,2,FLAG_GW_OVER_CAP; FLAG_HIGH_REFUND_AMOUNT,"GW-OTHER refund Rs 12,348.00 above stated Rs 500 goodwill threshold (review candidate requiring text/policy validation) | High single refund value of Rs 12,348.00",12348.0,GW-OTHER,N,quoted_valid,VR893891,A3037
TK-244018,2,FLAG_GW_OVER_CAP; FLAG_HIGH_REFUND_AMOUNT,"GW-OTHER refund Rs 5,948.00 above stated Rs 500 goodwill threshold (review candidate requiring text/policy validation) | High single refund value of Rs 5,948.00",5948.0,GW-OTHER,N,quoted_valid,VR904650,A3037
TK-254011,2,FLAG_GW_OVER_CAP; FLAG_AMBIGUOUS_ORDER,"GW-OTHER refund Rs 2,374.00 above stated Rs 500 goodwill threshold (review candidate requiring text/policy validation) | Customer has multiple orders for SKU; match is ambiguous",2374.0,GW-OTHER,N,ambiguous,,A3037
TK-254064,2,FLAG_GW_OVER_CAP; FLAG_REFUND_AND_REPLACEMENT,"GW-OTHER refund Rs 3,149.00 above stated Rs 500 goodwill threshold (review candidate requiring text/policy validation) | Both refund Rs 3,149.00 and replacement unit issued",3149.0,GW-OTHER,Y,fallback_single,VR892779,A3001
TK-240429,2,FLAG_GW_OVER_CAP; FLAG_REFUND_AND_REPLACEMENT,"GW-OTHER refund Rs 2,124.00 above stated Rs 500 goodwill threshold (review candidate requiring text/policy validation) | Both refund Rs 2,124.00 and replacement unit issued",2124.0,GW-OTHER,Y,quoted_valid,VR884192,A3029
TK-244054,2,FLAG_GW_OVER_CAP; FLAG_HIGH_REFUND_AMOUNT,"GW-OTHER refund Rs 5,949.00 above stated Rs 500 goodwill threshold (review candidate requiring text/policy validation) | High single refund value of Rs 5,949.00",5949.0,GW-OTHER,N,fallback_single,VR904586,A3030
TK-243843,2,FLAG_GW_OVER_CAP; FLAG_HIGH_REFUND_AMOUNT,"GW-OTHER refund Rs 5,599.00 above stated Rs 500 goodwill threshold (review candidate requiring text/policy validation) | High single refund value of Rs 5,599.00",5599.0,GW-OTHER,N,quoted_valid,VR899904,A3038
TK-240492,2,FLAG_GW_OVER_CAP; FLAG_AMBIGUOUS_ORDER,"GW-OTHER refund Rs 4,749.00 above stated Rs 500 goodwill threshold (review candidate requiring text/policy validation) | Customer has multiple orders for SKU; match is ambiguous",4749.0,GW-OTHER,N,ambiguous,,A3017
TK-253903,2,FLAG_REFUND_AND_REPLACEMENT; FLAG_HIGH_REFUND_AMOUNT,"Both refund Rs 6,499.00 and replacement unit issued | High single refund value of Rs 6,499.00",6499.0,DOA-REPL,Y,fallback_single,VR904223,A3009
TK-253675,2,FLAG_AMBIGUOUS_ORDER; FLAG_HIGH_REFUND_AMOUNT,"Customer has multiple orders for SKU; match is ambiguous | High single refund value of Rs 6,999.00",6999.0,DOA-REPL,N,ambiguous,,A3010
TK-253679,2,FLAG_GW_OVER_CAP; FLAG_AMBIGUOUS_ORDER,"GW-OTHER refund Rs 2,799.00 above stated Rs 500 goodwill threshold (review candidate requiring text/policy validation) | Customer has multiple orders for SKU; match is ambiguous",2799.0,GW-OTHER,N,ambiguous,,A3038
TK-253682,2,FLAG_GW_OVER_CAP; FLAG_AMBIGUOUS_ORDER,"GW-OTHER refund Rs 3,499.00 above stated Rs 500 goodwill threshold (review candidate requiring text/policy validation) | Customer has multiple orders for SKU; match is ambiguous",3499.0,GW-OTHER,N,ambiguous,,A3031
TK-253569,2,FLAG_GW_OVER_CAP; FLAG_REFUND_AND_REPLACEMENT,"GW-OTHER refund Rs 1,999.00 above stated Rs 500 goodwill threshold (review candidate requiring text/policy validation) | Both refund Rs 1,999.00 and replacement unit issued",1999.0,GW-OTHER,Y,quoted_valid,VR884091,A3036
TK-254348,2,FLAG_GW_OVER_CAP; FLAG_REFUND_AND_REPLACEMENT,"GW-OTHER refund Rs 1,709.00 above stated Rs 500 goodwill threshold (review candidate requiring text/policy validation) | Both refund Rs 1,709.00 and replacement unit issued",1709.0,GW-OTHER,Y,fallback_single,VR890646,A3044
TK-254439,1,FLAG_GW_OVER_CAP,"GW-OTHER refund Rs 1,529.00 above stated Rs 500 goodwill threshold (review candidate requiring text/policy validation)",1529.0,GW-OTHER,N,quoted_valid,VR894791,A3010
TK-240138,1,FLAG_GW_OVER_CAP,"GW-OTHER refund Rs 1,999.00 above stated Rs 500 goodwill threshold (review candidate requiring text/policy validation)",1999.0,GW-OTHER,N,fallback_single,VR892256,A3031
TK-240117,1,FLAG_GW_OVER_CAP,"GW-OTHER refund Rs 1,400.00 above stated Rs 500 goodwill threshold (review candidate requiring text/policy validation)",1400.0,GW-OTHER,N,fallback_single,VR909167,A3036
TK-240112,1,FLAG_AMBIGUOUS_ORDER,Customer has multiple orders for SKU; match is ambiguous,,None,N,ambiguous,,A3010
TK-240089,1,FLAG_GW_OVER_CAP,"GW-OTHER refund Rs 2,499.00 above stated Rs 500 goodwill threshold (review candidate requiring text/policy validation)",2499.0,GW-OTHER,N,quoted_valid,VR881495,A3029
TK-240074,1,FLAG_AMBIGUOUS_ORDER,Customer has multiple orders for SKU; match is ambiguous,,None,N,ambiguous,,A3039
TK-240224,1,FLAG_AMBIGUOUS_ORDER,Customer has multiple orders for SKU; match is ambiguous,,None,N,ambiguous,,A3022
TK-240226,1,FLAG_GW_OVER_CAP,"GW-OTHER refund Rs 4,999.00 above stated Rs 500 goodwill threshold (review candidate requiring text/policy validation)",4999.0,GW-OTHER,N,quoted_valid,VR880521,A3038
TK-240227,1,FLAG_AMBIGUOUS_ORDER,Customer has multiple orders for SKU; match is ambiguous,,None,N,ambiguous,,A3018
TK-240242,1,FLAG_GW_OVER_CAP,"GW-OTHER refund Rs 2,499.00 above stated Rs 500 goodwill threshold (review candidate requiring text/policy validation)",2499.0,GW-OTHER,N,fallback_single,VR898288,A3007
TK-240247,1,FLAG_GW_OVER_CAP,GW-OTHER refund Rs 674.00 above stated Rs 500 goodwill threshold (review candidate requiring text/policy validation),674.0,GW-OTHER,N,quoted_valid,VR904442,A3032
TK-240249,1,FLAG_AMBIGUOUS_ORDER,Customer has multiple orders for SKU; match is ambiguous,,None,N,ambiguous,,A3013
TK-240258,1,FLAG_REFUND_AND_REPLACEMENT,"Both refund Rs 4,249.00 and replacement unit issued",4249.0,DOA-REPL,Y,fallback_single,VR908452,A3006
TK-240262,1,FLAG_GW_OVER_CAP,"GW-OTHER refund Rs 3,999.00 above stated Rs 500 goodwill threshold (review candidate requiring text/policy validation)",3999.0,GW-OTHER,N,quoted_valid,VR890611,A3030
TK-240263,1,FLAG_GW_OVER_CAP,GW-OTHER refund Rs 718.00 above stated Rs 500 goodwill threshold (review candidate requiring text/policy validation),718.0,GW-OTHER,N,fallback_single,VR898229,A3029
TK-240320,1,FLAG_GW_OVER_CAP,"GW-OTHER refund Rs 1,799.00 above stated Rs 500 goodwill threshold (review candidate requiring text/policy validation)",1799.0,GW-OTHER,N,quoted_valid,VR881385,A3002
TK-240328,1,FLAG_GW_OVER_CAP,"GW-OTHER refund Rs 1,599.00 above stated Rs 500 goodwill threshold (review candidate requiring text/policy validation)",1599.0,GW-OTHER,N,quoted_valid,VR904257,A3022
TK-254533,1,FLAG_AMBIGUOUS_ORDER,Customer has multiple orders for SKU; match is ambiguous,3149.0,CANCEL,N,ambiguous,,A3012
TK-254241,1,FLAG_AMBIGUOUS_ORDER,Customer has multiple orders for SKU; match is ambiguous,665.0,DUP-PAYMENT,N,ambiguous,,A3035
TK-254269,1,FLAG_AMBIGUOUS_ORDER,Customer has multiple orders for SKU; match is ambiguous,,None,N,ambiguous,,A3015
TK-254270,1,FLAG_GW_OVER_CAP,"GW-OTHER refund Rs 1,529.00 above stated Rs 500 goodwill threshold (review candidate requiring text/policy validation)",1529.0,GW-OTHER,N,quoted_valid,VR896029,A3037
TK-254274,1,FLAG_AMBIGUOUS_ORDER,Customer has multiple orders for SKU; match is ambiguous,,None,N,ambiguous,,A3030
TK-243408,1,FLAG_GW_OVER_CAP,"GW-OTHER refund Rs 1,709.00 above stated Rs 500 goodwill threshold (review candidate requiring text/policy validation)",1709.0,GW-OTHER,N,fallback_single,VR899714,A3013
TK-243419,1,FLAG_HIGH_REFUND_AMOUNT,"High single refund value of Rs 6,999.00",6999.0,DOA-REPL,N,quoted_valid,VR902823,A3044
TK-243427,1,FLAG_AMBIGUOUS_ORDER,Customer has multiple orders for SKU; match is ambiguous,,None,N,ambiguous,,A3003
TK-243438,1,FLAG_AMBIGUOUS_ORDER,Customer has multiple orders for SKU; match is ambiguous,,None,N,ambiguous,,A3030
TK-243141,1,FLAG_GW_OVER_CAP,"GW-OTHER refund Rs 2,374.00 above stated Rs 500 goodwill threshold (review candidate requiring text/policy validation)",2374.0,GW-OTHER,N,fallback_single,VR891328,A3036
TK-243185,1,FLAG_GW_OVER_CAP,"GW-OTHER refund Rs 2,499.00 above stated Rs 500 goodwill threshold (review candidate requiring text/policy validation)",2499.0,GW-OTHER,N,fallback_single,VR904320,A3035
TK-243188,1,FLAG_HIGH_REFUND_AMOUNT,"High single refund value of Rs 5,524.00",5524.0,RETURN-QC-OK,N,quoted_valid,VR895867,A3037
TK-243207,1,FLAG_GW_OVER_CAP,"GW-OTHER refund Rs 1,999.00 above stated Rs 500 goodwill threshold (review candidate requiring text/policy validation)",1999.0,GW-OTHER,N,quoted_valid,VR887082,A3026
TK-243212,1,FLAG_GW_OVER_CAP,"GW-OTHER refund Rs 4,499.00 above stated Rs 500 goodwill threshold (review candidate requiring text/policy validation)",4499.0,GW-OTHER,N,fallback_single,VR896956,A3020
TK-243224,1,FLAG_GW_OVER_CAP,"GW-OTHER refund Rs 2,249.00 above stated Rs 500 goodwill threshold (review candidate requiring text/policy validation)",2249.0,GW-OTHER,N,quoted_valid,VR899108,A3032
TK-243264,1,FLAG_AMBIGUOUS_ORDER,Customer has multiple orders for SKU; match is ambiguous,,None,N,ambiguous,,A3006
TK-243273,1,FLAG_GW_OVER_CAP,"GW-OTHER refund Rs 1,799.00 above stated Rs 500 goodwill threshold (review candidate requiring text/policy validation)",1799.0,GW-OTHER,N,quoted_valid,VR903653,A3035
TK-243279,1,FLAG_AMBIGUOUS_ORDER,Customer has multiple orders for SKU; match is ambiguous,1000.0,RETURN-QC-OK,N,ambiguous,,A3038
TK-243305,1,FLAG_GW_OVER_CAP,"GW-OTHER refund Rs 2,499.00 above stated Rs 500 goodwill threshold (review candidate requiring text/policy validation)",2499.0,GW-OTHER,N,quoted_valid,VR901307,A3028
TK-242970,1,FLAG_AMBIGUOUS_ORDER,Customer has multiple orders for SKU; match is ambiguous,,None,N,ambiguous,,A3041
TK-254489,1,FLAG_AMBIGUOUS_ORDER,Customer has multiple orders for SKU; match is ambiguous,,None,Y,ambiguous,,A3030
TK-243490,1,FLAG_GW_OVER_CAP,"GW-OTHER refund Rs 2,799.00 above stated Rs 500 goodwill threshold (review candidate requiring text/policy validation)",2799.0,GW-OTHER,N,quoted_valid,VR899238,A3024
TK-243492,1,FLAG_GW_OVER_CAP,"GW-OTHER refund Rs 4,749.00 above stated Rs 500 goodwill threshold (review candidate requiring text/policy validation)",4749.0,GW-OTHER,N,fallback_single,VR892222,A3028
TK-243496,1,FLAG_GW_OVER_CAP,"GW-OTHER refund Rs 2,249.00 above stated Rs 500 goodwill threshold (review candidate requiring text/policy validation)",2249.0,GW-OTHER,N,quoted_valid,VR892644,A3030
TK-243501,1,FLAG_GW_OVER_CAP,"GW-OTHER refund Rs 2,548.00 above stated Rs 500 goodwill threshold (review candidate requiring text/policy validation)",2548.0,GW-OTHER,N,quoted_valid,VR880989,A3036
TK-243514,1,FLAG_GW_OVER_CAP,"GW-OTHER refund Rs 2,124.00 above stated Rs 500 goodwill threshold (review candidate requiring text/policy validation)",2124.0,GW-OTHER,N,quoted_valid,VR883131,A3033
TK-243522,1,FLAG_HIGH_REFUND_AMOUNT,"High single refund value of Rs 5,849.00",5849.0,WTY-BUYBACK,N,quoted_valid,VR906367,A3041
TK-243542,1,FLAG_GW_OVER_CAP,GW-OTHER refund Rs 720.00 above stated Rs 500 goodwill threshold (review candidate requiring text/policy validation),720.0,GW-OTHER,N,quoted_valid,VR889547,A3032
TK-243320,1,FLAG_AMBIGUOUS_ORDER,Customer has multiple orders for SKU; match is ambiguous,,None,Y,ambiguous,,A3011
TK-243324,1,FLAG_HIGH_REFUND_AMOUNT,"High single refund value of Rs 5,524.00",5524.0,DUP-PAYMENT,N,quoted_valid,VR889458,A3035
TK-243337,1,FLAG_GW_OVER_CAP,"GW-OTHER refund Rs 1,709.00 above stated Rs 500 goodwill threshold (review candidate requiring text/policy validation)",1709.0,GW-OTHER,N,quoted_valid,VR886671,A3033
TK-243341,1,FLAG_GW_OVER_CAP,"GW-OTHER refund Rs 1,799.00 above stated Rs 500 goodwill threshold (review candidate requiring text/policy validation)",1799.0,GW-OTHER,N,quoted_valid,VR899885,A3026
TK-243357,1,FLAG_GW_OVER_CAP,"GW-OTHER refund Rs 4,999.00 above stated Rs 500 goodwill threshold (review candidate requiring text/policy validation)",4999.0,GW-OTHER,N,quoted_valid,VR889291,A3030
TK-243366,1,FLAG_REFUND_AND_REPLACEMENT,"Both refund Rs 2,374.00 and replacement unit issued",2374.0,WTY-BUYBACK,Y,quoted_valid,VR903943,A3017
TK-243385,1,FLAG_HIGH_REFUND_AMOUNT,"High single refund value of Rs 5,599.00",5599.0,CANCEL,N,quoted_valid,VR894874,A3004
TK-243391,1,FLAG_HIGH_REFUND_AMOUNT,"High single refund value of Rs 5,199.00",5199.0,RETURN-QC-OK,N,fallback_single,VR888568,A3035
TK-243401,1,FLAG_GW_OVER_CAP,"GW-OTHER refund Rs 3,324.00 above stated Rs 500 goodwill threshold (review candidate requiring text/policy validation)",3324.0,GW-OTHER,N,quoted_valid,VR891711,A3032
TK-243620,1,FLAG_HIGH_REFUND_AMOUNT,"High single refund value of Rs 5,199.00",5199.0,DUP-PAYMENT,N,fallback_single,VR898629,A3032
TK-243635,1,FLAG_HIGH_REFUND_AMOUNT,"High single refund value of Rs 5,999.00",5999.0,DUP-PAYMENT,N,quoted_valid,VR904577,A3035
TK-243643,1,FLAG_AMBIGUOUS_ORDER,Customer has multiple orders for SKU; match is ambiguous,,None,Y,ambiguous,,A3031
TK-243645,1,FLAG_HIGH_REFUND_AMOUNT,"High single refund value of Rs 6,648.00",6648.0,CANCEL,N,quoted_valid,VR909813,A3029
TK-243657,1,FLAG_GW_OVER_CAP,GW-OTHER refund Rs 750.00 above stated Rs 500 goodwill threshold (review candidate requiring text/policy validation),750.0,GW-OTHER,N,quoted_valid,VR897206,A3033
TK-243661,1,FLAG_GW_OVER_CAP,"GW-OTHER refund Rs 2,974.00 above stated Rs 500 goodwill threshold (review candidate requiring text/policy validation)",2974.0,GW-OTHER,N,fallback_single,VR904287,A3038
TK-243676,1,FLAG_GW_OVER_CAP,"GW-OTHER refund Rs 4,799.00 above stated Rs 500 goodwill threshold (review candidate requiring text/policy validation)",4799.0,GW-OTHER,N,quoted_valid,VR889547,A3030
TK-243681,1,FLAG_GW_OVER_CAP,"GW-OTHER refund Rs 2,499.00 above stated Rs 500 goodwill threshold (review candidate requiring text/policy validation)",2499.0,GW-OTHER,N,quoted_valid,VR895807,A3014
TK-243441,1,FLAG_HIGH_REFUND_AMOUNT,"High single refund value of Rs 6,999.00",6999.0,DUP-PAYMENT,N,fallback_single,VR897280,A3034
TK-243444,1,FLAG_AMBIGUOUS_ORDER,Customer has multiple orders for SKU; match is ambiguous,,None,N,ambiguous,,A3021
TK-243449,1,FLAG_HIGH_REFUND_AMOUNT,"High single refund value of Rs 6,999.00",6999.0,RETURN-QC-OK,N,quoted_valid,VR905401,A3037
TK-243451,1,FLAG_HIGH_REFUND_AMOUNT,"High single refund value of Rs 11,998.00",11998.0,CANCEL,N,quoted_valid,VR885365,A3013
TK-243463,1,FLAG_AMBIGUOUS_ORDER,Customer has multiple orders for SKU; match is ambiguous,,None,N,ambiguous,,A3028
TK-243468,1,FLAG_AMBIGUOUS_ORDER,Customer has multiple orders for SKU; match is ambiguous,,None,N,ambiguous,,A3039
TK-243482,1,FLAG_HIGH_REFUND_AMOUNT,"High single refund value of Rs 6,299.00",6299.0,RETURN-QC-OK,N,fallback_single,VR890268,A3036
TK-243486,1,FLAG_GW_OVER_CAP,"GW-OTHER refund Rs 2,250.00 above stated Rs 500 goodwill threshold (review candidate requiring text/policy validation)",2250.0,GW-OTHER,N,quoted_valid,VR906346,A3018
TK-243730,1,FLAG_HIGH_REFUND_AMOUNT,"High single refund value of Rs 5,399.00",5399.0,CANCEL,N,fallback_single,VR887982,A3030
TK-243738,1,FLAG_GW_OVER_CAP,"GW-OTHER refund Rs 4,999.00 above stated Rs 500 goodwill threshold (review candidate requiring text/policy validation)",4999.0,GW-OTHER,N,quoted_valid,VR897206,A3036
TK-243751,1,FLAG_AMBIGUOUS_ORDER,Customer has multiple orders for SKU; match is ambiguous,,None,N,ambiguous,,A3005
TK-243771,1,FLAG_HIGH_REFUND_AMOUNT,"High single refund value of Rs 6,499.00",6499.0,LOST-TRANSIT,N,fallback_single,VR907605,A3029
TK-243772,1,FLAG_AMBIGUOUS_ORDER,Customer has multiple orders for SKU; match is ambiguous,,None,Y,ambiguous,,A3026
TK-243778,1,FLAG_GW_OVER_CAP,"GW-OTHER refund Rs 2,974.00 above stated Rs 500 goodwill threshold (review candidate requiring text/policy validation)",2974.0,GW-OTHER,N,fallback_single,VR905304,A3036
TK-243781,1,FLAG_HIGH_REFUND_AMOUNT,"High single refund value of Rs 6,499.00",6499.0,CANCEL,N,fallback_single,VR884765,A3017
TK-243782,1,FLAG_AMBIGUOUS_ORDER,Customer has multiple orders for SKU; match is ambiguous,,None,N,ambiguous,,A3018
TK-243784,1,FLAG_GW_OVER_CAP,"GW-OTHER refund Rs 3,499.00 above stated Rs 500 goodwill threshold (review candidate requiring text/policy validation)",3499.0,GW-OTHER,N,fallback_single,VR891533,A3017
TK-243544,1,FLAG_HIGH_REFUND_AMOUNT,"High single refund value of Rs 6,499.00",6499.0,RETURN-QC-OK,N,fallback_single,VR903338,A3030
TK-243554,1,FLAG_GW_OVER_CAP,"GW-OTHER refund Rs 2,499.00 above stated Rs 500 goodwill threshold (review candidate requiring text/policy validation)",2499.0,GW-OTHER,N,fallback_single,VR895435,A3036
TK-243565,1,FLAG_GW_OVER_CAP,"GW-OTHER refund Rs 3,499.00 above stated Rs 500 goodwill threshold (review candidate requiring text/policy validation)",3499.0,GW-OTHER,N,quoted_valid,VR889715,A3022
TK-243586,1,FLAG_GW_OVER_CAP,"GW-OTHER refund Rs 1,799.00 above stated Rs 500 goodwill threshold (review candidate requiring text/policy validation)",1799.0,GW-OTHER,N,quoted_valid,VR887006,A3032
TK-243592,1,FLAG_GW_OVER_CAP,"GW-OTHER refund Rs 1,999.00 above stated Rs 500 goodwill threshold (review candidate requiring text/policy validation)",1999.0,GW-OTHER,N,quoted_valid,VR900476,A3010
TK-243599,1,FLAG_AMBIGUOUS_ORDER,Customer has multiple orders for SKU; match is ambiguous,,None,Y,ambiguous,,A3044
TK-243603,1,FLAG_GW_OVER_CAP,"GW-OTHER refund Rs 1,709.00 above stated Rs 500 goodwill threshold (review candidate requiring text/policy validation)",1709.0,GW-OTHER,N,fallback_single,VR893802,A3030
TK-242987,1,FLAG_GW_OVER_CAP,"GW-OTHER refund Rs 1,799.00 above stated Rs 500 goodwill threshold (review candidate requiring text/policy validation)",1799.0,GW-OTHER,N,fallback_single,VR908579,A3022
TK-242991,1,FLAG_GW_OVER_CAP,"GW-OTHER refund Rs 1,999.00 above stated Rs 500 goodwill threshold (review candidate requiring text/policy validation)",1999.0,GW-OTHER,N,quoted_valid,VR899671,A3037
TK-243019,1,FLAG_HIGH_REFUND_AMOUNT,"High single refund value of Rs 6,174.00",6174.0,RETURN-QC-OK,N,quoted_valid,VR908378,A3036
TK-243027,1,FLAG_AMBIGUOUS_ORDER,Customer has multiple orders for SKU; match is ambiguous,,None,N,ambiguous,,A3010
TK-243037,1,FLAG_GW_OVER_CAP,"GW-OTHER refund Rs 1,799.00 above stated Rs 500 goodwill threshold (review candidate requiring text/policy validation)",1799.0,GW-OTHER,N,quoted_valid,VR882487,A3035
TK-243041,1,FLAG_AMBIGUOUS_ORDER,Customer has multiple orders for SKU; match is ambiguous,,None,N,ambiguous,,A3041
TK-243045,1,FLAG_HIGH_REFUND_AMOUNT,"High single refund value of Rs 5,199.00",5199.0,DUP-PAYMENT,N,quoted_valid,VR889967,A3032
TK-243070,1,FLAG_HIGH_REFUND_AMOUNT,"High single refund value of Rs 6,299.00",6299.0,DUP-PAYMENT,N,fallback_single,VR903381,A3034
TK-243071,1,FLAG_GW_OVER_CAP,"GW-OTHER refund Rs 2,499.00 above stated Rs 500 goodwill threshold (review candidate requiring text/policy validation)",2499.0,GW-OTHER,N,quoted_valid,VR888010,A3037
TK-243085,1,FLAG_REFUND_AND_REPLACEMENT,"Both refund Rs 1,104.00 and replacement unit issued",1104.0,WTY-BUYBACK,Y,fallback_single,VR900630,A3030
TK-243086,1,FLAG_GW_OVER_CAP,"GW-OTHER refund Rs 2,374.00 above stated Rs 500 goodwill threshold (review candidate requiring text/policy validation)",2374.0,GW-OTHER,N,quoted_valid,VR902989,A3026
TK-242848,1,FLAG_HIGH_REFUND_AMOUNT,"High single refund value of Rs 6,649.00",6649.0,DOA-REPL,N,fallback_single,VR897048,A3001
TK-243708,1,FLAG_AMBIGUOUS_ORDER,Customer has multiple orders for SKU; match is ambiguous,,None,N,ambiguous,,A3029
TK-243710,1,FLAG_REFUND_AND_REPLACEMENT,"Both refund Rs 4,499.00 and replacement unit issued",4499.0,DOA-REPL,Y,fallback_single,VR896854,A3010
TK-243715,1,FLAG_HIGH_REFUND_AMOUNT,"High single refund value of Rs 6,499.00",6499.0,RETURN-QC-OK,N,quoted_valid,VR896370,A3036
TK-243718,1,FLAG_GW_OVER_CAP,"GW-OTHER refund Rs 1,999.00 above stated Rs 500 goodwill threshold (review candidate requiring text/policy validation)",1999.0,GW-OTHER,N,fallback_single,VR893999,A3031
TK-243794,1,FLAG_HIGH_REFUND_AMOUNT,"High single refund value of Rs 5,399.00",5399.0,CANCEL,N,quoted_valid,VR889243,A3018
TK-243796,1,FLAG_GW_OVER_CAP,"GW-OTHER refund Rs 3,149.00 above stated Rs 500 goodwill threshold (review candidate requiring text/policy validation)",3149.0,GW-OTHER,N,quoted_valid,VR901269,A3030
TK-243800,1,FLAG_REFUND_AND_REPLACEMENT,"Both refund Rs 3,324.00 and replacement unit issued",3324.0,WTY-BUYBACK,Y,fallback_single,VR901654,A3030
TK-243820,1,FLAG_HIGH_REFUND_AMOUNT,"High single refund value of Rs 5,999.00",5999.0,DUP-PAYMENT,N,quoted_valid,VR887112,A3033
TK-243823,1,FLAG_GW_OVER_CAP,"GW-OTHER refund Rs 1,439.00 above stated Rs 500 goodwill threshold (review candidate requiring text/policy validation)",1439.0,GW-OTHER,N,quoted_valid,VR893621,A3030
TK-243829,1,FLAG_HIGH_REFUND_AMOUNT,"High single refund value of Rs 5,699.00",5699.0,LOST-TRANSIT,N,quoted_valid,VR890489,A3030
TK-243834,1,FLAG_GW_OVER_CAP,"GW-OTHER refund Rs 1,299.00 above stated Rs 500 goodwill threshold (review candidate requiring text/policy validation)",1299.0,GW-OTHER,N,fallback_single,VR898094,A3035
TK-243880,1,FLAG_GW_OVER_CAP,"GW-OTHER refund Rs 2,799.00 above stated Rs 500 goodwill threshold (review candidate requiring text/policy validation)",2799.0,GW-OTHER,N,quoted_valid,VR887489,A3029
TK-243889,1,FLAG_HIGH_REFUND_AMOUNT,"High single refund value of Rs 6,499.00",6499.0,CANCEL,N,quoted_valid,VR897932,A3030
TK-243905,1,FLAG_GW_OVER_CAP,"GW-OTHER refund Rs 1,999.00 above stated Rs 500 goodwill threshold (review candidate requiring text/policy validation)",1999.0,GW-OTHER,N,fallback_single,VR884443,A3036
TK-243931,1,FLAG_HIGH_REFUND_AMOUNT,"High single refund value of Rs 6,299.00",6299.0,CANCEL,N,quoted_valid,VR907066,A3001
TK-243933,1,FLAG_GW_OVER_CAP,"GW-OTHER refund Rs 4,749.00 above stated Rs 500 goodwill threshold (review candidate requiring text/policy validation)",4749.0,GW-OTHER,N,quoted_valid,VR902798,A3034
TK-243965,1,FLAG_GW_OVER_CAP,"GW-OTHER refund Rs 2,499.00 above stated Rs 500 goodwill threshold (review candidate requiring text/policy validation)",2499.0,GW-OTHER,N,quoted_valid,VR880697,A3038
TK-243698,1,FLAG_AMBIGUOUS_ORDER,Customer has multiple orders for SKU; match is ambiguous,,None,N,ambiguous,,A3043
TK-242973,1,FLAG_GW_OVER_CAP,"GW-OTHER refund Rs 2,374.00 above stated Rs 500 goodwill threshold (review candidate requiring text/policy validation)",2374.0,GW-OTHER,N,quoted_valid,VR906024,A3037
TK-242976,1,FLAG_AMBIGUOUS_ORDER,Customer has multiple orders for SKU; match is ambiguous,,None,Y,ambiguous,,A3039
TK-244142,1,FLAG_AMBIGUOUS_ORDER,Customer has multiple orders for SKU; match is ambiguous,,None,N,ambiguous,,A3033
TK-244144,1,FLAG_AMBIGUOUS_ORDER,Customer has multiple orders for SKU; match is ambiguous,,None,Y,ambiguous,,A3018
TK-244151,1,FLAG_GW_OVER_CAP,"GW-OTHER refund Rs 3,499.00 above stated Rs 500 goodwill threshold (review candidate requiring text/policy validation)",3499.0,GW-OTHER,N,quoted_valid,VR909432,A3007
TK-243969,1,FLAG_AMBIGUOUS_ORDER,Customer has multiple orders for SKU; match is ambiguous,,None,N,ambiguous,,A3024
TK-243980,1,FLAG_AMBIGUOUS_ORDER,Customer has multiple orders for SKU; match is ambiguous,,None,N,ambiguous,,A3015
TK-243991,1,FLAG_GW_OVER_CAP,"GW-OTHER refund Rs 1,619.00 above stated Rs 500 goodwill threshold (review candidate requiring text/policy validation)",1619.0,GW-OTHER,N,fallback_single,VR880818,A3036
TK-243993,1,FLAG_REFUND_AND_REPLACEMENT,"Both refund Rs 1,439.00 and replacement unit issued",1439.0,DOA-REPL,Y,fallback_single,VR908810,A3007
TK-243995,1,FLAG_AMBIGUOUS_ORDER,Customer has multiple orders for SKU; match is ambiguous,,None,N,ambiguous,,A3018
TK-244000,1,FLAG_GW_OVER_CAP,"GW-OTHER refund Rs 1,619.00 above stated Rs 500 goodwill threshold (review candidate requiring text/policy validation)",1619.0,GW-OTHER,N,fallback_single,VR889280,A3038
TK-244010,1,FLAG_GW_OVER_CAP,"GW-OTHER refund Rs 2,374.00 above stated Rs 500 goodwill threshold (review candidate requiring text/policy validation)",2374.0,GW-OTHER,N,fallback_single,VR894939,A3006
TK-244022,1,FLAG_AMBIGUOUS_ORDER,Customer has multiple orders for SKU; match is ambiguous,,None,N,ambiguous,,A3039
TK-244024,1,FLAG_HIGH_REFUND_AMOUNT,"High single refund value of Rs 5,999.00",5999.0,RETURN-QC-OK,N,quoted_valid,VR904577,A3037
TK-244029,1,FLAG_GW_OVER_CAP,"GW-OTHER refund Rs 3,324.00 above stated Rs 500 goodwill threshold (review candidate requiring text/policy validation)",3324.0,GW-OTHER,N,fallback_single,VR909439,A3036
TK-244031,1,FLAG_GW_OVER_CAP,"GW-OTHER refund Rs 4,999.00 above stated Rs 500 goodwill threshold (review candidate requiring text/policy validation)",4999.0,GW-OTHER,N,quoted_valid,VR882709,A3036
TK-244038,1,FLAG_AMBIGUOUS_ORDER,Customer has multiple orders for SKU; match is ambiguous,,None,N,ambiguous,,A3021
TK-244042,1,FLAG_AMBIGUOUS_ORDER,Customer has multiple orders for SKU; match is ambiguous,350.0,RETURN-QC-OK,N,ambiguous,,A3038
TK-244216,1,FLAG_AMBIGUOUS_ORDER,Customer has multiple orders for SKU; match is ambiguous,2374.0,DUP-PAYMENT,N,ambiguous,,A3033
TK-244220,1,FLAG_GW_OVER_CAP,"GW-OTHER refund Rs 3,499.00 above stated Rs 500 goodwill threshold (review candidate requiring text/policy validation)",3499.0,GW-OTHER,N,quoted_valid,VR897002,A3037
TK-244224,1,FLAG_AMBIGUOUS_ORDER,Customer has multiple orders for SKU; match is ambiguous,2799.0,RETURN-QC-OK,N,ambiguous,,A3038
TK-244228,1,FLAG_GW_OVER_CAP,"GW-OTHER refund Rs 3,499.00 above stated Rs 500 goodwill threshold (review candidate requiring text/policy validation)",3499.0,GW-OTHER,N,fallback_single,VR907304,A3039
TK-244231,1,FLAG_GW_OVER_CAP,"GW-OTHER refund Rs 1,400.00 above stated Rs 500 goodwill threshold (review candidate requiring text/policy validation)",1400.0,GW-OTHER,N,quoted_valid,VR880738,A3012
TK-244057,1,FLAG_AMBIGUOUS_ORDER,Customer has multiple orders for SKU; match is ambiguous,,None,N,ambiguous,,A3030
TK-244060,1,FLAG_AMBIGUOUS_ORDER,Customer has multiple orders for SKU; match is ambiguous,,None,N,ambiguous,,A3035
TK-244068,1,FLAG_AMBIGUOUS_ORDER,Customer has multiple orders for SKU; match is ambiguous,,None,N,ambiguous,,A3033
TK-244078,1,FLAG_AMBIGUOUS_ORDER,Customer has multiple orders for SKU; match is ambiguous,472.0,GW-OTHER,N,ambiguous,,A3036
TK-244086,1,FLAG_HIGH_REFUND_AMOUNT,"High single refund value of Rs 5,999.00",5999.0,DUP-PAYMENT,N,quoted_valid,VR886720,A3035
TK-244100,1,FLAG_AMBIGUOUS_ORDER,Customer has multiple orders for SKU; match is ambiguous,,None,N,ambiguous,,A3012
TK-244106,1,FLAG_AMBIGUOUS_ORDER,Customer has multiple orders for SKU; match is ambiguous,,None,N,ambiguous,,A3021
TK-244107,1,FLAG_AMBIGUOUS_ORDER,Customer has multiple orders for SKU; match is ambiguous,,None,N,ambiguous,,A3034
TK-244111,1,FLAG_HIGH_REFUND_AMOUNT,"High single refund value of Rs 6,499.00",6499.0,CANCEL,N,fallback_single,VR898193,A3011
TK-244134,1,FLAG_HIGH_REFUND_AMOUNT,"High single refund value of Rs 6,499.00",6499.0,DUP-PAYMENT,N,fallback_single,VR880371,A3033
TK-244139,1,FLAG_AMBIGUOUS_ORDER,Customer has multiple orders for SKU; match is ambiguous,,None,N,ambiguous,,A3017
TK-244345,1,FLAG_HIGH_REFUND_AMOUNT,"High single refund value of Rs 6,499.00",6499.0,RETURN-QC-OK,N,quoted_valid,VR905033,A3038
TK-244349,1,FLAG_GW_OVER_CAP,"GW-OTHER refund Rs 2,974.00 above stated Rs 500 goodwill threshold (review candidate requiring text/policy validation)",2974.0,GW-OTHER,N,quoted_valid,VR889018,A3025
TK-244354,1,FLAG_GW_OVER_CAP,"GW-OTHER refund Rs 1,999.00 above stated Rs 500 goodwill threshold (review candidate requiring text/policy validation)",1999.0,GW-OTHER,N,quoted_valid,VR906207,A3033
TK-244355,1,FLAG_GW_OVER_CAP,"GW-OTHER refund Rs 1,799.00 above stated Rs 500 goodwill threshold (review candidate requiring text/policy validation)",1799.0,GW-OTHER,N,quoted_valid,VR888826,A3006
TK-244356,1,FLAG_AMBIGUOUS_ORDER,Customer has multiple orders for SKU; match is ambiguous,4999.0,DOA-REPL,N,ambiguous,,A3031
TK-244361,1,FLAG_AMBIGUOUS_ORDER,Customer has multiple orders for SKU; match is ambiguous,,None,N,ambiguous,,A3042
TK-244162,1,FLAG_GW_OVER_CAP,"GW-OTHER refund Rs 2,249.00 above stated Rs 500 goodwill threshold (review candidate requiring text/policy validation)",2249.0,GW-OTHER,N,quoted_valid,VR892562,A3014
TK-244164,1,FLAG_GW_OVER_CAP,GW-OTHER refund Rs 525.00 above stated Rs 500 goodwill threshold (review candidate requiring text/policy validation),525.0,GW-OTHER,N,fallback_single,VR896078,A3035
TK-244165,1,FLAG_GW_OVER_CAP,"GW-OTHER refund Rs 3,499.00 above stated Rs 500 goodwill threshold (review candidate requiring text/policy validation)",3499.0,GW-OTHER,N,quoted_valid,VR899010,A3005
TK-244167,1,FLAG_HIGH_REFUND_AMOUNT,"High single refund value of Rs 5,999.00",5999.0,DOA-REPL,N,quoted_valid,VR902066,A3042
TK-244169,1,FLAG_AMBIGUOUS_ORDER,Customer has multiple orders for SKU; match is ambiguous,,None,N,ambiguous,,A3031
TK-244172,1,FLAG_GW_OVER_CAP,"GW-OTHER refund Rs 1,999.00 above stated Rs 500 goodwill threshold (review candidate requiring text/policy validation)",1999.0,GW-OTHER,N,quoted_valid,VR906783,A3022
TK-244176,1,FLAG_REFUND_AND_REPLACEMENT,"Both refund Rs 1,080.00 and replacement unit issued",1080.0,RETURN-QC-OK,Y,fallback_single,VR887628,A3037
TK-244177,1,FLAG_AMBIGUOUS_ORDER,Customer has multiple orders for SKU; match is ambiguous,,None,N,ambiguous,,A3013
TK-244184,1,FLAG_AMBIGUOUS_ORDER,Customer has multiple orders for SKU; match is ambiguous,,None,N,ambiguous,,A3008
TK-244185,1,FLAG_REFUND_AND_REPLACEMENT,"Both refund Rs 3,499.00 and replacement unit issued",3499.0,WTY-BUYBACK,Y,quoted_valid,VR895804,A3036
TK-244484,1,FLAG_GW_OVER_CAP,"GW-OTHER refund Rs 2,499.00 above stated Rs 500 goodwill threshold (review candidate requiring text/policy validation)",2499.0,GW-OTHER,N,quoted_valid,VR882747,A3028
TK-244491,1,FLAG_AMBIGUOUS_ORDER,Customer has multiple orders for SKU; match is ambiguous,,None,N,ambiguous,,A3033
TK-244492,1,FLAG_GW_OVER_CAP,"GW-OTHER refund Rs 2,799.00 above stated Rs 500 goodwill threshold (review candidate requiring text/policy validation)",2799.0,GW-OTHER,N,fallback_single,VR881462,A3017
TK-244500,1,FLAG_REFUND_AND_REPLACEMENT,"Both refund Rs 2,974.00 and replacement unit issued",2974.0,DOA-REPL,Y,quoted_valid,VR882499,A3027
TK-244502,1,FLAG_AMBIGUOUS_ORDER,Customer has multiple orders for SKU; match is ambiguous,,None,N,ambiguous,,A3010
TK-244510,1,FLAG_GW_OVER_CAP,"GW-OTHER refund Rs 1,999.00 above stated Rs 500 goodwill threshold (review candidate requiring text/policy validation)",1999.0,GW-OTHER,N,fallback_single,VR908197,A3020
TK-244265,1,FLAG_AMBIGUOUS_ORDER,Customer has multiple orders for SKU; match is ambiguous,,None,N,ambiguous,,A3035
TK-244269,1,FLAG_AMBIGUOUS_ORDER,Customer has multiple orders for SKU; match is ambiguous,,None,N,ambiguous,,A3017
TK-244273,1,FLAG_GW_OVER_CAP,"GW-OTHER refund Rs 2,799.00 above stated Rs 500 goodwill threshold (review candidate requiring text/policy validation)",2799.0,GW-OTHER,N,quoted_valid,VR895937,A3029
TK-244290,1,FLAG_AMBIGUOUS_ORDER,Customer has multiple orders for SKU; match is ambiguous,,None,Y,ambiguous,,A3039
TK-244303,1,FLAG_AMBIGUOUS_ORDER,Customer has multiple orders for SKU; match is ambiguous,,None,N,ambiguous,,A3024
TK-244317,1,FLAG_GW_OVER_CAP,"GW-OTHER refund Rs 2,499.00 above stated Rs 500 goodwill threshold (review candidate requiring text/policy validation)",2499.0,GW-OTHER,N,quoted_valid,VR893243,A3007
TK-244323,1,FLAG_GW_OVER_CAP,GW-OTHER refund Rs 810.00 above stated Rs 500 goodwill threshold (review candidate requiring text/policy validation),810.0,GW-OTHER,N,quoted_valid,VR891943,A3032
TK-244330,1,FLAG_GW_OVER_CAP,"GW-OTHER refund Rs 1,487.00 above stated Rs 500 goodwill threshold (review candidate requiring text/policy validation)",1487.0,GW-OTHER,N,quoted_valid,VR898873,A3037
TK-244333,1,FLAG_GW_OVER_CAP,"GW-OTHER refund Rs 3,499.00 above stated Rs 500 goodwill threshold (review candidate requiring text/policy validation)",3499.0,GW-OTHER,N,quoted_valid,VR888191,A3036
TK-244334,1,FLAG_AMBIGUOUS_ORDER,Customer has multiple orders for SKU; match is ambiguous,,None,Y,ambiguous,,A3014
TK-244573,1,FLAG_GW_OVER_CAP,"GW-OTHER refund Rs 1,529.00 above stated Rs 500 goodwill threshold (review candidate requiring text/policy validation)",1529.0,GW-OTHER,N,fallback_single,VR891562,A3025
TK-244577,1,FLAG_AMBIGUOUS_ORDER,Customer has multiple orders for SKU; match is ambiguous,,None,Y,ambiguous,,A3013
TK-244578,1,FLAG_REFUND_AND_REPLACEMENT,"Both refund Rs 2,974.00 and replacement unit issued",2974.0,DOA-REPL,Y,fallback_single,VR907167,A3010
TK-244580,1,FLAG_AMBIGUOUS_ORDER,Customer has multiple orders for SKU; match is ambiguous,,None,N,ambiguous,,A3018
TK-244598,1,FLAG_AMBIGUOUS_ORDER,Customer has multiple orders for SKU; match is ambiguous,,None,N,ambiguous,,A3002
TK-244606,1,FLAG_HIGH_REFUND_AMOUNT,"High single refund value of Rs 6,499.00",6499.0,DOA-REPL,N,fallback_single,VR883894,A3031
TK-244618,1,FLAG_AMBIGUOUS_ORDER,Customer has multiple orders for SKU; match is ambiguous,,None,N,ambiguous,,A3036
TK-244622,1,FLAG_GW_OVER_CAP,"GW-OTHER refund Rs 1,234.00 above stated Rs 500 goodwill threshold (review candidate requiring text/policy validation)",1234.0,GW-OTHER,N,fallback_single,VR896980,A3009
TK-244374,1,FLAG_AMBIGUOUS_ORDER,Customer has multiple orders for SKU; match is ambiguous,,None,N,ambiguous,,A3032
TK-244383,1,FLAG_HIGH_REFUND_AMOUNT,"High single refund value of Rs 6,499.00",6499.0,RETURN-QC-OK,N,fallback_single,VR895916,A3038
TK-244398,1,FLAG_AMBIGUOUS_ORDER,Customer has multiple orders for SKU; match is ambiguous,,None,N,ambiguous,,A3033
TK-244423,1,FLAG_GW_OVER_CAP,"GW-OTHER refund Rs 2,499.00 above stated Rs 500 goodwill threshold (review candidate requiring text/policy validation)",2499.0,GW-OTHER,N,fallback_single,VR888928,A3025
TK-244433,1,FLAG_GW_OVER_CAP,GW-OTHER refund Rs 810.00 above stated Rs 500 goodwill threshold (review candidate requiring text/policy validation),810.0,GW-OTHER,N,fallback_single,VR898827,A3005
TK-244450,1,FLAG_AMBIGUOUS_ORDER,Customer has multiple orders for SKU; match is ambiguous,,None,N,ambiguous,,A3018
TK-244452,1,FLAG_AMBIGUOUS_ORDER,Customer has multiple orders for SKU; match is ambiguous,,None,N,ambiguous,,A3010
TK-244456,1,FLAG_GW_OVER_CAP,"GW-OTHER refund Rs 3,324.00 above stated Rs 500 goodwill threshold (review candidate requiring text/policy validation)",3324.0,GW-OTHER,N,quoted_valid,VR899312,A3030
TK-244644,1,FLAG_HIGH_REFUND_AMOUNT,"High single refund value of Rs 6,499.00",6499.0,WTY-BUYBACK,N,quoted_valid,VR899211,A3030
TK-244675,1,FLAG_AMBIGUOUS_ORDER,Customer has multiple orders for SKU; match is ambiguous,,None,N,ambiguous,,A3029
TK-244681,1,FLAG_AMBIGUOUS_ORDER,Customer has multiple orders for SKU; match is ambiguous,,None,N,ambiguous,,A3039
TK-244715,1,FLAG_HIGH_REFUND_AMOUNT,"High single refund value of Rs 6,648.00",6648.0,DUP-PAYMENT,N,quoted_valid,VR894590,A3035
TK-244727,1,FLAG_HIGH_REFUND_AMOUNT,"High single refund value of Rs 11,198.00",11198.0,CANCEL,N,fallback_single,VR892829,A3024
TK-244733,1,FLAG_GW_OVER_CAP,GW-OTHER refund Rs 600.00 above stated Rs 500 goodwill threshold (review candidate requiring text/policy validation),600.0,GW-OTHER,N,quoted_valid,VR905751,A3035
TK-244746,1,FLAG_GW_OVER_CAP,GW-OTHER refund Rs 712.00 above stated Rs 500 goodwill threshold (review candidate requiring text/policy validation),712.0,GW-OTHER,N,quoted_valid,VR893356,A3005
TK-244757,1,FLAG_GW_OVER_CAP,"GW-OTHER refund Rs 1,000.00 above stated Rs 500 goodwill threshold (review candidate requiring text/policy validation)",1000.0,GW-OTHER,N,fallback_single,VR907631,A3034
TK-244790,1,FLAG_AMBIGUOUS_ORDER,Customer has multiple orders for SKU; match is ambiguous,,None,N,ambiguous,,A3044
TK-244839,1,FLAG_AMBIGUOUS_ORDER,Customer has multiple orders for SKU; match is ambiguous,,None,N,ambiguous,,A3026
TK-244526,1,FLAG_AMBIGUOUS_ORDER,Customer has multiple orders for SKU; match is ambiguous,,None,N,ambiguous,,A3011
TK-244556,1,FLAG_GW_OVER_CAP,"GW-OTHER refund Rs 2,799.00 above stated Rs 500 goodwill threshold (review candidate requiring text/policy validation)",2799.0,GW-OTHER,N,fallback_single,VR900879,A3029
TK-244561,1,FLAG_GW_OVER_CAP,"GW-OTHER refund Rs 2,499.00 above stated Rs 500 goodwill threshold (review candidate requiring text/policy validation)",2499.0,GW-OTHER,N,quoted_valid,VR904924,A3035
TK-244562,1,FLAG_AMBIGUOUS_ORDER,Customer has multiple orders for SKU; match is ambiguous,,None,N,ambiguous,,A3009
TK-244567,1,FLAG_AMBIGUOUS_ORDER,Customer has multiple orders for SKU; match is ambiguous,,None,N,ambiguous,,A3031
TK-244570,1,FLAG_GW_OVER_CAP,"GW-OTHER refund Rs 3,499.00 above stated Rs 500 goodwill threshold (review candidate requiring text/policy validation)",3499.0,GW-OTHER,N,quoted_valid,VR894402,A3039
TK-242877,1,FLAG_GW_OVER_CAP,"GW-OTHER refund Rs 1,169.00 above stated Rs 500 goodwill threshold (review candidate requiring text/policy validation)",1169.0,GW-OTHER,N,fallback_single,VR886517,A3033
TK-242878,1,FLAG_HIGH_REFUND_AMOUNT,"High single refund value of Rs 6,174.00",6174.0,DUP-PAYMENT,N,quoted_valid,VR909454,A3002
TK-242896,1,FLAG_AMBIGUOUS_ORDER,Customer has multiple orders for SKU; match is ambiguous,,None,Y,ambiguous,,A3013
TK-242906,1,FLAG_GW_OVER_CAP,"GW-OTHER refund Rs 2,499.00 above stated Rs 500 goodwill threshold (review candidate requiring text/policy validation)",2499.0,GW-OTHER,N,fallback_single,VR891142,A3018
TK-242908,1,FLAG_AMBIGUOUS_ORDER,Customer has multiple orders for SKU; match is ambiguous,,None,N,ambiguous,,A3031
TK-242928,1,FLAG_HIGH_REFUND_AMOUNT,"High single refund value of Rs 6,499.00",6499.0,DUP-PAYMENT,N,quoted_valid,VR897135,A3033
TK-242944,1,FLAG_HIGH_REFUND_AMOUNT,"High single refund value of Rs 5,199.00",5199.0,DUP-PAYMENT,N,quoted_valid,VR882621,A3020
TK-242946,1,FLAG_AMBIGUOUS_ORDER,Customer has multiple orders for SKU; match is ambiguous,,None,Y,ambiguous,,A3006
TK-242950,1,FLAG_HIGH_REFUND_AMOUNT,"High single refund value of Rs 5,524.00",5524.0,CANCEL,N,fallback_single,VR897092,A3004
TK-242953,1,FLAG_AMBIGUOUS_ORDER,Customer has multiple orders for SKU; match is ambiguous,,None,N,ambiguous,,A3043
TK-242957,1,FLAG_GW_OVER_CAP,"GW-OTHER refund Rs 1,699.00 above stated Rs 500 goodwill threshold (review candidate requiring text/policy validation)",1699.0,GW-OTHER,N,quoted_valid,VR903167,A3040
TK-242963,1,FLAG_GW_OVER_CAP,GW-OTHER refund Rs 617.00 above stated Rs 500 goodwill threshold (review candidate requiring text/policy validation),617.0,GW-OTHER,N,quoted_valid,VR891435,A3002
TK-242965,1,FLAG_GW_OVER_CAP,"GW-OTHER refund Rs 1,299.00 above stated Rs 500 goodwill threshold (review candidate requiring text/policy validation)",1299.0,GW-OTHER,N,quoted_valid,VR892307,A3031
TK-242968,1,FLAG_AMBIGUOUS_ORDER,Customer has multiple orders for SKU; match is ambiguous,,None,N,ambiguous,,A3027
TK-242670,1,FLAG_GW_OVER_CAP,"GW-OTHER refund Rs 1,299.00 above stated Rs 500 goodwill threshold (review candidate requiring text/policy validation)",1299.0,GW-OTHER,N,quoted_valid,VR902155,A3012
TK-244642,1,FLAG_GW_OVER_CAP,"GW-OTHER refund Rs 2,124.00 above stated Rs 500 goodwill threshold (review candidate requiring text/policy validation)",2124.0,GW-OTHER,N,fallback_single,VR906773,A3036
TK-245005,1,FLAG_AMBIGUOUS_ORDER,Customer has multiple orders for SKU; match is ambiguous,,None,N,ambiguous,,A3030
TK-245010,1,FLAG_AMBIGUOUS_ORDER,Customer has multiple orders for SKU; match is ambiguous,,None,N,ambiguous,,A3026
TK-245014,1,FLAG_GW_OVER_CAP,GW-OTHER refund Rs 855.00 above stated Rs 500 goodwill threshold (review candidate requiring text/policy validation),855.0,GW-OTHER,N,quoted_valid,VR899449,A3018
TK-244840,1,FLAG_GW_OVER_CAP,"GW-OTHER refund Rs 2,974.00 above stated Rs 500 goodwill threshold (review candidate requiring text/policy validation)",2974.0,GW-OTHER,N,fallback_single,VR883717,A3014
TK-244845,1,FLAG_GW_OVER_CAP,"GW-OTHER refund Rs 2,974.00 above stated Rs 500 goodwill threshold (review candidate requiring text/policy validation)",2974.0,GW-OTHER,N,quoted_valid,VR907682,A3038
TK-244851,1,FLAG_AMBIGUOUS_ORDER,Customer has multiple orders for SKU; match is ambiguous,,None,N,ambiguous,,A3029
TK-244867,1,FLAG_AMBIGUOUS_ORDER,Customer has multiple orders for SKU; match is ambiguous,3499.0,WTY-BUYBACK,N,ambiguous,,A3015
TK-244880,1,FLAG_GW_OVER_CAP,"GW-OTHER refund Rs 1,799.00 above stated Rs 500 goodwill threshold (review candidate requiring text/policy validation)",1799.0,GW-OTHER,N,quoted_valid,VR887389,A3016
TK-244891,1,FLAG_GW_OVER_CAP,"GW-OTHER refund Rs 3,499.00 above stated Rs 500 goodwill threshold (review candidate requiring text/policy validation)",3499.0,GW-OTHER,N,fallback_single,VR909586,A3026
TK-244901,1,FLAG_AMBIGUOUS_ORDER,Customer has multiple orders for SKU; match is ambiguous,,None,Y,ambiguous,,A3030
TK-244911,1,FLAG_GW_OVER_CAP,"GW-OTHER refund Rs 4,249.00 above stated Rs 500 goodwill threshold (review candidate requiring text/policy validation)",4249.0,GW-OTHER,N,quoted_valid,VR907936,A3035
TK-244919,1,FLAG_AMBIGUOUS_ORDER,Customer has multiple orders for SKU; match is ambiguous,,None,N,ambiguous,,A3033
TK-244922,1,FLAG_AMBIGUOUS_ORDER,Customer has multiple orders for SKU; match is ambiguous,,None,N,ambiguous,,A3018
TK-244925,1,FLAG_AMBIGUOUS_ORDER,Customer has multiple orders for SKU; match is ambiguous,,None,N,ambiguous,,A3010
TK-244624,1,FLAG_AMBIGUOUS_ORDER,Customer has multiple orders for SKU; match is ambiguous,1400.0,PRICE-ADJ,N,ambiguous,,A3033
TK-242870,1,FLAG_HIGH_REFUND_AMOUNT,"High single refund value of Rs 5,849.00",5849.0,RETURN-QC-OK,N,quoted_valid,VR902827,A3036
TK-245129,1,FLAG_HIGH_REFUND_AMOUNT,"High single refund value of Rs 5,524.00",5524.0,PRICE-ADJ,N,quoted_valid,VR892440,A3013
TK-245136,1,FLAG_GW_OVER_CAP,"GW-OTHER refund Rs 1,487.00 above stated Rs 500 goodwill threshold (review candidate requiring text/policy validation)",1487.0,GW-OTHER,N,quoted_valid,VR880579,A3036
TK-245137,1,FLAG_GW_OVER_CAP,GW-OTHER refund Rs 520.00 above stated Rs 500 goodwill threshold (review candidate requiring text/policy validation),520.0,GW-OTHER,N,quoted_valid,VR881725,A3015
TK-245140,1,FLAG_GW_OVER_CAP,GW-OTHER refund Rs 700.00 above stated Rs 500 goodwill threshold (review candidate requiring text/policy validation),700.0,GW-OTHER,N,quoted_valid,VR880658,A3036
TK-244940,1,FLAG_AMBIGUOUS_ORDER,Customer has multiple orders for SKU; match is ambiguous,297.0,CANCEL,N,ambiguous,,A3005
TK-244941,1,FLAG_AMBIGUOUS_ORDER,Customer has multiple orders for SKU; match is ambiguous,117.0,DUP-PAYMENT,N,ambiguous,,A3034
TK-244942,1,FLAG_AMBIGUOUS_ORDER,Customer has multiple orders for SKU; match is ambiguous,,None,N,ambiguous,,A3027
TK-244962,1,FLAG_GW_OVER_CAP,"GW-OTHER refund Rs 2,124.00 above stated Rs 500 goodwill threshold (review candidate requiring text/policy validation)",2124.0,GW-OTHER,N,quoted_valid,VR901072,A3018
TK-244967,1,FLAG_GW_OVER_CAP,"GW-OTHER refund Rs 2,974.00 above stated Rs 500 goodwill threshold (review candidate requiring text/policy validation)",2974.0,GW-OTHER,N,quoted_valid,VR903844,A3025
TK-244969,1,FLAG_GW_OVER_CAP,"GW-OTHER refund Rs 2,499.00 above stated Rs 500 goodwill threshold (review candidate requiring text/policy validation)",2499.0,GW-OTHER,N,quoted_valid,VR888885,A3031
TK-244971,1,FLAG_GW_OVER_CAP,"GW-OTHER refund Rs 3,499.00 above stated Rs 500 goodwill threshold (review candidate requiring text/policy validation)",3499.0,GW-OTHER,N,quoted_valid,VR900247,A3032
TK-244974,1,FLAG_GW_OVER_CAP,"GW-OTHER refund Rs 4,999.00 above stated Rs 500 goodwill threshold (review candidate requiring text/policy validation)",4999.0,GW-OTHER,N,quoted_valid,VR908315,A3018
TK-244983,1,FLAG_AMBIGUOUS_ORDER,Customer has multiple orders for SKU; match is ambiguous,3499.0,RETURN-QC-OK,N,ambiguous,,A3030
TK-244984,1,FLAG_AMBIGUOUS_ORDER,Customer has multiple orders for SKU; match is ambiguous,,None,N,ambiguous,,A3012
TK-244989,1,FLAG_AMBIGUOUS_ORDER,Customer has multiple orders for SKU; match is ambiguous,,None,N,ambiguous,,A3021
TK-245000,1,FLAG_GW_OVER_CAP,"GW-OTHER refund Rs 3,499.00 above stated Rs 500 goodwill threshold (review candidate requiring text/policy validation)",3499.0,GW-OTHER,N,quoted_valid,VR884350,A3032
TK-242715,1,FLAG_GW_OVER_CAP,GW-OTHER refund Rs 900.00 above stated Rs 500 goodwill threshold (review candidate requiring text/policy validation),900.0,GW-OTHER,N,quoted_valid,VR901648,A3038
TK-242730,1,FLAG_GW_OVER_CAP,"GW-OTHER refund Rs 3,398.00 above stated Rs 500 goodwill threshold (review candidate requiring text/policy validation)",3398.0,GW-OTHER,N,fallback_single,VR886963,A3038
TK-242736,1,FLAG_GW_OVER_CAP,"GW-OTHER refund Rs 1,799.00 above stated Rs 500 goodwill threshold (review candidate requiring text/policy validation)",1799.0,GW-OTHER,N,quoted_valid,VR888826,A3035
TK-242750,1,FLAG_AMBIGUOUS_ORDER,Customer has multiple orders for SKU; match is ambiguous,,None,N,ambiguous,,A3003
TK-242787,1,FLAG_AMBIGUOUS_ORDER,Customer has multiple orders for SKU; match is ambiguous,,None,N,ambiguous,,A3030
TK-242795,1,FLAG_HIGH_REFUND_AMOUNT,"High single refund value of Rs 6,499.00",6499.0,CANCEL,N,quoted_valid,VR894949,A3001
TK-242796,1,FLAG_AMBIGUOUS_ORDER,Customer has multiple orders for SKU; match is ambiguous,,None,N,ambiguous,,A3016
TK-242799,1,FLAG_GW_OVER_CAP,"GW-OTHER refund Rs 1,999.00 above stated Rs 500 goodwill threshold (review candidate requiring text/policy validation)",1999.0,GW-OTHER,N,quoted_valid,VR907031,A3038
TK-242828,1,FLAG_HIGH_REFUND_AMOUNT,"High single refund value of Rs 6,999.00",6999.0,DUP-PAYMENT,N,quoted_valid,VR882845,A3033
TK-242534,1,FLAG_REFUND_AND_REPLACEMENT,"Both refund Rs 1,104.00 and replacement unit issued",1104.0,WTY-BUYBACK,Y,quoted_valid,VR907976,A3003
TK-245069,1,FLAG_GW_OVER_CAP,"GW-OTHER refund Rs 3,499.00 above stated Rs 500 goodwill threshold (review candidate requiring text/policy validation)",3499.0,GW-OTHER,N,quoted_valid,VR898376,A3035
TK-245075,1,FLAG_AMBIGUOUS_ORDER,Customer has multiple orders for SKU; match is ambiguous,,None,N,ambiguous,,A3028
TK-245076,1,FLAG_HIGH_REFUND_AMOUNT,"High single refund value of Rs 5,999.00",5999.0,LOST-TRANSIT,N,fallback_single,VR887458,A3018
TK-245083,1,FLAG_GW_OVER_CAP,"GW-OTHER refund Rs 2,499.00 above stated Rs 500 goodwill threshold (review candidate requiring text/policy validation)",2499.0,GW-OTHER,N,quoted_valid,VR897819,A3035
TK-245092,1,FLAG_GW_OVER_CAP,"GW-OTHER refund Rs 2,974.00 above stated Rs 500 goodwill threshold (review candidate requiring text/policy validation)",2974.0,GW-OTHER,N,quoted_valid,VR897551,A3028
TK-245108,1,FLAG_AMBIGUOUS_ORDER,Customer has multiple orders for SKU; match is ambiguous,,None,N,ambiguous,,A3032
TK-245146,1,FLAG_AMBIGUOUS_ORDER,Customer has multiple orders for SKU; match is ambiguous,,None,N,ambiguous,,A3035
TK-245153,1,FLAG_AMBIGUOUS_ORDER,Customer has multiple orders for SKU; match is ambiguous,,None,N,ambiguous,,A3013
TK-245158,1,FLAG_HIGH_REFUND_AMOUNT,"High single refund value of Rs 6,499.00",6499.0,RETURN-QC-OK,N,fallback_single,VR904930,A3036
TK-245160,1,FLAG_GW_OVER_CAP,"GW-OTHER refund Rs 1,999.00 above stated Rs 500 goodwill threshold (review candidate requiring text/policy validation)",1999.0,GW-OTHER,N,quoted_valid,VR880286,A3036
TK-245172,1,FLAG_AMBIGUOUS_ORDER,Customer has multiple orders for SKU; match is ambiguous,,None,N,ambiguous,,A3017
TK-245187,1,FLAG_AMBIGUOUS_ORDER,Customer has multiple orders for SKU; match is ambiguous,,None,N,ambiguous,,A3037
TK-245208,1,FLAG_AMBIGUOUS_ORDER,Customer has multiple orders for SKU; match is ambiguous,,None,N,ambiguous,,A3035
TK-245209,1,FLAG_GW_OVER_CAP,"GW-OTHER refund Rs 1,039.00 above stated Rs 500 goodwill threshold (review candidate requiring text/policy validation)",1039.0,GW-OTHER,N,fallback_single,VR905628,A3035
TK-245216,1,FLAG_GW_OVER_CAP,"GW-OTHER refund Rs 4,999.00 above stated Rs 500 goodwill threshold (review candidate requiring text/policy validation)",4999.0,GW-OTHER,N,quoted_valid,VR900133,A3037
TK-245217,1,FLAG_HIGH_REFUND_AMOUNT,"High single refund value of Rs 5,199.00",5199.0,CANCEL,N,fallback_single,VR886280,A3006
TK-245232,1,FLAG_GW_OVER_CAP,"GW-OTHER refund Rs 3,499.00 above stated Rs 500 goodwill threshold (review candidate requiring text/policy validation)",3499.0,GW-OTHER,N,fallback_single,VR892566,A3038
TK-245244,1,FLAG_GW_OVER_CAP,"GW-OTHER refund Rs 1,999.00 above stated Rs 500 goodwill threshold (review candidate requiring text/policy validation)",1999.0,GW-OTHER,N,fallback_single,VR901784,A3036
TK-245260,1,FLAG_GW_OVER_CAP,"GW-OTHER refund Rs 1,234.00 above stated Rs 500 goodwill threshold (review candidate requiring text/policy validation)",1234.0,GW-OTHER,N,fallback_single,VR896980,A3002
TK-242680,1,FLAG_GW_OVER_CAP,"GW-OTHER refund Rs 3,999.00 above stated Rs 500 goodwill threshold (review candidate requiring text/policy validation)",3999.0,GW-OTHER,N,quoted_valid,VR909147,A3020
TK-242685,1,FLAG_AMBIGUOUS_ORDER,Customer has multiple orders for SKU; match is ambiguous,,None,N,ambiguous,,A3028
TK-242686,1,FLAG_GW_OVER_CAP,"GW-OTHER refund Rs 4,999.00 above stated Rs 500 goodwill threshold (review candidate requiring text/policy validation)",4999.0,GW-OTHER,N,quoted_valid,VR897050,A3035
TK-245406,1,FLAG_GW_OVER_CAP,"GW-OTHER refund Rs 1,999.00 above stated Rs 500 goodwill threshold (review candidate requiring text/policy validation)",1999.0,GW-OTHER,N,quoted_valid,VR906037,A3036
TK-245412,1,FLAG_AMBIGUOUS_ORDER,Customer has multiple orders for SKU; match is ambiguous,,None,N,ambiguous,,A3038
TK-245413,1,FLAG_HIGH_REFUND_AMOUNT,"High single refund value of Rs 6,174.00",6174.0,PRICE-ADJ,N,quoted_valid,VR899026,A3016
TK-245415,1,FLAG_AMBIGUOUS_ORDER,Customer has multiple orders for SKU; match is ambiguous,,None,N,ambiguous,,A3033
TK-245416,1,FLAG_AMBIGUOUS_ORDER,Customer has multiple orders for SKU; match is ambiguous,,None,N,ambiguous,,A3002
TK-245265,1,FLAG_GW_OVER_CAP,"GW-OTHER refund Rs 3,499.00 above stated Rs 500 goodwill threshold (review candidate requiring text/policy validation)",3499.0,GW-OTHER,N,quoted_valid,VR908934,A3037
TK-245266,1,FLAG_GW_OVER_CAP,"GW-OTHER refund Rs 1,999.00 above stated Rs 500 goodwill threshold (review candidate requiring text/policy validation)",1999.0,GW-OTHER,N,fallback_single,VR892093,A3028
TK-245272,1,FLAG_HIGH_REFUND_AMOUNT,"High single refund value of Rs 6,174.00",6174.0,CANCEL,N,quoted_valid,VR898820,A3005
TK-245282,1,FLAG_GW_OVER_CAP,"GW-OTHER refund Rs 1,799.00 above stated Rs 500 goodwill threshold (review candidate requiring text/policy validation)",1799.0,GW-OTHER,N,quoted_valid,VR884262,A3016
TK-245283,1,FLAG_HIGH_REFUND_AMOUNT,"High single refund value of Rs 6,174.00",6174.0,DOA-REPL,N,fallback_single,VR905744,A3039
TK-245305,1,FLAG_HIGH_REFUND_AMOUNT,"High single refund value of Rs 6,999.00",6999.0,DOA-REPL,N,quoted_valid,VR885289,A3039
TK-245306,1,FLAG_GW_OVER_CAP,"GW-OTHER refund Rs 2,499.00 above stated Rs 500 goodwill threshold (review candidate requiring text/policy validation)",2499.0,GW-OTHER,N,quoted_valid,VR904043,A3032
TK-245319,1,FLAG_GW_OVER_CAP,"GW-OTHER refund Rs 1,299.00 above stated Rs 500 goodwill threshold (review candidate requiring text/policy validation)",1299.0,GW-OTHER,N,fallback_single,VR899800,A3031
TK-245331,1,FLAG_AMBIGUOUS_ORDER,Customer has multiple orders for SKU; match is ambiguous,2974.0,DUP-PAYMENT,N,ambiguous,,A3033
TK-245336,1,FLAG_GW_OVER_CAP,"GW-OTHER refund Rs 2,374.00 above stated Rs 500 goodwill threshold (review candidate requiring text/policy validation)",2374.0,GW-OTHER,N,quoted_valid,VR902384,A3018
TK-245338,1,FLAG_AMBIGUOUS_ORDER,Customer has multiple orders for SKU; match is ambiguous,,None,N,ambiguous,,A3030
TK-245499,1,FLAG_GW_OVER_CAP,"GW-OTHER refund Rs 2,499.00 above stated Rs 500 goodwill threshold (review candidate requiring text/policy validation)",2499.0,GW-OTHER,N,quoted_valid,VR880924,A3035
TK-245502,1,FLAG_GW_OVER_CAP,"GW-OTHER refund Rs 2,124.00 above stated Rs 500 goodwill threshold (review candidate requiring text/policy validation)",2124.0,GW-OTHER,N,quoted_valid,VR894087,A3001
TK-245525,1,FLAG_AMBIGUOUS_ORDER,Customer has multiple orders for SKU; match is ambiguous,,None,N,ambiguous,,A3003
TK-245535,1,FLAG_GW_OVER_CAP,"GW-OTHER refund Rs 1,599.00 above stated Rs 500 goodwill threshold (review candidate requiring text/policy validation)",1599.0,GW-OTHER,N,quoted_valid,VR900623,A3039
TK-245548,1,FLAG_GW_OVER_CAP,"GW-OTHER refund Rs 3,324.00 above stated Rs 500 goodwill threshold (review candidate requiring text/policy validation)",3324.0,GW-OTHER,N,quoted_valid,VR892026,A3018
TK-245551,1,FLAG_AMBIGUOUS_ORDER,Customer has multiple orders for SKU; match is ambiguous,,None,N,ambiguous,,A3026
TK-245553,1,FLAG_GW_OVER_CAP,"GW-OTHER refund Rs 1,619.00 above stated Rs 500 goodwill threshold (review candidate requiring text/policy validation)",1619.0,GW-OTHER,N,quoted_valid,VR894245,A3026
TK-245563,1,FLAG_GW_OVER_CAP,"GW-OTHER refund Rs 3,149.00 above stated Rs 500 goodwill threshold (review candidate requiring text/policy validation)",3149.0,GW-OTHER,N,quoted_valid,VR892649,A3036
TK-245566,1,FLAG_AMBIGUOUS_ORDER,Customer has multiple orders for SKU; match is ambiguous,,None,Y,ambiguous,,A3004
TK-245340,1,FLAG_AMBIGUOUS_ORDER,Customer has multiple orders for SKU; match is ambiguous,,None,N,ambiguous,,A3031
TK-245341,1,FLAG_HIGH_REFUND_AMOUNT,"High single refund value of Rs 6,174.00",6174.0,DOA-REPL,N,quoted_valid,VR907588,A3036
TK-245361,1,FLAG_REFUND_AND_REPLACEMENT,"Both refund Rs 2,499.00 and replacement unit issued",2499.0,WTY-BUYBACK,Y,quoted_valid,VR882186,A3026
TK-245364,1,FLAG_HIGH_REFUND_AMOUNT,"High single refund value of Rs 6,649.00",6649.0,DUP-PAYMENT,N,quoted_valid,VR903252,A3033
TK-245368,1,FLAG_AMBIGUOUS_ORDER,Customer has multiple orders for SKU; match is ambiguous,,None,N,ambiguous,,A3021
TK-245381,1,FLAG_GW_OVER_CAP,"GW-OTHER refund Rs 2,249.00 above stated Rs 500 goodwill threshold (review candidate requiring text/policy validation)",2249.0,GW-OTHER,N,quoted_valid,VR882898,A3030
TK-245388,1,FLAG_GW_OVER_CAP,"GW-OTHER refund Rs 2,499.00 above stated Rs 500 goodwill threshold (review candidate requiring text/policy validation)",2499.0,GW-OTHER,N,quoted_valid,VR908050,A3005
TK-245607,1,FLAG_GW_OVER_CAP,"GW-OTHER refund Rs 3,499.00 above stated Rs 500 goodwill threshold (review candidate requiring text/policy validation)",3499.0,GW-OTHER,N,quoted_valid,VR895888,A3036
TK-245617,1,FLAG_AMBIGUOUS_ORDER,Customer has multiple orders for SKU; match is ambiguous,,None,N,ambiguous,,A3003
TK-245625,1,FLAG_GW_OVER_CAP,"GW-OTHER refund Rs 4,999.00 above stated Rs 500 goodwill threshold (review candidate requiring text/policy validation)",4999.0,GW-OTHER,N,quoted_valid,VR890253,A3034
TK-245629,1,FLAG_GW_OVER_CAP,"GW-OTHER refund Rs 3,499.00 above stated Rs 500 goodwill threshold (review candidate requiring text/policy validation)",3499.0,GW-OTHER,N,fallback_single,VR893634,A3009
TK-245635,1,FLAG_AMBIGUOUS_ORDER,Customer has multiple orders for SKU; match is ambiguous,,None,N,ambiguous,,A3035
TK-245649,1,FLAG_AMBIGUOUS_ORDER,Customer has multiple orders for SKU; match is ambiguous,,None,N,ambiguous,,A3024
TK-245659,1,FLAG_HIGH_REFUND_AMOUNT,"High single refund value of Rs 6,499.00",6499.0,CANCEL,N,quoted_valid,VR887334,A3026
TK-245664,1,FLAG_GW_OVER_CAP,"GW-OTHER refund Rs 1,424.00 above stated Rs 500 goodwill threshold (review candidate requiring text/policy validation)",1424.0,GW-OTHER,N,quoted_valid,VR886088,A3035
TK-245670,1,FLAG_AMBIGUOUS_ORDER,Customer has multiple orders for SKU; match is ambiguous,3149.0,CANCEL,N,ambiguous,,A3017
TK-245678,1,FLAG_AMBIGUOUS_ORDER,Customer has multiple orders for SKU; match is ambiguous,,None,N,ambiguous,,A3024
TK-245697,1,FLAG_GW_OVER_CAP,"GW-OTHER refund Rs 1,529.00 above stated Rs 500 goodwill threshold (review candidate requiring text/policy validation)",1529.0,GW-OTHER,N,quoted_valid,VR896105,A3030
TK-245478,1,FLAG_REFUND_AND_REPLACEMENT,"Both refund Rs 1,999.00 and replacement unit issued",1999.0,DOA-REPL,Y,quoted_valid,VR905334,A3026
TK-245484,1,FLAG_AMBIGUOUS_ORDER,Customer has multiple orders for SKU; match is ambiguous,,None,N,ambiguous,,A3029
TK-245486,1,FLAG_AMBIGUOUS_ORDER,Customer has multiple orders for SKU; match is ambiguous,3324.0,DUP-PAYMENT,N,ambiguous,,A3032
TK-245492,1,FLAG_HIGH_REFUND_AMOUNT,"High single refund value of Rs 6,998.00",6998.0,RETURN-QC-OK,N,quoted_valid,VR909187,A3037
TK-245494,1,FLAG_GW_OVER_CAP,"GW-OTHER refund Rs 3,499.00 above stated Rs 500 goodwill threshold (review candidate requiring text/policy validation)",3499.0,GW-OTHER,N,quoted_valid,VR888615,A3035
TK-242590,1,FLAG_GW_OVER_CAP,"GW-OTHER refund Rs 1,999.00 above stated Rs 500 goodwill threshold (review candidate requiring text/policy validation)",1999.0,GW-OTHER,N,quoted_valid,VR898933,A3018
TK-242594,1,FLAG_HIGH_REFUND_AMOUNT,"High single refund value of Rs 6,499.00",6499.0,DUP-PAYMENT,N,fallback_single,VR885710,A3038
TK-242595,1,FLAG_AMBIGUOUS_ORDER,Customer has multiple orders for SKU; match is ambiguous,,None,N,ambiguous,,A3004
TK-242598,1,FLAG_HIGH_REFUND_AMOUNT,"High single refund value of Rs 5,599.00",5599.0,WTY-BUYBACK,N,quoted_valid,VR908618,A3028
TK-242603,1,FLAG_AMBIGUOUS_ORDER,Customer has multiple orders for SKU; match is ambiguous,,None,N,ambiguous,,A3036
TK-242610,1,FLAG_AMBIGUOUS_ORDER,Customer has multiple orders for SKU; match is ambiguous,,None,N,ambiguous,,A3030
TK-242614,1,FLAG_AMBIGUOUS_ORDER,Customer has multiple orders for SKU; match is ambiguous,2499.0,DOA-REPL,N,ambiguous,,A3018
TK-242615,1,FLAG_AMBIGUOUS_ORDER,Customer has multiple orders for SKU; match is ambiguous,1799.0,DOA-REPL,N,ambiguous,,A3030
TK-242648,1,FLAG_GW_OVER_CAP,"GW-OTHER refund Rs 3,238.00 above stated Rs 500 goodwill threshold (review candidate requiring text/policy validation)",3238.0,GW-OTHER,N,fallback_single,VR892614,A3005
TK-242659,1,FLAG_AMBIGUOUS_ORDER,Customer has multiple orders for SKU; match is ambiguous,,None,N,ambiguous,,A3018
TK-242662,1,FLAG_HIGH_REFUND_AMOUNT,"High single refund value of Rs 6,999.00",6999.0,DOA-REPL,N,quoted_valid,VR887248,A3027
TK-242666,1,FLAG_GW_OVER_CAP,"GW-OTHER refund Rs 2,499.00 above stated Rs 500 goodwill threshold (review candidate requiring text/policy validation)",2499.0,GW-OTHER,N,fallback_single,VR894985,A3012
TK-242380,1,FLAG_GW_OVER_CAP,"GW-OTHER refund Rs 2,499.00 above stated Rs 500 goodwill threshold (review candidate requiring text/policy validation)",2499.0,GW-OTHER,N,quoted_valid,VR909408,A3030
TK-245584,1,FLAG_GW_OVER_CAP,"GW-OTHER refund Rs 3,324.00 above stated Rs 500 goodwill threshold (review candidate requiring text/policy validation)",3324.0,GW-OTHER,N,quoted_valid,VR886701,A3031
TK-245586,1,FLAG_GW_OVER_CAP,GW-OTHER refund Rs 900.00 above stated Rs 500 goodwill threshold (review candidate requiring text/policy validation),900.0,GW-OTHER,N,quoted_valid,VR901872,A3037
TK-245589,1,FLAG_GW_OVER_CAP,"GW-OTHER refund Rs 2,374.00 above stated Rs 500 goodwill threshold (review candidate requiring text/policy validation)",2374.0,GW-OTHER,N,quoted_valid,VR899855,A3028
TK-245902,1,FLAG_GW_OVER_CAP,"GW-OTHER refund Rs 3,149.00 above stated Rs 500 goodwill threshold (review candidate requiring text/policy validation)",3149.0,GW-OTHER,N,fallback_single,VR889769,A3031
TK-245932,1,FLAG_AMBIGUOUS_ORDER,Customer has multiple orders for SKU; match is ambiguous,,None,N,ambiguous,,A3001
TK-245938,1,FLAG_AMBIGUOUS_ORDER,Customer has multiple orders for SKU; match is ambiguous,,None,Y,ambiguous,,A3038
TK-245710,1,FLAG_HIGH_REFUND_AMOUNT,"High single refund value of Rs 5,399.00",5399.0,CANCEL,N,quoted_valid,VR895424,A3020
TK-245743,1,FLAG_GW_OVER_CAP,"GW-OTHER refund Rs 2,499.00 above stated Rs 500 goodwill threshold (review candidate requiring text/policy validation)",2499.0,GW-OTHER,N,quoted_valid,VR885673,A3034
TK-245757,1,FLAG_GW_OVER_CAP,"GW-OTHER refund Rs 2,374.00 above stated Rs 500 goodwill threshold (review candidate requiring text/policy validation)",2374.0,GW-OTHER,N,quoted_valid,VR892988,A3032
TK-245762,1,FLAG_AMBIGUOUS_ORDER,Customer has multiple orders for SKU; match is ambiguous,,None,N,ambiguous,,A3036
TK-245764,1,FLAG_GW_OVER_CAP,"GW-OTHER refund Rs 3,149.00 above stated Rs 500 goodwill threshold (review candidate requiring text/policy validation)",3149.0,GW-OTHER,N,quoted_valid,VR884005,A3036
TK-245781,1,FLAG_AMBIGUOUS_ORDER,Customer has multiple orders for SKU; match is ambiguous,,None,N,ambiguous,,A3034
TK-245787,1,FLAG_HIGH_REFUND_AMOUNT,"High single refund value of Rs 5,524.00",5524.0,DUP-PAYMENT,N,quoted_valid,VR883923,A3033
TK-245792,1,FLAG_GW_OVER_CAP,"GW-OTHER refund Rs 1,574.00 above stated Rs 500 goodwill threshold (review candidate requiring text/policy validation)",1574.0,GW-OTHER,N,quoted_valid,VR895460,A3035
TK-245806,1,FLAG_GW_OVER_CAP,"GW-OTHER refund Rs 1,999.00 above stated Rs 500 goodwill threshold (review candidate requiring text/policy validation)",1999.0,GW-OTHER,N,quoted_valid,VR891639,A3017
TK-245823,1,FLAG_HIGH_REFUND_AMOUNT,"High single refund value of Rs 5,399.00",5399.0,RETURN-QC-OK,N,quoted_valid,VR883414,A3038
TK-245577,1,FLAG_GW_OVER_CAP,"GW-OTHER refund Rs 2,600.00 above stated Rs 500 goodwill threshold (review candidate requiring text/policy validation)",2600.0,GW-OTHER,N,quoted_valid,VR896055,A3011
TK-242558,1,FLAG_HIGH_REFUND_AMOUNT,"High single refund value of Rs 5,999.00",5999.0,DUP-PAYMENT,N,quoted_valid,VR882993,A3032
TK-242565,1,FLAG_AMBIGUOUS_ORDER,Customer has multiple orders for SKU; match is ambiguous,,None,Y,ambiguous,,A3036
TK-246001,1,FLAG_GW_OVER_CAP,"GW-OTHER refund Rs 2,499.00 above stated Rs 500 goodwill threshold (review candidate requiring text/policy validation)",2499.0,GW-OTHER,N,quoted_valid,VR884847,A3038
TK-246003,1,FLAG_HIGH_REFUND_AMOUNT,"High single refund value of Rs 6,999.00",6999.0,DUP-PAYMENT,N,fallback_single,VR894542,A3035
TK-246005,1,FLAG_REFUND_AND_REPLACEMENT,"Both refund Rs 4,499.00 and replacement unit issued",4499.0,DOA-REPL,Y,quoted_valid,VR888186,A3003
TK-246022,1,FLAG_GW_OVER_CAP,"GW-OTHER refund Rs 3,999.00 above stated Rs 500 goodwill threshold (review candidate requiring text/policy validation)",3999.0,GW-OTHER,N,quoted_valid,VR905513,A3021
TK-246024,1,FLAG_AMBIGUOUS_ORDER,Customer has multiple orders for SKU; match is ambiguous,,None,N,ambiguous,,A3021
TK-246032,1,FLAG_AMBIGUOUS_ORDER,Customer has multiple orders for SKU; match is ambiguous,,None,N,ambiguous,,A3030
TK-246041,1,FLAG_AMBIGUOUS_ORDER,Customer has multiple orders for SKU; match is ambiguous,,None,N,ambiguous,,A3002
TK-246059,1,FLAG_GW_OVER_CAP,"GW-OTHER refund Rs 1,250.00 above stated Rs 500 goodwill threshold (review candidate requiring text/policy validation)",1250.0,GW-OTHER,N,fallback_single,VR905258,A3011
TK-246071,1,FLAG_GW_OVER_CAP,"GW-OTHER refund Rs 1,699.00 above stated Rs 500 goodwill threshold (review candidate requiring text/policy validation)",1699.0,GW-OTHER,N,fallback_single,VR880408,A3036
TK-245827,1,FLAG_AMBIGUOUS_ORDER,Customer has multiple orders for SKU; match is ambiguous,3149.0,DUP-PAYMENT,N,ambiguous,,A3032
TK-245830,1,FLAG_GW_OVER_CAP,"GW-OTHER refund Rs 1,799.00 above stated Rs 500 goodwill threshold (review candidate requiring text/policy validation)",1799.0,GW-OTHER,N,fallback_single,VR907857,A3036
TK-245840,1,FLAG_HIGH_REFUND_AMOUNT,"High single refund value of Rs 6,999.00",6999.0,RETURN-QC-OK,N,quoted_valid,VR883597,A3036
TK-245855,1,FLAG_AMBIGUOUS_ORDER,Customer has multiple orders for SKU; match is ambiguous,,None,N,ambiguous,,A3018
TK-245875,1,FLAG_GW_OVER_CAP,"GW-OTHER refund Rs 1,299.00 above stated Rs 500 goodwill threshold (review candidate requiring text/policy validation)",1299.0,GW-OTHER,N,quoted_valid,VR900676,A3032
TK-245880,1,FLAG_GW_OVER_CAP,"GW-OTHER refund Rs 2,974.00 above stated Rs 500 goodwill threshold (review candidate requiring text/policy validation)",2974.0,GW-OTHER,N,quoted_valid,VR908895,A3036
TK-245888,1,FLAG_GW_OVER_CAP,GW-OTHER refund Rs 560.00 above stated Rs 500 goodwill threshold (review candidate requiring text/policy validation),560.0,GW-OTHER,N,quoted_valid,VR882093,A3030
TK-242402,1,FLAG_AMBIGUOUS_ORDER,Customer has multiple orders for SKU; match is ambiguous,,None,N,ambiguous,,A3036
TK-242403,1,FLAG_AMBIGUOUS_ORDER,Customer has multiple orders for SKU; match is ambiguous,2374.0,RETURN-QC-OK,N,ambiguous,,A3032
TK-242440,1,FLAG_HIGH_REFUND_AMOUNT,"High single refund value of Rs 5,849.00",5849.0,RETURN-QC-OK,N,quoted_valid,VR897214,A3038
TK-242443,1,FLAG_AMBIGUOUS_ORDER,Customer has multiple orders for SKU; match is ambiguous,,None,N,ambiguous,,A3018
TK-242450,1,FLAG_HIGH_REFUND_AMOUNT,"High single refund value of Rs 5,199.00",5199.0,DUP-PAYMENT,N,fallback_single,VR892422,A3008
TK-242471,1,FLAG_HIGH_REFUND_AMOUNT,"High single refund value of Rs 6,999.00",6999.0,PRICE-ADJ,N,quoted_valid,VR891308,A3035
TK-242475,1,FLAG_AMBIGUOUS_ORDER,Customer has multiple orders for SKU; match is ambiguous,,None,N,ambiguous,,A3018
TK-242500,1,FLAG_AMBIGUOUS_ORDER,Customer has multiple orders for SKU; match is ambiguous,3087.0,RETURN-QC-OK,N,ambiguous,,A3022
TK-242512,1,FLAG_HIGH_REFUND_AMOUNT,"High single refund value of Rs 10,398.00",10398.0,WTY-BUYBACK,N,quoted_valid,VR907699,A3030
TK-242519,1,FLAG_GW_OVER_CAP,"GW-OTHER refund Rs 1,999.00 above stated Rs 500 goodwill threshold (review candidate requiring text/policy validation)",1999.0,GW-OTHER,N,quoted_valid,VR886662,A3037
TK-242522,1,FLAG_AMBIGUOUS_ORDER,Customer has multiple orders for SKU; match is ambiguous,2499.0,RETURN-QC-OK,N,ambiguous,,A3038
TK-242524,1,FLAG_AMBIGUOUS_ORDER,Customer has multiple orders for SKU; match is ambiguous,,None,N,ambiguous,,A3030
TK-242533,1,FLAG_AMBIGUOUS_ORDER,Customer has multiple orders for SKU; match is ambiguous,,None,N,ambiguous,,A3004
TK-242260,1,FLAG_AMBIGUOUS_ORDER,Customer has multiple orders for SKU; match is ambiguous,,None,N,ambiguous,,A3010
TK-245951,1,FLAG_AMBIGUOUS_ORDER,Customer has multiple orders for SKU; match is ambiguous,,None,N,ambiguous,,A3035
TK-245981,1,FLAG_GW_OVER_CAP,"GW-OTHER refund Rs 2,374.00 above stated Rs 500 goodwill threshold (review candidate requiring text/policy validation)",2374.0,GW-OTHER,N,fallback_single,VR883598,A3029
TK-246272,1,FLAG_GW_OVER_CAP,"GW-OTHER refund Rs 3,500.00 above stated Rs 500 goodwill threshold (review candidate requiring text/policy validation)",3500.0,GW-OTHER,N,quoted_valid,VR889564,A3042
TK-246276,1,FLAG_GW_OVER_CAP,"GW-OTHER refund Rs 2,249.00 above stated Rs 500 goodwill threshold (review candidate requiring text/policy validation)",2249.0,GW-OTHER,N,quoted_valid,VR894340,A3035
TK-246284,1,FLAG_AMBIGUOUS_ORDER,Customer has multiple orders for SKU; match is ambiguous,,None,N,ambiguous,,A3038
TK-246095,1,FLAG_GW_OVER_CAP,"GW-OTHER refund Rs 2,250.00 above stated Rs 500 goodwill threshold (review candidate requiring text/policy validation)",2250.0,GW-OTHER,N,quoted_valid,VR900462,A3028
TK-246119,1,FLAG_AMBIGUOUS_ORDER,Customer has multiple orders for SKU; match is ambiguous,,None,N,ambiguous,,A3003
TK-246128,1,FLAG_GW_OVER_CAP,GW-OTHER refund Rs 552.00 above stated Rs 500 goodwill threshold (review candidate requiring text/policy validation),552.0,GW-OTHER,N,quoted_valid,VR891920,A3002
TK-246145,1,FLAG_GW_OVER_CAP,"GW-OTHER refund Rs 2,499.00 above stated Rs 500 goodwill threshold (review candidate requiring text/policy validation)",2499.0,GW-OTHER,N,quoted_valid,VR903341,A3033
TK-246148,1,FLAG_HIGH_REFUND_AMOUNT,"High single refund value of Rs 6,499.00",6499.0,RETURN-QC-OK,N,fallback_single,VR906603,A3038
TK-246152,1,FLAG_GW_OVER_CAP,"GW-OTHER refund Rs 1,799.00 above stated Rs 500 goodwill threshold (review candidate requiring text/policy validation)",1799.0,GW-OTHER,N,quoted_valid,VR899685,A3038
TK-246161,1,FLAG_AMBIGUOUS_ORDER,Customer has multiple orders for SKU; match is ambiguous,,None,N,ambiguous,,A3028
TK-246164,1,FLAG_GW_OVER_CAP,"GW-OTHER refund Rs 3,499.00 above stated Rs 500 goodwill threshold (review candidate requiring text/policy validation)",3499.0,GW-OTHER,N,fallback_single,VR881431,A3036
TK-246168,1,FLAG_AMBIGUOUS_ORDER,Customer has multiple orders for SKU; match is ambiguous,510.0,RETURN-QC-OK,N,ambiguous,,A3036
TK-246175,1,FLAG_GW_OVER_CAP,GW-OTHER refund Rs 945.00 above stated Rs 500 goodwill threshold (review candidate requiring text/policy validation),945.0,GW-OTHER,N,quoted_valid,VR887067,A3035
TK-246181,1,FLAG_AMBIGUOUS_ORDER,Customer has multiple orders for SKU; match is ambiguous,,None,N,ambiguous,,A3001
TK-246185,1,FLAG_AMBIGUOUS_ORDER,Customer has multiple orders for SKU; match is ambiguous,,None,N,ambiguous,,A3038
TK-245945,1,FLAG_GW_OVER_CAP,"GW-OTHER refund Rs 3,499.00 above stated Rs 500 goodwill threshold (review candidate requiring text/policy validation)",3499.0,GW-OTHER,N,quoted_valid,VR888154,A3018
TK-246354,1,FLAG_GW_OVER_CAP,"GW-OTHER refund Rs 2,799.00 above stated Rs 500 goodwill threshold (review candidate requiring text/policy validation)",2799.0,GW-OTHER,N,fallback_single,VR905550,A3036
TK-246357,1,FLAG_GW_OVER_CAP,"GW-OTHER refund Rs 1,799.00 above stated Rs 500 goodwill threshold (review candidate requiring text/policy validation)",1799.0,GW-OTHER,N,fallback_single,VR884535,A3035
TK-246358,1,FLAG_GW_OVER_CAP,"GW-OTHER refund Rs 1,799.00 above stated Rs 500 goodwill threshold (review candidate requiring text/policy validation)",1799.0,GW-OTHER,N,quoted_valid,VR897102,A3036
TK-246374,1,FLAG_AMBIGUOUS_ORDER,Customer has multiple orders for SKU; match is ambiguous,,None,N,ambiguous,,A3028
TK-246384,1,FLAG_AMBIGUOUS_ORDER,Customer has multiple orders for SKU; match is ambiguous,,None,N,ambiguous,,A3018
TK-246189,1,FLAG_AMBIGUOUS_ORDER,Customer has multiple orders for SKU; match is ambiguous,,None,N,ambiguous,,A3022
TK-246204,1,FLAG_AMBIGUOUS_ORDER,Customer has multiple orders for SKU; match is ambiguous,3324.0,DOA-REPL,N,ambiguous,,A3012
TK-246218,1,FLAG_AMBIGUOUS_ORDER,Customer has multiple orders for SKU; match is ambiguous,,None,N,ambiguous,,A3002
TK-246234,1,FLAG_AMBIGUOUS_ORDER,Customer has multiple orders for SKU; match is ambiguous,,None,N,ambiguous,,A3036
TK-246242,1,FLAG_GW_OVER_CAP,"GW-OTHER refund Rs 1,400.00 above stated Rs 500 goodwill threshold (review candidate requiring text/policy validation)",1400.0,GW-OTHER,N,quoted_valid,VR883637,A3009
TK-246253,1,FLAG_AMBIGUOUS_ORDER,Customer has multiple orders for SKU; match is ambiguous,,None,N,ambiguous,,A3019
TK-246255,1,FLAG_AMBIGUOUS_ORDER,Customer has multiple orders for SKU; match is ambiguous,3149.0,CANCEL,N,ambiguous,,A3011
TK-246257,1,FLAG_GW_OVER_CAP,"GW-OTHER refund Rs 1,799.00 above stated Rs 500 goodwill threshold (review candidate requiring text/policy validation)",1799.0,GW-OTHER,N,quoted_valid,VR888215,A3016
TK-246262,1,FLAG_GW_OVER_CAP,"GW-OTHER refund Rs 2,799.00 above stated Rs 500 goodwill threshold (review candidate requiring text/policy validation)",2799.0,GW-OTHER,N,quoted_valid,VR899396,A3029
TK-246264,1,FLAG_AMBIGUOUS_ORDER,Customer has multiple orders for SKU; match is ambiguous,,None,N,ambiguous,,A3034
TK-246270,1,FLAG_AMBIGUOUS_ORDER,Customer has multiple orders for SKU; match is ambiguous,,None,Y,ambiguous,,A3018
TK-246412,1,FLAG_GW_OVER_CAP,"GW-OTHER refund Rs 1,799.00 above stated Rs 500 goodwill threshold (review candidate requiring text/policy validation)",1799.0,GW-OTHER,N,quoted_valid,VR899489,A3032
TK-246431,1,FLAG_GW_OVER_CAP,"GW-OTHER refund Rs 1,400.00 above stated Rs 500 goodwill threshold (review candidate requiring text/policy validation)",1400.0,GW-OTHER,N,quoted_valid,VR887925,A3018
TK-246444,1,FLAG_AMBIGUOUS_ORDER,Customer has multiple orders for SKU; match is ambiguous,499.0,GW-OTHER,N,ambiguous,,A3034
TK-246462,1,FLAG_GW_OVER_CAP,"GW-OTHER refund Rs 2,799.00 above stated Rs 500 goodwill threshold (review candidate requiring text/policy validation)",2799.0,GW-OTHER,N,quoted_valid,VR887348,A3035
TK-246465,1,FLAG_HIGH_REFUND_AMOUNT,"High single refund value of Rs 10,398.00",10398.0,RETURN-QC-OK,N,quoted_valid,VR902120,A3036
TK-246466,1,FLAG_GW_OVER_CAP,"GW-OTHER refund Rs 3,999.00 above stated Rs 500 goodwill threshold (review candidate requiring text/policy validation)",3999.0,GW-OTHER,N,quoted_valid,VR908959,A3033
TK-246487,1,FLAG_GW_OVER_CAP,"GW-OTHER refund Rs 3,324.00 above stated Rs 500 goodwill threshold (review candidate requiring text/policy validation)",3324.0,GW-OTHER,N,quoted_valid,VR898988,A3034
TK-246492,1,FLAG_AMBIGUOUS_ORDER,Customer has multiple orders for SKU; match is ambiguous,,None,N,ambiguous,,A3037
TK-246499,1,FLAG_HIGH_REFUND_AMOUNT,"High single refund value of Rs 6,298.00",6298.0,DUP-PAYMENT,N,quoted_valid,VR896501,A3035
TK-246285,1,FLAG_HIGH_REFUND_AMOUNT,"High single refund value of Rs 5,524.00",5524.0,RETURN-QC-OK,N,fallback_single,VR907659,A3038
TK-246290,1,FLAG_HIGH_REFUND_AMOUNT,"High single refund value of Rs 6,649.00",6649.0,WTY-BUYBACK,N,quoted_valid,VR882532,A3010
TK-246311,1,FLAG_AMBIGUOUS_ORDER,Customer has multiple orders for SKU; match is ambiguous,,None,N,ambiguous,,A3018
TK-246314,1,FLAG_AMBIGUOUS_ORDER,Customer has multiple orders for SKU; match is ambiguous,2249.0,DUP-PAYMENT,N,ambiguous,,A3033
TK-246339,1,FLAG_HIGH_REFUND_AMOUNT,"High single refund value of Rs 6,174.00",6174.0,DUP-PAYMENT,N,quoted_valid,VR880576,A3033
TK-246344,1,FLAG_GW_OVER_CAP,"GW-OTHER refund Rs 3,499.00 above stated Rs 500 goodwill threshold (review candidate requiring text/policy validation)",3499.0,GW-OTHER,N,quoted_valid,VR881866,A3032
TK-246352,1,FLAG_AMBIGUOUS_ORDER,Customer has multiple orders for SKU; match is ambiguous,1750.0,CANCEL,N,ambiguous,,A3016
TK-242277,1,FLAG_GW_OVER_CAP,"GW-OTHER refund Rs 4,999.00 above stated Rs 500 goodwill threshold (review candidate requiring text/policy validation)",4999.0,GW-OTHER,N,quoted_valid,VR897046,A3037
TK-242284,1,FLAG_AMBIGUOUS_ORDER,Customer has multiple orders for SKU; match is ambiguous,,None,N,ambiguous,,A3018
TK-242288,1,FLAG_AMBIGUOUS_ORDER,Customer has multiple orders for SKU; match is ambiguous,,None,N,ambiguous,,A3035
TK-242302,1,FLAG_GW_OVER_CAP,"GW-OTHER refund Rs 1,274.00 above stated Rs 500 goodwill threshold (review candidate requiring text/policy validation)",1274.0,GW-OTHER,N,quoted_valid,VR898953,A3034
TK-242304,1,FLAG_AMBIGUOUS_ORDER,Customer has multiple orders for SKU; match is ambiguous,,None,N,ambiguous,,A3018
TK-242313,1,FLAG_HIGH_REFUND_AMOUNT,"High single refund value of Rs 5,949.00",5949.0,PRICE-ADJ,N,quoted_valid,VR903724,A3035
TK-242336,1,FLAG_AMBIGUOUS_ORDER,Customer has multiple orders for SKU; match is ambiguous,,None,N,ambiguous,,A3014
TK-242358,1,FLAG_GW_OVER_CAP,GW-OTHER refund Rs 800.00 above stated Rs 500 goodwill threshold (review candidate requiring text/policy validation),800.0,GW-OTHER,N,quoted_valid,VR902719,A3037
TK-242360,1,FLAG_HIGH_REFUND_AMOUNT,"High single refund value of Rs 5,849.00",5849.0,DUP-PAYMENT,N,fallback_single,VR885363,A3034
TK-242362,1,FLAG_HIGH_REFUND_AMOUNT,"High single refund value of Rs 6,174.00",6174.0,CANCEL,N,fallback_single,VR892285,A3026
TK-242370,1,FLAG_AMBIGUOUS_ORDER,Customer has multiple orders for SKU; match is ambiguous,,None,N,ambiguous,,A3039
TK-242117,1,FLAG_GW_OVER_CAP,"GW-OTHER refund Rs 2,249.00 above stated Rs 500 goodwill threshold (review candidate requiring text/policy validation)",2249.0,GW-OTHER,N,fallback_single,VR899065,A3035
TK-246393,1,FLAG_AMBIGUOUS_ORDER,Customer has multiple orders for SKU; match is ambiguous,,None,Y,ambiguous,,A3026
TK-246398,1,FLAG_HIGH_REFUND_AMOUNT,"High single refund value of Rs 5,699.00",5699.0,DOA-REPL,N,quoted_valid,VR887832,A3030
TK-246399,1,FLAG_GW_OVER_CAP,"GW-OTHER refund Rs 1,999.00 above stated Rs 500 goodwill threshold (review candidate requiring text/policy validation)",1999.0,GW-OTHER,N,quoted_valid,VR906303,A3035
TK-246408,1,FLAG_GW_OVER_CAP,"GW-OTHER refund Rs 1,039.00 above stated Rs 500 goodwill threshold (review candidate requiring text/policy validation)",1039.0,GW-OTHER,N,fallback_single,VR889756,A3038
TK-246520,1,FLAG_AMBIGUOUS_ORDER,Customer has multiple orders for SKU; match is ambiguous,,None,N,ambiguous,,A3017
TK-246523,1,FLAG_AMBIGUOUS_ORDER,Customer has multiple orders for SKU; match is ambiguous,,None,N,ambiguous,,A3017
TK-246537,1,FLAG_AMBIGUOUS_ORDER,Customer has multiple orders for SKU; match is ambiguous,,None,N,ambiguous,,A3025
TK-246559,1,FLAG_GW_OVER_CAP,"GW-OTHER refund Rs 1,199.00 above stated Rs 500 goodwill threshold (review candidate requiring text/policy validation)",1199.0,GW-OTHER,N,quoted_valid,VR892038,A3035
TK-246561,1,FLAG_AMBIGUOUS_ORDER,Customer has multiple orders for SKU; match is ambiguous,,None,N,ambiguous,,A3036
TK-246562,1,FLAG_HIGH_REFUND_AMOUNT,"High single refund value of Rs 5,999.00",5999.0,DUP-PAYMENT,N,fallback_single,VR881838,A3032
TK-246568,1,FLAG_AMBIGUOUS_ORDER,Customer has multiple orders for SKU; match is ambiguous,,None,N,ambiguous,,A3002
TK-246579,1,FLAG_AMBIGUOUS_ORDER,Customer has multiple orders for SKU; match is ambiguous,,None,N,ambiguous,,A3012
TK-246584,1,FLAG_HIGH_REFUND_AMOUNT,"High single refund value of Rs 5,199.00",5199.0,DUP-PAYMENT,N,quoted_valid,VR902619,A3035
TK-246585,1,FLAG_GW_OVER_CAP,"GW-OTHER refund Rs 3,499.00 above stated Rs 500 goodwill threshold (review candidate requiring text/policy validation)",3499.0,GW-OTHER,N,fallback_single,VR905367,A3018
TK-246601,1,FLAG_GW_OVER_CAP,"GW-OTHER refund Rs 1,187.00 above stated Rs 500 goodwill threshold (review candidate requiring text/policy validation)",1187.0,GW-OTHER,N,quoted_valid,VR907826,A3033
TK-246607,1,FLAG_HIGH_REFUND_AMOUNT,"High single refund value of Rs 6,649.00",6649.0,CANCEL,N,fallback_single,VR896993,A3011
TK-246610,1,FLAG_HIGH_REFUND_AMOUNT,"High single refund value of Rs 5,524.00",5524.0,DOA-REPL,N,quoted_valid,VR909724,A3027
TK-246612,1,FLAG_GW_OVER_CAP,GW-OTHER refund Rs 617.00 above stated Rs 500 goodwill threshold (review candidate requiring text/policy validation),617.0,GW-OTHER,N,quoted_valid,VR901039,A3042
TK-246629,1,FLAG_AMBIGUOUS_ORDER,Customer has multiple orders for SKU; match is ambiguous,,None,Y,ambiguous,,A3039
TK-242273,1,FLAG_AMBIGUOUS_ORDER,Customer has multiple orders for SKU; match is ambiguous,,None,N,ambiguous,,A3025
TK-246633,1,FLAG_GW_OVER_CAP,"GW-OTHER refund Rs 3,324.00 above stated Rs 500 goodwill threshold (review candidate requiring text/policy validation)",3324.0,GW-OTHER,N,quoted_valid,VR886838,A3033
TK-246639,1,FLAG_GW_OVER_CAP,"GW-OTHER refund Rs 1,799.00 above stated Rs 500 goodwill threshold (review candidate requiring text/policy validation)",1799.0,GW-OTHER,N,quoted_valid,VR901899,A3037
TK-246642,1,FLAG_GW_OVER_CAP,GW-OTHER refund Rs 584.00 above stated Rs 500 goodwill threshold (review candidate requiring text/policy validation),584.0,GW-OTHER,N,fallback_single,VR893442,A3032
TK-246650,1,FLAG_HIGH_REFUND_AMOUNT,"High single refund value of Rs 6,999.00",6999.0,RETURN-QC-OK,N,quoted_valid,VR881934,A3036
TK-246654,1,FLAG_GW_OVER_CAP,GW-OTHER refund Rs 630.00 above stated Rs 500 goodwill threshold (review candidate requiring text/policy validation),630.0,GW-OTHER,N,fallback_single,VR881273,A3018
TK-246658,1,FLAG_AMBIGUOUS_ORDER,Customer has multiple orders for SKU; match is ambiguous,,None,N,ambiguous,,A3008
TK-246672,1,FLAG_AMBIGUOUS_ORDER,Customer has multiple orders for SKU; match is ambiguous,,None,N,ambiguous,,A3021
TK-246696,1,FLAG_GW_OVER_CAP,"GW-OTHER refund Rs 1,799.00 above stated Rs 500 goodwill threshold (review candidate requiring text/policy validation)",1799.0,GW-OTHER,N,quoted_valid,VR889881,A3030
TK-246707,1,FLAG_AMBIGUOUS_ORDER,Customer has multiple orders for SKU; match is ambiguous,,None,N,ambiguous,,A3018
TK-246750,1,FLAG_GW_OVER_CAP,"GW-OTHER refund Rs 1,799.00 above stated Rs 500 goodwill threshold (review candidate requiring text/policy validation)",1799.0,GW-OTHER,N,quoted_valid,VR881947,A3012
TK-246758,1,FLAG_GW_OVER_CAP,GW-OTHER refund Rs 764.00 above stated Rs 500 goodwill threshold (review candidate requiring text/policy validation),764.0,GW-OTHER,N,quoted_valid,VR890854,A3031
TK-246767,1,FLAG_GW_OVER_CAP,"GW-OTHER refund Rs 3,500.00 above stated Rs 500 goodwill threshold (review candidate requiring text/policy validation)",3500.0,GW-OTHER,N,quoted_valid,VR905246,A3018
TK-246788,1,FLAG_GW_OVER_CAP,"GW-OTHER refund Rs 2,799.00 above stated Rs 500 goodwill threshold (review candidate requiring text/policy validation)",2799.0,GW-OTHER,N,quoted_valid,VR892895,A3036
TK-246794,1,FLAG_AMBIGUOUS_ORDER,Customer has multiple orders for SKU; match is ambiguous,,None,N,ambiguous,,A3035
TK-246804,1,FLAG_AMBIGUOUS_ORDER,Customer has multiple orders for SKU; match is ambiguous,,None,N,ambiguous,,A3007
TK-246806,1,FLAG_AMBIGUOUS_ORDER,Customer has multiple orders for SKU; match is ambiguous,,None,N,ambiguous,,A3024
TK-247025,1,FLAG_GW_OVER_CAP,"GW-OTHER refund Rs 1,709.00 above stated Rs 500 goodwill threshold (review candidate requiring text/policy validation)",1709.0,GW-OTHER,N,quoted_valid,VR904284,A3036
TK-247034,1,FLAG_HIGH_REFUND_AMOUNT,"High single refund value of Rs 6,174.00",6174.0,DUP-PAYMENT,N,quoted_valid,VR880967,A3003
TK-247041,1,FLAG_GW_OVER_CAP,"GW-OTHER refund Rs 1,709.00 above stated Rs 500 goodwill threshold (review candidate requiring text/policy validation)",1709.0,GW-OTHER,N,quoted_valid,VR904284,A3028
TK-246807,1,FLAG_AMBIGUOUS_ORDER,Customer has multiple orders for SKU; match is ambiguous,,None,N,ambiguous,,A3029
TK-246814,1,FLAG_HIGH_REFUND_AMOUNT,"High single refund value of Rs 5,949.00",5949.0,PRICE-ADJ,N,quoted_valid,VR888415,A3034
TK-246829,1,FLAG_AMBIGUOUS_ORDER,Customer has multiple orders for SKU; match is ambiguous,,None,Y,ambiguous,,A3038
TK-246850,1,FLAG_GW_OVER_CAP,"GW-OTHER refund Rs 3,324.00 above stated Rs 500 goodwill threshold (review candidate requiring text/policy validation)",3324.0,GW-OTHER,N,quoted_valid,VR884942,A3039
TK-246851,1,FLAG_AMBIGUOUS_ORDER,Customer has multiple orders for SKU; match is ambiguous,,None,N,ambiguous,,A3029
TK-246853,1,FLAG_HIGH_REFUND_AMOUNT,"High single refund value of Rs 5,849.00",5849.0,RETURN-QC-OK,N,quoted_valid,VR880584,A3033
TK-246862,1,FLAG_HIGH_REFUND_AMOUNT,"High single refund value of Rs 6,999.00",6999.0,CANCEL,N,fallback_single,VR882215,A3011
TK-246869,1,FLAG_AMBIGUOUS_ORDER,Customer has multiple orders for SKU; match is ambiguous,,None,N,ambiguous,,A3004
TK-246870,1,FLAG_HIGH_REFUND_AMOUNT,"High single refund value of Rs 5,199.00",5199.0,DOA-REPL,N,quoted_valid,VR892240,A3030
TK-246888,1,FLAG_GW_OVER_CAP,"GW-OTHER refund Rs 3,149.00 above stated Rs 500 goodwill threshold (review candidate requiring text/policy validation)",3149.0,GW-OTHER,N,quoted_valid,VR902176,A3036
TK-246894,1,FLAG_AMBIGUOUS_ORDER,Customer has multiple orders for SKU; match is ambiguous,,None,N,ambiguous,,A3036
TK-246895,1,FLAG_REFUND_AND_REPLACEMENT,"Both refund Rs 3,999.00 and replacement unit issued",3999.0,WTY-BUYBACK,Y,quoted_valid,VR900909,A3030
TK-246922,1,FLAG_AMBIGUOUS_ORDER,Customer has multiple orders for SKU; match is ambiguous,,None,N,ambiguous,,A3011
TK-242174,1,FLAG_GW_OVER_CAP,"GW-OTHER refund Rs 3,500.00 above stated Rs 500 goodwill threshold (review candidate requiring text/policy validation)",3500.0,GW-OTHER,N,quoted_valid,VR895082,A3035
TK-242191,1,FLAG_GW_OVER_CAP,"GW-OTHER refund Rs 2,499.00 above stated Rs 500 goodwill threshold (review candidate requiring text/policy validation)",2499.0,GW-OTHER,N,quoted_valid,VR898481,A3030
TK-242195,1,FLAG_AMBIGUOUS_ORDER,Customer has multiple orders for SKU; match is ambiguous,,None,Y,ambiguous,,A3012
TK-242222,1,FLAG_GW_OVER_CAP,GW-OTHER refund Rs 630.00 above stated Rs 500 goodwill threshold (review candidate requiring text/policy validation),630.0,GW-OTHER,N,quoted_valid,VR903392,A3020
TK-242238,1,FLAG_AMBIGUOUS_ORDER,Customer has multiple orders for SKU; match is ambiguous,,None,N,ambiguous,,A3019
TK-242249,1,FLAG_GW_OVER_CAP,"GW-OTHER refund Rs 1,529.00 above stated Rs 500 goodwill threshold (review candidate requiring text/policy validation)",1529.0,GW-OTHER,N,quoted_valid,VR900434,A3034
TK-242253,1,FLAG_GW_OVER_CAP,"GW-OTHER refund Rs 1,529.00 above stated Rs 500 goodwill threshold (review candidate requiring text/policy validation)",1529.0,GW-OTHER,N,quoted_valid,VR892753,A3012
TK-241983,1,FLAG_AMBIGUOUS_ORDER,Customer has multiple orders for SKU; match is ambiguous,,None,N,ambiguous,,A3035
TK-246935,1,FLAG_GW_OVER_CAP,GW-OTHER refund Rs 525.00 above stated Rs 500 goodwill threshold (review candidate requiring text/policy validation),525.0,GW-OTHER,N,quoted_valid,VR893455,A3015
TK-246943,1,FLAG_GW_OVER_CAP,"GW-OTHER refund Rs 2,499.00 above stated Rs 500 goodwill threshold (review candidate requiring text/policy validation)",2499.0,GW-OTHER,N,quoted_valid,VR887000,A3035
TK-246948,1,FLAG_GW_OVER_CAP,"GW-OTHER refund Rs 2,499.00 above stated Rs 500 goodwill threshold (review candidate requiring text/policy validation)",2499.0,GW-OTHER,N,quoted_valid,VR883582,A3035
TK-246955,1,FLAG_AMBIGUOUS_ORDER,Customer has multiple orders for SKU; match is ambiguous,,None,N,ambiguous,,A3003
TK-246967,1,FLAG_AMBIGUOUS_ORDER,Customer has multiple orders for SKU; match is ambiguous,4499.0,CANCEL,N,ambiguous,,A3010
TK-246980,1,FLAG_GW_OVER_CAP,"GW-OTHER refund Rs 2,799.00 above stated Rs 500 goodwill threshold (review candidate requiring text/policy validation)",2799.0,GW-OTHER,N,fallback_single,VR890982,A3031
TK-246987,1,FLAG_GW_OVER_CAP,"GW-OTHER refund Rs 1,529.00 above stated Rs 500 goodwill threshold (review candidate requiring text/policy validation)",1529.0,GW-OTHER,N,fallback_single,VR898250,A3018
TK-247009,1,FLAG_AMBIGUOUS_ORDER,Customer has multiple orders for SKU; match is ambiguous,,None,N,ambiguous,,A3023
TK-247294,1,FLAG_AMBIGUOUS_ORDER,Customer has multiple orders for SKU; match is ambiguous,,None,Y,ambiguous,,A3018
TK-247060,1,FLAG_GW_OVER_CAP,"GW-OTHER refund Rs 3,499.00 above stated Rs 500 goodwill threshold (review candidate requiring text/policy validation)",3499.0,GW-OTHER,N,quoted_valid,VR902296,A3035
TK-247062,1,FLAG_GW_OVER_CAP,"GW-OTHER refund Rs 4,499.00 above stated Rs 500 goodwill threshold (review candidate requiring text/policy validation)",4499.0,GW-OTHER,N,fallback_single,VR889486,A3036
TK-247078,1,FLAG_AMBIGUOUS_ORDER,Customer has multiple orders for SKU; match is ambiguous,,None,N,ambiguous,,A3002
TK-247079,1,FLAG_HIGH_REFUND_AMOUNT,"High single refund value of Rs 5,999.00",5999.0,WTY-BUYBACK,N,fallback_single,VR888957,A3039
TK-247095,1,FLAG_GW_OVER_CAP,GW-OTHER refund Rs 700.00 above stated Rs 500 goodwill threshold (review candidate requiring text/policy validation),700.0,GW-OTHER,N,quoted_valid,VR882242,A3024
TK-247128,1,FLAG_GW_OVER_CAP,"GW-OTHER refund Rs 1,105.00 above stated Rs 500 goodwill threshold (review candidate requiring text/policy validation)",1105.0,GW-OTHER,N,fallback_single,VR906951,A3028
TK-247138,1,FLAG_AMBIGUOUS_ORDER,Customer has multiple orders for SKU; match is ambiguous,,None,Y,ambiguous,,A3044
TK-247150,1,FLAG_AMBIGUOUS_ORDER,Customer has multiple orders for SKU; match is ambiguous,,None,N,ambiguous,,A3022
TK-247155,1,FLAG_AMBIGUOUS_ORDER,Customer has multiple orders for SKU; match is ambiguous,,None,N,ambiguous,,A3018
TK-247157,1,FLAG_GW_OVER_CAP,"GW-OTHER refund Rs 1,199.00 above stated Rs 500 goodwill threshold (review candidate requiring text/policy validation)",1199.0,GW-OTHER,N,quoted_valid,VR891741,A3030
TK-246923,1,FLAG_AMBIGUOUS_ORDER,Customer has multiple orders for SKU; match is ambiguous,,None,N,ambiguous,,A3031
TK-242121,1,FLAG_GW_OVER_CAP,"GW-OTHER refund Rs 1,300.00 above stated Rs 500 goodwill threshold (review candidate requiring text/policy validation)",1300.0,GW-OTHER,N,quoted_valid,VR897571,A3043
TK-242134,1,FLAG_HIGH_REFUND_AMOUNT,"High single refund value of Rs 6,174.00",6174.0,CANCEL,N,quoted_valid,VR893782,A3008
TK-242135,1,FLAG_AMBIGUOUS_ORDER,Customer has multiple orders for SKU; match is ambiguous,,None,N,ambiguous,,A3009
TK-242144,1,FLAG_AMBIGUOUS_ORDER,Customer has multiple orders for SKU; match is ambiguous,,None,N,ambiguous,,A3028
TK-247337,1,FLAG_AMBIGUOUS_ORDER,Customer has multiple orders for SKU; match is ambiguous,,None,N,ambiguous,,A3030
TK-247346,1,FLAG_AMBIGUOUS_ORDER,Customer has multiple orders for SKU; match is ambiguous,2799.0,WTY-BUYBACK,N,ambiguous,,A3015
TK-247354,1,FLAG_GW_OVER_CAP,"GW-OTHER refund Rs 1,599.00 above stated Rs 500 goodwill threshold (review candidate requiring text/policy validation)",1599.0,GW-OTHER,N,fallback_single,VR891218,A3018
TK-247389,1,FLAG_HIGH_REFUND_AMOUNT,"High single refund value of Rs 5,524.00",5524.0,DUP-PAYMENT,N,quoted_valid,VR900526,A3035
TK-247392,1,FLAG_GW_OVER_CAP,"GW-OTHER refund Rs 4,749.00 above stated Rs 500 goodwill threshold (review candidate requiring text/policy validation)",4749.0,GW-OTHER,N,fallback_single,VR880869,A3002
TK-247168,1,FLAG_AMBIGUOUS_ORDER,Customer has multiple orders for SKU; match is ambiguous,,None,Y,ambiguous,,A3019
TK-247211,1,FLAG_HIGH_REFUND_AMOUNT,"High single refund value of Rs 6,998.00",6998.0,RETURN-QC-OK,N,quoted_valid,VR899767,A3038
TK-247212,1,FLAG_AMBIGUOUS_ORDER,Customer has multiple orders for SKU; match is ambiguous,,None,N,ambiguous,,A3019
TK-247232,1,FLAG_GW_OVER_CAP,"GW-OTHER refund Rs 4,249.00 above stated Rs 500 goodwill threshold (review candidate requiring text/policy validation)",4249.0,GW-OTHER,N,fallback_single,VR908944,A3039
TK-247243,1,FLAG_AMBIGUOUS_ORDER,Customer has multiple orders for SKU; match is ambiguous,,None,N,ambiguous,,A3026
TK-247245,1,FLAG_AMBIGUOUS_ORDER,Customer has multiple orders for SKU; match is ambiguous,,None,N,ambiguous,,A3030
TK-247263,1,FLAG_HIGH_REFUND_AMOUNT,"High single refund value of Rs 6,998.00",6998.0,DUP-PAYMENT,N,fallback_single,VR885382,A3016
TK-247275,1,FLAG_HIGH_REFUND_AMOUNT,"High single refund value of Rs 6,649.00",6649.0,CANCEL,N,quoted_valid,VR900212,A3010
TK-247281,1,FLAG_HIGH_REFUND_AMOUNT,"High single refund value of Rs 6,499.00",6499.0,CANCEL,N,fallback_single,VR908345,A3007
TK-247288,1,FLAG_AMBIGUOUS_ORDER,Customer has multiple orders for SKU; match is ambiguous,,None,Y,ambiguous,,A3030
TK-247289,1,FLAG_GW_OVER_CAP,"GW-OTHER refund Rs 3,499.00 above stated Rs 500 goodwill threshold (review candidate requiring text/policy validation)",3499.0,GW-OTHER,N,quoted_valid,VR896276,A3018
TK-247468,1,FLAG_GW_OVER_CAP,"GW-OTHER refund Rs 1,104.00 above stated Rs 500 goodwill threshold (review candidate requiring text/policy validation)",1104.0,GW-OTHER,N,quoted_valid,VR888965,A3003
TK-247472,1,FLAG_GW_OVER_CAP,"GW-OTHER refund Rs 1,439.00 above stated Rs 500 goodwill threshold (review candidate requiring text/policy validation)",1439.0,GW-OTHER,N,quoted_valid,VR886440,A3034
TK-247476,1,FLAG_AMBIGUOUS_ORDER,Customer has multiple orders for SKU; match is ambiguous,,None,N,ambiguous,,A3034
TK-247487,1,FLAG_GW_OVER_CAP,"GW-OTHER refund Rs 3,499.00 above stated Rs 500 goodwill threshold (review candidate requiring text/policy validation)",3499.0,GW-OTHER,N,quoted_valid,VR891006,A3036
TK-247493,1,FLAG_GW_OVER_CAP,"GW-OTHER refund Rs 3,499.00 above stated Rs 500 goodwill threshold (review candidate requiring text/policy validation)",3499.0,GW-OTHER,N,fallback_single,VR883623,A3030
TK-247503,1,FLAG_GW_OVER_CAP,"GW-OTHER refund Rs 1,709.00 above stated Rs 500 goodwill threshold (review candidate requiring text/policy validation)",1709.0,GW-OTHER,N,fallback_single,VR904042,A3013
TK-247506,1,FLAG_GW_OVER_CAP,"GW-OTHER refund Rs 2,124.00 above stated Rs 500 goodwill threshold (review candidate requiring text/policy validation)",2124.0,GW-OTHER,N,quoted_valid,VR892720,A3033
TK-247507,1,FLAG_AMBIGUOUS_ORDER,Customer has multiple orders for SKU; match is ambiguous,,None,N,ambiguous,,A3028
TK-247521,1,FLAG_AMBIGUOUS_ORDER,Customer has multiple orders for SKU; match is ambiguous,,None,N,ambiguous,,A3010
TK-247295,1,FLAG_AMBIGUOUS_ORDER,Customer has multiple orders for SKU; match is ambiguous,,None,N,ambiguous,,A3014
TK-247297,1,FLAG_REFUND_AND_REPLACEMENT,"Both refund Rs 2,974.00 and replacement unit issued",2974.0,WTY-BUYBACK,Y,quoted_valid,VR905861,A3030
TK-247298,1,FLAG_GW_OVER_CAP,"GW-OTHER refund Rs 2,499.00 above stated Rs 500 goodwill threshold (review candidate requiring text/policy validation)",2499.0,GW-OTHER,N,quoted_valid,VR896236,A3014
TK-247307,1,FLAG_AMBIGUOUS_ORDER,Customer has multiple orders for SKU; match is ambiguous,,None,N,ambiguous,,A3018
TK-247308,1,FLAG_GW_OVER_CAP,"GW-OTHER refund Rs 2,249.00 above stated Rs 500 goodwill threshold (review candidate requiring text/policy validation)",2249.0,GW-OTHER,N,quoted_valid,VR890548,A3036
TK-247313,1,FLAG_HIGH_REFUND_AMOUNT,"High single refund value of Rs 5,399.00",5399.0,DOA-REPL,N,fallback_single,VR904321,A3030
TK-247316,1,FLAG_AMBIGUOUS_ORDER,Customer has multiple orders for SKU; match is ambiguous,,None,N,ambiguous,,A3032
TK-242006,1,FLAG_HIGH_REFUND_AMOUNT,"High single refund value of Rs 5,599.00",5599.0,PRICE-ADJ,N,quoted_valid,VR892539,A3032
TK-242012,1,FLAG_AMBIGUOUS_ORDER,Customer has multiple orders for SKU; match is ambiguous,,None,N,ambiguous,,A3035
TK-242013,1,FLAG_HIGH_REFUND_AMOUNT,"High single refund value of Rs 5,849.00",5849.0,RETURN-QC-OK,N,quoted_valid,VR886069,A3036
TK-242021,1,FLAG_AMBIGUOUS_ORDER,Customer has multiple orders for SKU; match is ambiguous,780.0,LOST-TRANSIT,N,ambiguous,,A3031
TK-242025,1,FLAG_GW_OVER_CAP,"GW-OTHER refund Rs 1,170.00 above stated Rs 500 goodwill threshold (review candidate requiring text/policy validation)",1170.0,GW-OTHER,N,fallback_single,VR902396,A3011
TK-242030,1,FLAG_REFUND_AND_REPLACEMENT,"Both refund Rs 1,599.00 and replacement unit issued",1599.0,WTY-BUYBACK,Y,quoted_valid,VR892748,A3026
TK-242035,1,FLAG_AMBIGUOUS_ORDER,Customer has multiple orders for SKU; match is ambiguous,,None,Y,ambiguous,,A3005
TK-242047,1,FLAG_GW_OVER_CAP,"GW-OTHER refund Rs 1,999.00 above stated Rs 500 goodwill threshold (review candidate requiring text/policy validation)",1999.0,GW-OTHER,N,quoted_valid,VR909973,A3037
TK-242080,1,FLAG_GW_OVER_CAP,"GW-OTHER refund Rs 1,104.00 above stated Rs 500 goodwill threshold (review candidate requiring text/policy validation)",1104.0,GW-OTHER,N,quoted_valid,VR909747,A3035
TK-242100,1,FLAG_GW_OVER_CAP,GW-OTHER refund Rs 720.00 above stated Rs 500 goodwill threshold (review candidate requiring text/policy validation),720.0,GW-OTHER,N,fallback_single,VR906977,A3028
TK-242110,1,FLAG_AMBIGUOUS_ORDER,Customer has multiple orders for SKU; match is ambiguous,,None,N,ambiguous,,A3019
TK-242112,1,FLAG_GW_OVER_CAP,GW-OTHER refund Rs 975.00 above stated Rs 500 goodwill threshold (review candidate requiring text/policy validation),975.0,GW-OTHER,N,quoted_valid,VR897415,A3032
TK-241876,1,FLAG_GW_OVER_CAP,"GW-OTHER refund Rs 2,249.00 above stated Rs 500 goodwill threshold (review candidate requiring text/policy validation)",2249.0,GW-OTHER,N,fallback_single,VR880672,A3033
TK-247433,1,FLAG_GW_OVER_CAP,"GW-OTHER refund Rs 1,899.00 above stated Rs 500 goodwill threshold (review candidate requiring text/policy validation)",1899.0,GW-OTHER,N,quoted_valid,VR906744,A3042
TK-247445,1,FLAG_AMBIGUOUS_ORDER,Customer has multiple orders for SKU; match is ambiguous,,None,N,ambiguous,,A3011
TK-247459,1,FLAG_AMBIGUOUS_ORDER,Customer has multiple orders for SKU; match is ambiguous,,None,N,ambiguous,,A3039
TK-247523,1,FLAG_GW_OVER_CAP,"GW-OTHER refund Rs 1,000.00 above stated Rs 500 goodwill threshold (review candidate requiring text/policy validation)",1000.0,GW-OTHER,N,fallback_single,VR881083,A3029
TK-247525,1,FLAG_AMBIGUOUS_ORDER,Customer has multiple orders for SKU; match is ambiguous,,None,N,ambiguous,,A3027
TK-247529,1,FLAG_HIGH_REFUND_AMOUNT,"High single refund value of Rs 6,499.00",6499.0,RETURN-QC-OK,N,quoted_valid,VR907509,A3038
TK-247536,1,FLAG_AMBIGUOUS_ORDER,Customer has multiple orders for SKU; match is ambiguous,,None,Y,ambiguous,,A3030
TK-247540,1,FLAG_AMBIGUOUS_ORDER,Customer has multiple orders for SKU; match is ambiguous,,None,N,ambiguous,,A3028
TK-247546,1,FLAG_AMBIGUOUS_ORDER,Customer has multiple orders for SKU; match is ambiguous,,None,N,ambiguous,,A3033
TK-247554,1,FLAG_HIGH_REFUND_AMOUNT,"High single refund value of Rs 5,999.00",5999.0,PRICE-ADJ,N,quoted_valid,VR903035,A3032
TK-247560,1,FLAG_GW_OVER_CAP,"GW-OTHER refund Rs 3,149.00 above stated Rs 500 goodwill threshold (review candidate requiring text/policy validation)",3149.0,GW-OTHER,N,quoted_valid,VR907112,A3030
TK-247562,1,FLAG_AMBIGUOUS_ORDER,Customer has multiple orders for SKU; match is ambiguous,,None,N,ambiguous,,A3026
TK-247579,1,FLAG_AMBIGUOUS_ORDER,Customer has multiple orders for SKU; match is ambiguous,,None,Y,ambiguous,,A3029
TK-247584,1,FLAG_GW_OVER_CAP,GW-OTHER refund Rs 975.00 above stated Rs 500 goodwill threshold (review candidate requiring text/policy validation),975.0,GW-OTHER,N,quoted_valid,VR895455,A3035
TK-247610,1,FLAG_GW_OVER_CAP,"GW-OTHER refund Rs 2,974.00 above stated Rs 500 goodwill threshold (review candidate requiring text/policy validation)",2974.0,GW-OTHER,N,quoted_valid,VR891560,A3036
TK-247634,1,FLAG_AMBIGUOUS_ORDER,Customer has multiple orders for SKU; match is ambiguous,,None,N,ambiguous,,A3020
TK-247642,1,FLAG_GW_OVER_CAP,"GW-OTHER refund Rs 1,750.00 above stated Rs 500 goodwill threshold (review candidate requiring text/policy validation)",1750.0,GW-OTHER,N,quoted_valid,VR882242,A3037
TK-247428,1,FLAG_AMBIGUOUS_ORDER,Customer has multiple orders for SKU; match is ambiguous,,None,N,ambiguous,,A3018
TK-242001,1,FLAG_GW_OVER_CAP,"GW-OTHER refund Rs 1,999.00 above stated Rs 500 goodwill threshold (review candidate requiring text/policy validation)",1999.0,GW-OTHER,N,quoted_valid,VR891811,A3037
TK-247933,1,FLAG_REFUND_AND_REPLACEMENT,"Both refund Rs 1,619.00 and replacement unit issued",1619.0,WTY-BUYBACK,Y,quoted_valid,VR890543,A3026
TK-247956,1,FLAG_HIGH_REFUND_AMOUNT,"High single refund value of Rs 5,699.00",5699.0,RETURN-QC-OK,N,quoted_valid,VR884769,A3032
TK-247957,1,FLAG_AMBIGUOUS_ORDER,Customer has multiple orders for SKU; match is ambiguous,270.0,RETURN-QC-OK,N,ambiguous,,A3037
TK-247653,1,FLAG_HIGH_REFUND_AMOUNT,"High single refund value of Rs 6,499.00",6499.0,RETURN-QC-OK,N,quoted_valid,VR884719,A3032
TK-247664,1,FLAG_GW_OVER_CAP,"GW-OTHER refund Rs 3,499.00 above stated Rs 500 goodwill threshold (review candidate requiring text/policy validation)",3499.0,GW-OTHER,N,quoted_valid,VR893226,A3036
TK-247671,1,FLAG_AMBIGUOUS_ORDER,Customer has multiple orders for SKU; match is ambiguous,,None,Y,ambiguous,,A3017
TK-247685,1,FLAG_GW_OVER_CAP,"GW-OTHER refund Rs 2,499.00 above stated Rs 500 goodwill threshold (review candidate requiring text/policy validation)",2499.0,GW-OTHER,N,quoted_valid,VR894185,A3030
TK-247725,1,FLAG_AMBIGUOUS_ORDER,Customer has multiple orders for SKU; match is ambiguous,,None,N,ambiguous,,A3020
TK-247750,1,FLAG_AMBIGUOUS_ORDER,Customer has multiple orders for SKU; match is ambiguous,,None,N,ambiguous,,A3038
TK-247763,1,FLAG_GW_OVER_CAP,GW-OTHER refund Rs 525.00 above stated Rs 500 goodwill threshold (review candidate requiring text/policy validation),525.0,GW-OTHER,N,quoted_valid,VR883623,A3038
TK-247764,1,FLAG_GW_OVER_CAP,"GW-OTHER refund Rs 2,499.00 above stated Rs 500 goodwill threshold (review candidate requiring text/policy validation)",2499.0,GW-OTHER,N,fallback_single,VR888702,A3035
TK-247767,1,FLAG_GW_OVER_CAP,"GW-OTHER refund Rs 3,499.00 above stated Rs 500 goodwill threshold (review candidate requiring text/policy validation)",3499.0,GW-OTHER,N,quoted_valid,VR885111,A3038
TK-247768,1,FLAG_GW_OVER_CAP,"GW-OTHER refund Rs 2,249.00 above stated Rs 500 goodwill threshold (review candidate requiring text/policy validation)",2249.0,GW-OTHER,N,quoted_valid,VR901569,A3033
TK-247772,1,FLAG_AMBIGUOUS_ORDER,Customer has multiple orders for SKU; match is ambiguous,,None,Y,ambiguous,,A3043
TK-247775,1,FLAG_AMBIGUOUS_ORDER,Customer has multiple orders for SKU; match is ambiguous,,None,N,ambiguous,,A3009
TK-247787,1,FLAG_HIGH_REFUND_AMOUNT,"High single refund value of Rs 12,998.00",12998.0,RETURN-QC-OK,N,quoted_valid,VR890172,A3038
TK-241927,1,FLAG_GW_OVER_CAP,"GW-OTHER refund Rs 1,699.00 above stated Rs 500 goodwill threshold (review candidate requiring text/policy validation)",1699.0,GW-OTHER,N,quoted_valid,VR882039,A3017
TK-241931,1,FLAG_AMBIGUOUS_ORDER,Customer has multiple orders for SKU; match is ambiguous,,None,N,ambiguous,,A3011
TK-241932,1,FLAG_GW_OVER_CAP,"GW-OTHER refund Rs 1,000.00 above stated Rs 500 goodwill threshold (review candidate requiring text/policy validation)",1000.0,GW-OTHER,N,quoted_valid,VR899422,A3035
TK-241934,1,FLAG_GW_OVER_CAP,"GW-OTHER refund Rs 1,400.00 above stated Rs 500 goodwill threshold (review candidate requiring text/policy validation)",1400.0,GW-OTHER,N,quoted_valid,VR907010,A3036
TK-241940,1,FLAG_AMBIGUOUS_ORDER,Customer has multiple orders for SKU; match is ambiguous,,None,N,ambiguous,,A3030
TK-241942,1,FLAG_GW_OVER_CAP,"GW-OTHER refund Rs 1,999.00 above stated Rs 500 goodwill threshold (review candidate requiring text/policy validation)",1999.0,GW-OTHER,N,fallback_single,VR888335,A3017
TK-241951,1,FLAG_HIGH_REFUND_AMOUNT,"High single refund value of Rs 5,524.00",5524.0,RETURN-QC-OK,N,quoted_valid,VR906802,A3037
TK-241962,1,FLAG_GW_OVER_CAP,GW-OTHER refund Rs 750.00 above stated Rs 500 goodwill threshold (review candidate requiring text/policy validation),750.0,GW-OTHER,N,fallback_single,VR880866,A3015
TK-241975,1,FLAG_AMBIGUOUS_ORDER,Customer has multiple orders for SKU; match is ambiguous,,None,N,ambiguous,,A3017
TK-241977,1,FLAG_AMBIGUOUS_ORDER,Customer has multiple orders for SKU; match is ambiguous,,None,N,ambiguous,,A3011
TK-241786,1,FLAG_HIGH_REFUND_AMOUNT,"High single refund value of Rs 5,999.00",5999.0,DUP-PAYMENT,N,quoted_valid,VR908391,A3036
TK-247839,1,FLAG_AMBIGUOUS_ORDER,Customer has multiple orders for SKU; match is ambiguous,,None,N,ambiguous,,A3033
TK-247849,1,FLAG_GW_OVER_CAP,"GW-OTHER refund Rs 3,999.00 above stated Rs 500 goodwill threshold (review candidate requiring text/policy validation)",3999.0,GW-OTHER,N,quoted_valid,VR881176,A3033
TK-247866,1,FLAG_AMBIGUOUS_ORDER,Customer has multiple orders for SKU; match is ambiguous,,None,N,ambiguous,,A3012
TK-247867,1,FLAG_AMBIGUOUS_ORDER,Customer has multiple orders for SKU; match is ambiguous,472.0,RETURN-QC-OK,N,ambiguous,,A3036
TK-247895,1,FLAG_AMBIGUOUS_ORDER,Customer has multiple orders for SKU; match is ambiguous,3499.0,WTY-BUYBACK,N,ambiguous,,A3018
TK-248230,1,FLAG_GW_OVER_CAP,"GW-OTHER refund Rs 4,799.00 above stated Rs 500 goodwill threshold (review candidate requiring text/policy validation)",4799.0,GW-OTHER,N,quoted_valid,VR901068,A3036
TK-248235,1,FLAG_AMBIGUOUS_ORDER,Customer has multiple orders for SKU; match is ambiguous,,None,N,ambiguous,,A3034
TK-248255,1,FLAG_AMBIGUOUS_ORDER,Customer has multiple orders for SKU; match is ambiguous,,None,N,ambiguous,,A3039
TK-247981,1,FLAG_GW_OVER_CAP,"GW-OTHER refund Rs 4,999.00 above stated Rs 500 goodwill threshold (review candidate requiring text/policy validation)",4999.0,GW-OTHER,N,quoted_valid,VR885236,A3032
TK-248044,1,FLAG_HIGH_REFUND_AMOUNT,"High single refund value of Rs 6,499.00",6499.0,DUP-PAYMENT,N,fallback_single,VR888232,A3035
TK-248046,1,FLAG_AMBIGUOUS_ORDER,Customer has multiple orders for SKU; match is ambiguous,,None,N,ambiguous,,A3005
TK-248070,1,FLAG_GW_OVER_CAP,"GW-OTHER refund Rs 3,499.00 above stated Rs 500 goodwill threshold (review candidate requiring text/policy validation)",3499.0,GW-OTHER,N,quoted_valid,VR886122,A3038
TK-248084,1,FLAG_AMBIGUOUS_ORDER,Customer has multiple orders for SKU; match is ambiguous,,None,N,ambiguous,,A3011
TK-248087,1,FLAG_AMBIGUOUS_ORDER,Customer has multiple orders for SKU; match is ambiguous,,None,N,ambiguous,,A3004
TK-248102,1,FLAG_AMBIGUOUS_ORDER,Customer has multiple orders for SKU; match is ambiguous,,None,N,ambiguous,,A3044
TK-248103,1,FLAG_GW_OVER_CAP,GW-OTHER refund Rs 630.00 above stated Rs 500 goodwill threshold (review candidate requiring text/policy validation),630.0,GW-OTHER,N,quoted_valid,VR905641,A3035
TK-248104,1,FLAG_GW_OVER_CAP,GW-OTHER refund Rs 560.00 above stated Rs 500 goodwill threshold (review candidate requiring text/policy validation),560.0,GW-OTHER,N,quoted_valid,VR881337,A3015
TK-248126,1,FLAG_AMBIGUOUS_ORDER,Customer has multiple orders for SKU; match is ambiguous,,None,N,ambiguous,,A3018
TK-247828,1,FLAG_GW_OVER_CAP,"GW-OTHER refund Rs 1,104.00 above stated Rs 500 goodwill threshold (review candidate requiring text/policy validation)",1104.0,GW-OTHER,N,fallback_single,VR902893,A3026
TK-241885,1,FLAG_HIGH_REFUND_AMOUNT,"High single refund value of Rs 6,499.00",6499.0,DUP-PAYMENT,N,quoted_valid,VR907868,A3034
TK-241887,1,FLAG_AMBIGUOUS_ORDER,Customer has multiple orders for SKU; match is ambiguous,,None,N,ambiguous,,A3018
TK-241813,1,FLAG_AMBIGUOUS_ORDER,Customer has multiple orders for SKU; match is ambiguous,,None,N,ambiguous,,A3011
TK-241819,1,FLAG_HIGH_REFUND_AMOUNT,"High single refund value of Rs 6,999.00",6999.0,RETURN-QC-OK,N,fallback_single,VR906468,A3038
TK-241826,1,FLAG_GW_OVER_CAP,"GW-OTHER refund Rs 2,124.00 above stated Rs 500 goodwill threshold (review candidate requiring text/policy validation)",2124.0,GW-OTHER,N,quoted_valid,VR894241,A3038
TK-241833,1,FLAG_AMBIGUOUS_ORDER,Customer has multiple orders for SKU; match is ambiguous,,None,N,ambiguous,,A3011
TK-241840,1,FLAG_AMBIGUOUS_ORDER,Customer has multiple orders for SKU; match is ambiguous,,None,N,ambiguous,,A3022
TK-241851,1,FLAG_GW_OVER_CAP,"GW-OTHER refund Rs 1,699.00 above stated Rs 500 goodwill threshold (review candidate requiring text/policy validation)",1699.0,GW-OTHER,N,fallback_single,VR886953,A3038
TK-241869,1,FLAG_HIGH_REFUND_AMOUNT,"High single refund value of Rs 6,499.00",6499.0,DUP-PAYMENT,N,quoted_valid,VR909910,A3034
TK-248138,1,FLAG_GW_OVER_CAP,"GW-OTHER refund Rs 2,799.00 above stated Rs 500 goodwill threshold (review candidate requiring text/policy validation)",2799.0,GW-OTHER,N,quoted_valid,VR881337,A3014
TK-248141,1,FLAG_GW_OVER_CAP,"GW-OTHER refund Rs 3,499.00 above stated Rs 500 goodwill threshold (review candidate requiring text/policy validation)",3499.0,GW-OTHER,N,quoted_valid,VR882242,A3015
TK-248150,1,FLAG_AMBIGUOUS_ORDER,Customer has multiple orders for SKU; match is ambiguous,,None,N,ambiguous,,A3013
TK-248153,1,FLAG_AMBIGUOUS_ORDER,Customer has multiple orders for SKU; match is ambiguous,,None,N,ambiguous,,A3007
TK-248161,1,FLAG_GW_OVER_CAP,"GW-OTHER refund Rs 3,149.00 above stated Rs 500 goodwill threshold (review candidate requiring text/policy validation)",3149.0,GW-OTHER,N,quoted_valid,VR900228,A3032
TK-248166,1,FLAG_AMBIGUOUS_ORDER,Customer has multiple orders for SKU; match is ambiguous,,None,Y,ambiguous,,A3023
TK-248168,1,FLAG_HIGH_REFUND_AMOUNT,"High single refund value of Rs 6,174.00",6174.0,RETURN-QC-OK,N,quoted_valid,VR882290,A3037
TK-248170,1,FLAG_AMBIGUOUS_ORDER,Customer has multiple orders for SKU; match is ambiguous,,None,N,ambiguous,,A3030
TK-248190,1,FLAG_GW_OVER_CAP,"GW-OTHER refund Rs 3,149.00 above stated Rs 500 goodwill threshold (review candidate requiring text/policy validation)",3149.0,GW-OTHER,N,quoted_valid,VR903100,A3032
TK-248267,1,FLAG_HIGH_REFUND_AMOUNT,"High single refund value of Rs 6,649.00",6649.0,WTY-BUYBACK,N,quoted_valid,VR898351,A3021
TK-248270,1,FLAG_GW_OVER_CAP,"GW-OTHER refund Rs 3,324.00 above stated Rs 500 goodwill threshold (review candidate requiring text/policy validation)",3324.0,GW-OTHER,N,quoted_valid,VR909099,A3035
TK-248303,1,FLAG_AMBIGUOUS_ORDER,Customer has multiple orders for SKU; match is ambiguous,,None,N,ambiguous,,A3026
TK-248319,1,FLAG_REFUND_AND_REPLACEMENT,"Both refund Rs 3,324.00 and replacement unit issued",3324.0,WTY-BUYBACK,Y,quoted_valid,VR903670,A3007
TK-248322,1,FLAG_GW_OVER_CAP,"GW-OTHER refund Rs 1,709.00 above stated Rs 500 goodwill threshold (review candidate requiring text/policy validation)",1709.0,GW-OTHER,N,fallback_single,VR895706,A3033
TK-248327,1,FLAG_GW_OVER_CAP,"GW-OTHER refund Rs 2,974.00 above stated Rs 500 goodwill threshold (review candidate requiring text/policy validation)",2974.0,GW-OTHER,N,quoted_valid,VR881307,A3027
TK-248343,1,FLAG_AMBIGUOUS_ORDER,Customer has multiple orders for SKU; match is ambiguous,,None,N,ambiguous,,A3028
TK-248345,1,FLAG_GW_OVER_CAP,"GW-OTHER refund Rs 1,709.00 above stated Rs 500 goodwill threshold (review candidate requiring text/policy validation)",1709.0,GW-OTHER,N,fallback_single,VR881714,A3009
TK-248351,1,FLAG_AMBIGUOUS_ORDER,Customer has multiple orders for SKU; match is ambiguous,,None,N,ambiguous,,A3029
TK-248355,1,FLAG_AMBIGUOUS_ORDER,Customer has multiple orders for SKU; match is ambiguous,,None,N,ambiguous,,A3029
TK-248361,1,FLAG_AMBIGUOUS_ORDER,Customer has multiple orders for SKU; match is ambiguous,,None,Y,ambiguous,,A3013
TK-248393,1,FLAG_AMBIGUOUS_ORDER,Customer has multiple orders for SKU; match is ambiguous,,None,N,ambiguous,,A3032
TK-248132,1,FLAG_HIGH_REFUND_AMOUNT,"High single refund value of Rs 6,174.00",6174.0,RETURN-QC-OK,N,quoted_valid,VR882775,A3036
TK-241796,1,FLAG_GW_OVER_CAP,"GW-OTHER refund Rs 1,439.00 above stated Rs 500 goodwill threshold (review candidate requiring text/policy validation)",1439.0,GW-OTHER,N,fallback_single,VR890696,A3018
TK-241800,1,FLAG_HIGH_REFUND_AMOUNT,"High single refund value of Rs 5,199.00",5199.0,WTY-BUYBACK,N,quoted_valid,VR882212,A3026
TK-241806,1,FLAG_REFUND_AND_REPLACEMENT,"Both refund Rs 3,598.00 and replacement unit issued",3598.0,DOA-REPL,Y,quoted_valid,VR888266,A3016
TK-248611,1,FLAG_HIGH_REFUND_AMOUNT,"High single refund value of Rs 5,199.00",5199.0,DUP-PAYMENT,N,quoted_valid,VR885278,A3035
TK-248620,1,FLAG_AMBIGUOUS_ORDER,Customer has multiple orders for SKU; match is ambiguous,,None,N,ambiguous,,A3030
TK-248399,1,FLAG_AMBIGUOUS_ORDER,Customer has multiple orders for SKU; match is ambiguous,560.0,DUP-PAYMENT,N,ambiguous,,A3005
TK-248400,1,FLAG_AMBIGUOUS_ORDER,Customer has multiple orders for SKU; match is ambiguous,,None,Y,ambiguous,,A3039
TK-248409,1,FLAG_AMBIGUOUS_ORDER,Customer has multiple orders for SKU; match is ambiguous,1299.0,LOST-TRANSIT,N,ambiguous,,A3028
TK-248413,1,FLAG_REFUND_AND_REPLACEMENT,"Both refund Rs 3,499.00 and replacement unit issued",3499.0,DOA-REPL,Y,fallback_single,VR894616,A3029
TK-248418,1,FLAG_GW_OVER_CAP,"GW-OTHER refund Rs 1,104.00 above stated Rs 500 goodwill threshold (review candidate requiring text/policy validation)",1104.0,GW-OTHER,N,fallback_single,VR909585,A3037
TK-248431,1,FLAG_AMBIGUOUS_ORDER,Customer has multiple orders for SKU; match is ambiguous,,None,N,ambiguous,,A3031
TK-248448,1,FLAG_AMBIGUOUS_ORDER,Customer has multiple orders for SKU; match is ambiguous,,None,N,ambiguous,,A3004
TK-248463,1,FLAG_HIGH_REFUND_AMOUNT,"High single refund value of Rs 11,198.00",11198.0,CANCEL,N,quoted_valid,VR883550,A3028
TK-248477,1,FLAG_AMBIGUOUS_ORDER,Customer has multiple orders for SKU; match is ambiguous,,None,N,ambiguous,,A3005
TK-248481,1,FLAG_GW_OVER_CAP,"GW-OTHER refund Rs 1,439.00 above stated Rs 500 goodwill threshold (review candidate requiring text/policy validation)",1439.0,GW-OTHER,N,quoted_valid,VR899445,A3036
TK-248485,1,FLAG_AMBIGUOUS_ORDER,Customer has multiple orders for SKU; match is ambiguous,350.0,GW-OTHER,N,ambiguous,,A3033
TK-248491,1,FLAG_AMBIGUOUS_ORDER,Customer has multiple orders for SKU; match is ambiguous,,None,N,ambiguous,,A3023
TK-248496,1,FLAG_AMBIGUOUS_ORDER,Customer has multiple orders for SKU; match is ambiguous,,None,Y,ambiguous,,A3027
TK-248509,1,FLAG_AMBIGUOUS_ORDER,Customer has multiple orders for SKU; match is ambiguous,,None,N,ambiguous,,A3012
TK-248718,1,FLAG_AMBIGUOUS_ORDER,Customer has multiple orders for SKU; match is ambiguous,,None,N,ambiguous,,A3006
TK-248722,1,FLAG_AMBIGUOUS_ORDER,Customer has multiple orders for SKU; match is ambiguous,,None,N,ambiguous,,A3025
TK-248728,1,FLAG_AMBIGUOUS_ORDER,Customer has multiple orders for SKU; match is ambiguous,,None,N,ambiguous,,A3026
TK-248744,1,FLAG_GW_OVER_CAP,GW-OTHER refund Rs 525.00 above stated Rs 500 goodwill threshold (review candidate requiring text/policy validation),525.0,GW-OTHER,N,fallback_single,VR895238,A3016
TK-248753,1,FLAG_GW_OVER_CAP,"GW-OTHER refund Rs 3,499.00 above stated Rs 500 goodwill threshold (review candidate requiring text/policy validation)",3499.0,GW-OTHER,N,fallback_single,VR899499,A3011
TK-248525,1,FLAG_GW_OVER_CAP,"GW-OTHER refund Rs 3,499.00 above stated Rs 500 goodwill threshold (review candidate requiring text/policy validation)",3499.0,GW-OTHER,N,quoted_valid,VR894438,A3022
TK-248529,1,FLAG_AMBIGUOUS_ORDER,Customer has multiple orders for SKU; match is ambiguous,,None,N,ambiguous,,A3006
TK-248537,1,FLAG_GW_OVER_CAP,"GW-OTHER refund Rs 3,499.00 above stated Rs 500 goodwill threshold (review candidate requiring text/policy validation)",3499.0,GW-OTHER,N,fallback_single,VR907014,A3035
TK-248551,1,FLAG_AMBIGUOUS_ORDER,Customer has multiple orders for SKU; match is ambiguous,,None,N,ambiguous,,A3026
TK-248555,1,FLAG_AMBIGUOUS_ORDER,Customer has multiple orders for SKU; match is ambiguous,,None,N,ambiguous,,A3003
TK-248563,1,FLAG_GW_OVER_CAP,"GW-OTHER refund Rs 3,149.00 above stated Rs 500 goodwill threshold (review candidate requiring text/policy validation)",3149.0,GW-OTHER,N,quoted_valid,VR901048,A3037
TK-248569,1,FLAG_GW_OVER_CAP,"GW-OTHER refund Rs 1,662.00 above stated Rs 500 goodwill threshold (review candidate requiring text/policy validation)",1662.0,GW-OTHER,N,quoted_valid,VR908521,A3038
TK-248575,1,FLAG_GW_OVER_CAP,"GW-OTHER refund Rs 1,799.00 above stated Rs 500 goodwill threshold (review candidate requiring text/policy validation)",1799.0,GW-OTHER,N,quoted_valid,VR886265,A3035
TK-248586,1,FLAG_AMBIGUOUS_ORDER,Customer has multiple orders for SKU; match is ambiguous,,None,N,ambiguous,,A3032
TK-248596,1,FLAG_HIGH_REFUND_AMOUNT,"High single refund value of Rs 6,299.00",6299.0,DOA-REPL,N,quoted_valid,VR890445,A3003
TK-248605,1,FLAG_GW_OVER_CAP,"GW-OTHER refund Rs 1,699.00 above stated Rs 500 goodwill threshold (review candidate requiring text/policy validation)",1699.0,GW-OTHER,N,quoted_valid,VR901391,A3035
TK-248794,1,FLAG_GW_OVER_CAP,"GW-OTHER refund Rs 1,499.00 above stated Rs 500 goodwill threshold (review candidate requiring text/policy validation)",1499.0,GW-OTHER,N,quoted_valid,VR905052,A3037
TK-248803,1,FLAG_GW_OVER_CAP,GW-OTHER refund Rs 926.00 above stated Rs 500 goodwill threshold (review candidate requiring text/policy validation),926.0,GW-OTHER,N,fallback_single,VR899547,A3036
TK-248810,1,FLAG_HIGH_REFUND_AMOUNT,"High single refund value of Rs 6,499.00",6499.0,PRICE-ADJ,N,quoted_valid,VR894861,A3032
TK-248814,1,FLAG_AMBIGUOUS_ORDER,Customer has multiple orders for SKU; match is ambiguous,4249.0,RETURN-QC-OK,N,ambiguous,,A3037
TK-248821,1,FLAG_GW_OVER_CAP,"GW-OTHER refund Rs 2,499.00 above stated Rs 500 goodwill threshold (review candidate requiring text/policy validation)",2499.0,GW-OTHER,N,quoted_valid,VR899197,A3033
TK-248630,1,FLAG_HIGH_REFUND_AMOUNT,"High single refund value of Rs 6,174.00",6174.0,CANCEL,N,quoted_valid,VR881752,A3034
TK-248637,1,FLAG_AMBIGUOUS_ORDER,Customer has multiple orders for SKU; match is ambiguous,,None,N,ambiguous,,A3030
TK-248640,1,FLAG_HIGH_REFUND_AMOUNT,"High single refund value of Rs 6,174.00",6174.0,RETURN-QC-OK,N,quoted_valid,VR882775,A3028
TK-248644,1,FLAG_AMBIGUOUS_ORDER,Customer has multiple orders for SKU; match is ambiguous,,None,N,ambiguous,,A3016
TK-248651,1,FLAG_GW_OVER_CAP,"GW-OTHER refund Rs 2,124.00 above stated Rs 500 goodwill threshold (review candidate requiring text/policy validation)",2124.0,GW-OTHER,N,fallback_single,VR906838,A3037
TK-248652,1,FLAG_GW_OVER_CAP,GW-OTHER refund Rs 700.00 above stated Rs 500 goodwill threshold (review candidate requiring text/policy validation),700.0,GW-OTHER,N,quoted_valid,VR884439,A3037
TK-248654,1,FLAG_AMBIGUOUS_ORDER,Customer has multiple orders for SKU; match is ambiguous,,None,N,ambiguous,,A3022
TK-248677,1,FLAG_AMBIGUOUS_ORDER,Customer has multiple orders for SKU; match is ambiguous,,None,Y,ambiguous,,A3001
TK-248701,1,FLAG_GW_OVER_CAP,"GW-OTHER refund Rs 2,799.00 above stated Rs 500 goodwill threshold (review candidate requiring text/policy validation)",2799.0,GW-OTHER,N,quoted_valid,VR893246,A3036
TK-248705,1,FLAG_GW_OVER_CAP,"GW-OTHER refund Rs 2,499.00 above stated Rs 500 goodwill threshold (review candidate requiring text/policy validation)",2499.0,GW-OTHER,N,fallback_single,VR893763,A3030
TK-248716,1,FLAG_HIGH_REFUND_AMOUNT,"High single refund value of Rs 12,998.00",12998.0,CANCEL,N,quoted_valid,VR899595,A3018
TK-248945,1,FLAG_GW_OVER_CAP,"GW-OTHER refund Rs 4,249.00 above stated Rs 500 goodwill threshold (review candidate requiring text/policy validation)",4249.0,GW-OTHER,N,quoted_valid,VR906555,A3009
TK-248946,1,FLAG_AMBIGUOUS_ORDER,Customer has multiple orders for SKU; match is ambiguous,,None,N,ambiguous,,A3015
TK-248950,1,FLAG_GW_OVER_CAP,GW-OTHER refund Rs 560.00 above stated Rs 500 goodwill threshold (review candidate requiring text/policy validation),560.0,GW-OTHER,N,quoted_valid,VR883801,A3035
TK-248967,1,FLAG_HIGH_REFUND_AMOUNT,"High single refund value of Rs 6,998.00",6998.0,DOA-REPL,N,quoted_valid,VR898614,A3028
TK-248974,1,FLAG_REFUND_AND_REPLACEMENT,"Both refund Rs 3,499.00 and replacement unit issued",3499.0,WTY-BUYBACK,Y,quoted_valid,VR904464,A3003
TK-248991,1,FLAG_GW_OVER_CAP,"GW-OTHER refund Rs 1,000.00 above stated Rs 500 goodwill threshold (review candidate requiring text/policy validation)",1000.0,GW-OTHER,N,quoted_valid,VR902991,A3034
TK-248997,1,FLAG_GW_OVER_CAP,"GW-OTHER refund Rs 3,499.00 above stated Rs 500 goodwill threshold (review candidate requiring text/policy validation)",3499.0,GW-OTHER,N,fallback_single,VR907503,A3003
TK-248754,1,FLAG_AMBIGUOUS_ORDER,Customer has multiple orders for SKU; match is ambiguous,,None,N,ambiguous,,A3039
TK-248757,1,FLAG_GW_OVER_CAP,"GW-OTHER refund Rs 3,499.00 above stated Rs 500 goodwill threshold (review candidate requiring text/policy validation)",3499.0,GW-OTHER,N,quoted_valid,VR908970,A3011
TK-248758,1,FLAG_HIGH_REFUND_AMOUNT,"High single refund value of Rs 5,599.00",5599.0,DUP-PAYMENT,N,quoted_valid,VR896620,A3017
TK-248761,1,FLAG_HIGH_REFUND_AMOUNT,"High single refund value of Rs 6,998.00",6998.0,RETURN-QC-OK,N,fallback_single,VR884105,A3036
TK-248766,1,FLAG_AMBIGUOUS_ORDER,Customer has multiple orders for SKU; match is ambiguous,,None,N,ambiguous,,A3005
TK-248777,1,FLAG_AMBIGUOUS_ORDER,Customer has multiple orders for SKU; match is ambiguous,,None,N,ambiguous,,A3015
TK-248779,1,FLAG_HIGH_REFUND_AMOUNT,"High single refund value of Rs 5,199.00",5199.0,DUP-PAYMENT,N,fallback_single,VR880022,A3002
TK-248781,1,FLAG_AMBIGUOUS_ORDER,Customer has multiple orders for SKU; match is ambiguous,,None,N,ambiguous,,A3028
TK-248782,1,FLAG_GW_OVER_CAP,"GW-OTHER refund Rs 3,149.00 above stated Rs 500 goodwill threshold (review candidate requiring text/policy validation)",3149.0,GW-OTHER,N,fallback_single,VR904651,A3018
TK-249092,1,FLAG_GW_OVER_CAP,"GW-OTHER refund Rs 3,499.00 above stated Rs 500 goodwill threshold (review candidate requiring text/policy validation)",3499.0,GW-OTHER,N,quoted_valid,VR883713,A3030
TK-249094,1,FLAG_AMBIGUOUS_ORDER,Customer has multiple orders for SKU; match is ambiguous,,None,N,ambiguous,,A3026
TK-249095,1,FLAG_HIGH_REFUND_AMOUNT,"High single refund value of Rs 5,699.00",5699.0,RETURN-QC-OK,N,quoted_valid,VR906363,A3036
TK-249108,1,FLAG_AMBIGUOUS_ORDER,Customer has multiple orders for SKU; match is ambiguous,,None,N,ambiguous,,A3014
TK-249110,1,FLAG_HIGH_REFUND_AMOUNT,"High single refund value of Rs 5,524.00",5524.0,DUP-PAYMENT,N,fallback_single,VR889848,A3032
TK-249122,1,FLAG_HIGH_REFUND_AMOUNT,"High single refund value of Rs 6,499.00",6499.0,RETURN-QC-OK,N,fallback_single,VR888787,A3036
TK-249130,1,FLAG_GW_OVER_CAP,"GW-OTHER refund Rs 2,499.00 above stated Rs 500 goodwill threshold (review candidate requiring text/policy validation)",2499.0,GW-OTHER,N,quoted_valid,VR898468,A3004
TK-249134,1,FLAG_GW_OVER_CAP,"GW-OTHER refund Rs 2,799.00 above stated Rs 500 goodwill threshold (review candidate requiring text/policy validation)",2799.0,GW-OTHER,N,quoted_valid,VR882000,A3027
TK-249147,1,FLAG_GW_OVER_CAP,GW-OTHER refund Rs 700.00 above stated Rs 500 goodwill threshold (review candidate requiring text/policy validation),700.0,GW-OTHER,N,quoted_valid,VR898498,A3013
TK-249160,1,FLAG_AMBIGUOUS_ORDER,Customer has multiple orders for SKU; match is ambiguous,,None,N,ambiguous,,A3018
TK-248839,1,FLAG_REFUND_AND_REPLACEMENT,"Both refund Rs 3,149.00 and replacement unit issued",3149.0,WTY-BUYBACK,Y,fallback_single,VR904172,A3018
TK-248849,1,FLAG_GW_OVER_CAP,"GW-OTHER refund Rs 3,499.00 above stated Rs 500 goodwill threshold (review candidate requiring text/policy validation)",3499.0,GW-OTHER,N,quoted_valid,VR891083,A3031
TK-248857,1,FLAG_AMBIGUOUS_ORDER,Customer has multiple orders for SKU; match is ambiguous,,None,N,ambiguous,,A3037
TK-248890,1,FLAG_AMBIGUOUS_ORDER,Customer has multiple orders for SKU; match is ambiguous,,None,N,ambiguous,,A3014
TK-248910,1,FLAG_AMBIGUOUS_ORDER,Customer has multiple orders for SKU; match is ambiguous,,None,N,ambiguous,,A3013
TK-248916,1,FLAG_GW_OVER_CAP,"GW-OTHER refund Rs 1,299.00 above stated Rs 500 goodwill threshold (review candidate requiring text/policy validation)",1299.0,GW-OTHER,N,fallback_single,VR883208,A3018
TK-241576,1,FLAG_AMBIGUOUS_ORDER,Customer has multiple orders for SKU; match is ambiguous,,None,N,ambiguous,,A3018
TK-241634,1,FLAG_AMBIGUOUS_ORDER,Customer has multiple orders for SKU; match is ambiguous,1439.0,RETURN-QC-OK,N,ambiguous,,A3030
TK-241675,1,FLAG_GW_OVER_CAP,"GW-OTHER refund Rs 1,799.00 above stated Rs 500 goodwill threshold (review candidate requiring text/policy validation)",1799.0,GW-OTHER,N,fallback_single,VR882766,A3005
TK-241676,1,FLAG_GW_OVER_CAP,"GW-OTHER refund Rs 1,300.00 above stated Rs 500 goodwill threshold (review candidate requiring text/policy validation)",1300.0,GW-OTHER,N,quoted_valid,VR908044,A3036
TK-241688,1,FLAG_REFUND_AND_REPLACEMENT,"Both refund Rs 1,799.00 and replacement unit issued",1799.0,DOA-REPL,Y,quoted_valid,VR898470,A3013
TK-241703,1,FLAG_HIGH_REFUND_AMOUNT,"High single refund value of Rs 13,298.00",13298.0,DUP-PAYMENT,N,fallback_single,VR909072,A3035
TK-241705,1,FLAG_GW_OVER_CAP,"GW-OTHER refund Rs 1,709.00 above stated Rs 500 goodwill threshold (review candidate requiring text/policy validation)",1709.0,GW-OTHER,N,quoted_valid,VR899587,A3036
TK-241735,1,FLAG_GW_OVER_CAP,"GW-OTHER refund Rs 3,998.00 above stated Rs 500 goodwill threshold (review candidate requiring text/policy validation)",3998.0,GW-OTHER,N,fallback_single,VR880634,A3034
TK-241749,1,FLAG_GW_OVER_CAP,"GW-OTHER refund Rs 2,249.00 above stated Rs 500 goodwill threshold (review candidate requiring text/policy validation)",2249.0,GW-OTHER,N,quoted_valid,VR900822,A3026
TK-241768,1,FLAG_GW_OVER_CAP,"GW-OTHER refund Rs 1,799.00 above stated Rs 500 goodwill threshold (review candidate requiring text/policy validation)",1799.0,GW-OTHER,N,quoted_valid,VR880409,A3036
TK-241773,1,FLAG_AMBIGUOUS_ORDER,Customer has multiple orders for SKU; match is ambiguous,,None,Y,ambiguous,,A3011
TK-241775,1,FLAG_GW_OVER_CAP,GW-OTHER refund Rs 750.00 above stated Rs 500 goodwill threshold (review candidate requiring text/policy validation),750.0,GW-OTHER,N,fallback_single,VR896668,A3035
TK-241391,1,FLAG_GW_OVER_CAP,"GW-OTHER refund Rs 1,799.00 above stated Rs 500 goodwill threshold (review candidate requiring text/policy validation)",1799.0,GW-OTHER,N,fallback_single,VR895819,A3020
TK-249009,1,FLAG_GW_OVER_CAP,"GW-OTHER refund Rs 1,699.00 above stated Rs 500 goodwill threshold (review candidate requiring text/policy validation)",1699.0,GW-OTHER,N,fallback_single,VR896915,A3036
TK-249033,1,FLAG_GW_OVER_CAP,GW-OTHER refund Rs 945.00 above stated Rs 500 goodwill threshold (review candidate requiring text/policy validation),945.0,GW-OTHER,N,quoted_valid,VR887308,A3036
TK-249055,1,FLAG_AMBIGUOUS_ORDER,Customer has multiple orders for SKU; match is ambiguous,,None,N,ambiguous,,A3024
TK-249338,1,FLAG_GW_OVER_CAP,"GW-OTHER refund Rs 2,499.00 above stated Rs 500 goodwill threshold (review candidate requiring text/policy validation)",2499.0,GW-OTHER,N,quoted_valid,VR896636,A3033
TK-249348,1,FLAG_AMBIGUOUS_ORDER,Customer has multiple orders for SKU; match is ambiguous,1299.0,CANCEL,N,ambiguous,,A3014
TK-249358,1,FLAG_REFUND_AND_REPLACEMENT,"Both refund Rs 1,999.00 and replacement unit issued",1999.0,DOA-REPL,Y,quoted_valid,VR899322,A3005
TK-249389,1,FLAG_HIGH_REFUND_AMOUNT,"High single refund value of Rs 6,648.00",6648.0,RETURN-QC-OK,N,quoted_valid,VR897925,A3035
TK-249391,1,FLAG_AMBIGUOUS_ORDER,Customer has multiple orders for SKU; match is ambiguous,,None,N,ambiguous,,A3030
TK-249403,1,FLAG_AMBIGUOUS_ORDER,Customer has multiple orders for SKU; match is ambiguous,,None,N,ambiguous,,A3002
TK-249173,1,FLAG_AMBIGUOUS_ORDER,Customer has multiple orders for SKU; match is ambiguous,,None,N,ambiguous,,A3001
TK-249189,1,FLAG_AMBIGUOUS_ORDER,Customer has multiple orders for SKU; match is ambiguous,,None,N,ambiguous,,A3030
TK-249196,1,FLAG_GW_OVER_CAP,"GW-OTHER refund Rs 4,999.00 above stated Rs 500 goodwill threshold (review candidate requiring text/policy validation)",4999.0,GW-OTHER,N,fallback_single,VR884228,A3035
TK-249198,1,FLAG_GW_OVER_CAP,"GW-OTHER refund Rs 2,499.00 above stated Rs 500 goodwill threshold (review candidate requiring text/policy validation)",2499.0,GW-OTHER,N,quoted_valid,VR895401,A3027
TK-249217,1,FLAG_GW_OVER_CAP,"GW-OTHER refund Rs 1,104.00 above stated Rs 500 goodwill threshold (review candidate requiring text/policy validation)",1104.0,GW-OTHER,N,quoted_valid,VR901137,A3035
TK-249228,1,FLAG_GW_OVER_CAP,"GW-OTHER refund Rs 2,799.00 above stated Rs 500 goodwill threshold (review candidate requiring text/policy validation)",2799.0,GW-OTHER,N,quoted_valid,VR883801,A3038
TK-249251,1,FLAG_AMBIGUOUS_ORDER,Customer has multiple orders for SKU; match is ambiguous,,None,N,ambiguous,,A3032
TK-249254,1,FLAG_AMBIGUOUS_ORDER,Customer has multiple orders for SKU; match is ambiguous,,None,N,ambiguous,,A3033
TK-249272,1,FLAG_AMBIGUOUS_ORDER,Customer has multiple orders for SKU; match is ambiguous,,None,N,ambiguous,,A3029
TK-249005,1,FLAG_AMBIGUOUS_ORDER,Customer has multiple orders for SKU; match is ambiguous,,None,N,ambiguous,,A3011
TK-249427,1,FLAG_GW_OVER_CAP,"GW-OTHER refund Rs 3,149.00 above stated Rs 500 goodwill threshold (review candidate requiring text/policy validation)",3149.0,GW-OTHER,N,quoted_valid,VR905641,A3012
TK-249485,1,FLAG_AMBIGUOUS_ORDER,Customer has multiple orders for SKU; match is ambiguous,,None,N,ambiguous,,A3023
TK-249488,1,FLAG_GW_OVER_CAP,"GW-OTHER refund Rs 3,499.00 above stated Rs 500 goodwill threshold (review candidate requiring text/policy validation)",3499.0,GW-OTHER,N,quoted_valid,VR888054,A3006
TK-249490,1,FLAG_GW_OVER_CAP,"GW-OTHER refund Rs 2,974.00 above stated Rs 500 goodwill threshold (review candidate requiring text/policy validation)",2974.0,GW-OTHER,N,quoted_valid,VR897172,A3037
TK-249492,1,FLAG_AMBIGUOUS_ORDER,Customer has multiple orders for SKU; match is ambiguous,,None,N,ambiguous,,A3013
TK-249501,1,FLAG_GW_OVER_CAP,GW-OTHER refund Rs 540.00 above stated Rs 500 goodwill threshold (review candidate requiring text/policy validation),540.0,GW-OTHER,N,quoted_valid,VR889406,A3033
TK-249502,1,FLAG_AMBIGUOUS_ORDER,Customer has multiple orders for SKU; match is ambiguous,,None,N,ambiguous,,A3029
TK-249518,1,FLAG_AMBIGUOUS_ORDER,Customer has multiple orders for SKU; match is ambiguous,,None,N,ambiguous,,A3027
TK-249522,1,FLAG_AMBIGUOUS_ORDER,Customer has multiple orders for SKU; match is ambiguous,3499.0,CANCEL,N,ambiguous,,A3013
TK-249287,1,FLAG_AMBIGUOUS_ORDER,Customer has multiple orders for SKU; match is ambiguous,,None,N,ambiguous,,A3005
TK-249291,1,FLAG_GW_OVER_CAP,"GW-OTHER refund Rs 1,400.00 above stated Rs 500 goodwill threshold (review candidate requiring text/policy validation)",1400.0,GW-OTHER,N,fallback_single,VR900355,A3016
TK-249292,1,FLAG_AMBIGUOUS_ORDER,Customer has multiple orders for SKU; match is ambiguous,,None,N,ambiguous,,A3030
TK-249301,1,FLAG_AMBIGUOUS_ORDER,Customer has multiple orders for SKU; match is ambiguous,,None,Y,ambiguous,,A3016
TK-249305,1,FLAG_AMBIGUOUS_ORDER,Customer has multiple orders for SKU; match is ambiguous,,None,N,ambiguous,,A3006
TK-249319,1,FLAG_AMBIGUOUS_ORDER,Customer has multiple orders for SKU; match is ambiguous,4999.0,DUP-PAYMENT,N,ambiguous,,A3032
TK-249324,1,FLAG_GW_OVER_CAP,"GW-OTHER refund Rs 1,699.00 above stated Rs 500 goodwill threshold (review candidate requiring text/policy validation)",1699.0,GW-OTHER,N,quoted_valid,VR903336,A3021
TK-249566,1,FLAG_GW_OVER_CAP,"GW-OTHER refund Rs 3,324.00 above stated Rs 500 goodwill threshold (review candidate requiring text/policy validation)",3324.0,GW-OTHER,N,quoted_valid,VR889228,A3036
TK-249572,1,FLAG_GW_OVER_CAP,"GW-OTHER refund Rs 1,619.00 above stated Rs 500 goodwill threshold (review candidate requiring text/policy validation)",1619.0,GW-OTHER,N,quoted_valid,VR890171,A3035
TK-249573,1,FLAG_AMBIGUOUS_ORDER,Customer has multiple orders for SKU; match is ambiguous,,None,N,ambiguous,,A3008
TK-249579,1,FLAG_AMBIGUOUS_ORDER,Customer has multiple orders for SKU; match is ambiguous,,None,N,ambiguous,,A3018
TK-249584,1,FLAG_AMBIGUOUS_ORDER,Customer has multiple orders for SKU; match is ambiguous,,None,N,ambiguous,,A3017
TK-249585,1,FLAG_GW_OVER_CAP,GW-OTHER refund Rs 520.00 above stated Rs 500 goodwill threshold (review candidate requiring text/policy validation),520.0,GW-OTHER,N,quoted_valid,VR888532,A3038
TK-249592,1,FLAG_HIGH_REFUND_AMOUNT,"High single refund value of Rs 6,499.00",6499.0,DUP-PAYMENT,N,quoted_valid,VR881733,A3032
TK-249608,1,FLAG_AMBIGUOUS_ORDER,Customer has multiple orders for SKU; match is ambiguous,,None,N,ambiguous,,A3039
TK-249630,1,FLAG_GW_OVER_CAP,"GW-OTHER refund Rs 2,499.00 above stated Rs 500 goodwill threshold (review candidate requiring text/policy validation)",2499.0,GW-OTHER,N,quoted_valid,VR904809,A3037
TK-249652,1,FLAG_HIGH_REFUND_AMOUNT,"High single refund value of Rs 5,524.00",5524.0,DUP-PAYMENT,N,fallback_single,VR894534,A3026
TK-249678,1,FLAG_AMBIGUOUS_ORDER,Customer has multiple orders for SKU; match is ambiguous,,None,N,ambiguous,,A3011
TK-249404,1,FLAG_HIGH_REFUND_AMOUNT,"High single refund value of Rs 5,599.00",5599.0,DUP-PAYMENT,N,fallback_single,VR906416,A3034
TK-249405,1,FLAG_AMBIGUOUS_ORDER,Customer has multiple orders for SKU; match is ambiguous,3324.0,DUP-PAYMENT,N,ambiguous,,A3034
TK-249415,1,FLAG_HIGH_REFUND_AMOUNT,"High single refund value of Rs 6,998.00",6998.0,DUP-PAYMENT,N,fallback_single,VR907272,A3032
TK-249418,1,FLAG_AMBIGUOUS_ORDER,Customer has multiple orders for SKU; match is ambiguous,475.0,GW-OTHER,N,ambiguous,,A3033
TK-249424,1,FLAG_AMBIGUOUS_ORDER,Customer has multiple orders for SKU; match is ambiguous,,None,N,ambiguous,,A3034
TK-241398,1,FLAG_GW_OVER_CAP,GW-OTHER refund Rs 600.00 above stated Rs 500 goodwill threshold (review candidate requiring text/policy validation),600.0,GW-OTHER,N,quoted_valid,VR893301,A3018
TK-241437,1,FLAG_HIGH_REFUND_AMOUNT,"High single refund value of Rs 5,399.00",5399.0,CANCEL,N,fallback_single,VR903273,A3017
TK-241439,1,FLAG_AMBIGUOUS_ORDER,Customer has multiple orders for SKU; match is ambiguous,,None,N,ambiguous,,A3011
TK-241445,1,FLAG_HIGH_REFUND_AMOUNT,"High single refund value of Rs 5,524.00",5524.0,RETURN-QC-OK,N,quoted_valid,VR884326,A3037
TK-241448,1,FLAG_AMBIGUOUS_ORDER,Customer has multiple orders for SKU; match is ambiguous,,None,N,ambiguous,,A3019
TK-241452,1,FLAG_HIGH_REFUND_AMOUNT,"High single refund value of Rs 5,199.00",5199.0,WTY-BUYBACK,N,fallback_single,VR882212,A3044
TK-241464,1,FLAG_AMBIGUOUS_ORDER,Customer has multiple orders for SKU; match is ambiguous,,None,N,ambiguous,,A3007
TK-241473,1,FLAG_AMBIGUOUS_ORDER,Customer has multiple orders for SKU; match is ambiguous,,None,N,ambiguous,,A3018
TK-241475,1,FLAG_REFUND_AND_REPLACEMENT,"Both refund Rs 2,374.00 and replacement unit issued",2374.0,WTY-BUYBACK,Y,quoted_valid,VR883108,A3028
TK-241493,1,FLAG_HIGH_REFUND_AMOUNT,"High single refund value of Rs 5,599.00",5599.0,RETURN-QC-OK,N,fallback_single,VR896925,A3036
TK-241540,1,FLAG_GW_OVER_CAP,"GW-OTHER refund Rs 2,249.00 above stated Rs 500 goodwill threshold (review candidate requiring text/policy validation)",2249.0,GW-OTHER,N,quoted_valid,VR904456,A3038
TK-241559,1,FLAG_GW_OVER_CAP,GW-OTHER refund Rs 800.00 above stated Rs 500 goodwill threshold (review candidate requiring text/policy validation),800.0,GW-OTHER,N,fallback_single,VR882713,A3031
TK-241223,1,FLAG_AMBIGUOUS_ORDER,Customer has multiple orders for SKU; match is ambiguous,,None,N,ambiguous,,A3002
TK-249530,1,FLAG_GW_OVER_CAP,"GW-OTHER refund Rs 2,799.00 above stated Rs 500 goodwill threshold (review candidate requiring text/policy validation)",2799.0,GW-OTHER,N,quoted_valid,VR883614,A3034
TK-249537,1,FLAG_GW_OVER_CAP,"GW-OTHER refund Rs 2,374.00 above stated Rs 500 goodwill threshold (review candidate requiring text/policy validation)",2374.0,GW-OTHER,N,fallback_single,VR903615,A3026
TK-249557,1,FLAG_AMBIGUOUS_ORDER,Customer has multiple orders for SKU; match is ambiguous,,None,N,ambiguous,,A3007
TK-249870,1,FLAG_AMBIGUOUS_ORDER,Customer has multiple orders for SKU; match is ambiguous,,None,N,ambiguous,,A3004
TK-249872,1,FLAG_GW_OVER_CAP,"GW-OTHER refund Rs 2,499.00 above stated Rs 500 goodwill threshold (review candidate requiring text/policy validation)",2499.0,GW-OTHER,N,quoted_valid,VR908804,A3036
TK-249690,1,FLAG_AMBIGUOUS_ORDER,Customer has multiple orders for SKU; match is ambiguous,,None,N,ambiguous,,A3008
TK-249692,1,FLAG_AMBIGUOUS_ORDER,Customer has multiple orders for SKU; match is ambiguous,,None,N,ambiguous,,A3007
TK-249693,1,FLAG_AMBIGUOUS_ORDER,Customer has multiple orders for SKU; match is ambiguous,,None,N,ambiguous,,A3012
TK-249695,1,FLAG_AMBIGUOUS_ORDER,Customer has multiple orders for SKU; match is ambiguous,,None,N,ambiguous,,A3018
TK-249713,1,FLAG_GW_OVER_CAP,"GW-OTHER refund Rs 3,499.00 above stated Rs 500 goodwill threshold (review candidate requiring text/policy validation)",3499.0,GW-OTHER,N,fallback_single,VR892326,A3031
TK-249725,1,FLAG_GW_OVER_CAP,"GW-OTHER refund Rs 1,699.00 above stated Rs 500 goodwill threshold (review candidate requiring text/policy validation)",1699.0,GW-OTHER,N,quoted_valid,VR894670,A3030
TK-249728,1,FLAG_AMBIGUOUS_ORDER,Customer has multiple orders for SKU; match is ambiguous,,None,N,ambiguous,,A3040
TK-249730,1,FLAG_GW_OVER_CAP,"GW-OTHER refund Rs 3,499.00 above stated Rs 500 goodwill threshold (review candidate requiring text/policy validation)",3499.0,GW-OTHER,N,quoted_valid,VR891984,A3002
TK-249741,1,FLAG_GW_OVER_CAP,GW-OTHER refund Rs 650.00 above stated Rs 500 goodwill threshold (review candidate requiring text/policy validation),650.0,GW-OTHER,N,quoted_valid,VR882979,A3017
TK-249750,1,FLAG_AMBIGUOUS_ORDER,Customer has multiple orders for SKU; match is ambiguous,,None,Y,ambiguous,,A3012
TK-249754,1,FLAG_AMBIGUOUS_ORDER,Customer has multiple orders for SKU; match is ambiguous,,None,N,ambiguous,,A3018
TK-249755,1,FLAG_GW_OVER_CAP,"GW-OTHER refund Rs 2,124.00 above stated Rs 500 goodwill threshold (review candidate requiring text/policy validation)",2124.0,GW-OTHER,N,fallback_single,VR904232,A3018
TK-249775,1,FLAG_AMBIGUOUS_ORDER,Customer has multiple orders for SKU; match is ambiguous,,None,Y,ambiguous,,A3039
TK-249527,1,FLAG_GW_OVER_CAP,"GW-OTHER refund Rs 2,799.00 above stated Rs 500 goodwill threshold (review candidate requiring text/policy validation)",2799.0,GW-OTHER,N,quoted_valid,VR891339,A3038
TK-249982,1,FLAG_AMBIGUOUS_ORDER,Customer has multiple orders for SKU; match is ambiguous,,None,N,ambiguous,,A3014
TK-249985,1,FLAG_AMBIGUOUS_ORDER,Customer has multiple orders for SKU; match is ambiguous,,None,N,ambiguous,,A3029
TK-249991,1,FLAG_AMBIGUOUS_ORDER,Customer has multiple orders for SKU; match is ambiguous,,None,N,ambiguous,,A3029
TK-249993,1,FLAG_GW_OVER_CAP,"GW-OTHER refund Rs 1,799.00 above stated Rs 500 goodwill threshold (review candidate requiring text/policy validation)",1799.0,GW-OTHER,N,fallback_single,VR881008,A3031
TK-249780,1,FLAG_AMBIGUOUS_ORDER,Customer has multiple orders for SKU; match is ambiguous,,None,N,ambiguous,,A3006
TK-249782,1,FLAG_AMBIGUOUS_ORDER,Customer has multiple orders for SKU; match is ambiguous,1799.0,RETURN-QC-OK,N,ambiguous,,A3029
TK-249810,1,FLAG_REFUND_AND_REPLACEMENT,"Both refund Rs 3,324.00 and replacement unit issued",3324.0,DOA-REPL,Y,quoted_valid,VR901731,A3010
TK-249811,1,FLAG_GW_OVER_CAP,"GW-OTHER refund Rs 1,799.00 above stated Rs 500 goodwill threshold (review candidate requiring text/policy validation)",1799.0,GW-OTHER,N,quoted_valid,VR881716,A3027
TK-249812,1,FLAG_REFUND_AND_REPLACEMENT,"Both refund Rs 3,499.00 and replacement unit issued",3499.0,DOA-REPL,Y,fallback_single,VR899387,A3007
TK-249819,1,FLAG_AMBIGUOUS_ORDER,Customer has multiple orders for SKU; match is ambiguous,,None,N,ambiguous,,A3034
TK-249833,1,FLAG_GW_OVER_CAP,"GW-OTHER refund Rs 1,250.00 above stated Rs 500 goodwill threshold (review candidate requiring text/policy validation)",1250.0,GW-OTHER,N,quoted_valid,VR893934,A3030
TK-249844,1,FLAG_AMBIGUOUS_ORDER,Customer has multiple orders for SKU; match is ambiguous,,None,Y,ambiguous,,A3020
TK-249852,1,FLAG_AMBIGUOUS_ORDER,Customer has multiple orders for SKU; match is ambiguous,,None,N,ambiguous,,A3034
TK-249853,1,FLAG_GW_OVER_CAP,GW-OTHER refund Rs 700.00 above stated Rs 500 goodwill threshold (review candidate requiring text/policy validation),700.0,GW-OTHER,N,fallback_single,VR880915,A3028
TK-249856,1,FLAG_HIGH_REFUND_AMOUNT,"High single refund value of Rs 5,598.00",5598.0,PRICE-ADJ,N,quoted_valid,VR902994,A3035
TK-249869,1,FLAG_AMBIGUOUS_ORDER,Customer has multiple orders for SKU; match is ambiguous,3499.0,CANCEL,N,ambiguous,,A3014
TK-250041,1,FLAG_AMBIGUOUS_ORDER,Customer has multiple orders for SKU; match is ambiguous,,None,N,ambiguous,,A3018
TK-250062,1,FLAG_AMBIGUOUS_ORDER,Customer has multiple orders for SKU; match is ambiguous,,None,N,ambiguous,,A3042
TK-250085,1,FLAG_HIGH_REFUND_AMOUNT,"High single refund value of Rs 6,174.00",6174.0,RETURN-QC-OK,N,quoted_valid,VR884337,A3037
TK-250087,1,FLAG_GW_OVER_CAP,"GW-OTHER refund Rs 2,974.00 above stated Rs 500 goodwill threshold (review candidate requiring text/policy validation)",2974.0,GW-OTHER,N,fallback_single,VR907982,A3007
TK-250092,1,FLAG_AMBIGUOUS_ORDER,Customer has multiple orders for SKU; match is ambiguous,,None,N,ambiguous,,A3029
TK-250094,1,FLAG_GW_OVER_CAP,"GW-OTHER refund Rs 2,124.00 above stated Rs 500 goodwill threshold (review candidate requiring text/policy validation)",2124.0,GW-OTHER,N,quoted_valid,VR882222,A3035
TK-250096,1,FLAG_AMBIGUOUS_ORDER,Customer has multiple orders for SKU; match is ambiguous,,None,N,ambiguous,,A3019
TK-250120,1,FLAG_AMBIGUOUS_ORDER,Customer has multiple orders for SKU; match is ambiguous,270.0,GW-OTHER,N,ambiguous,,A3037
TK-249886,1,FLAG_AMBIGUOUS_ORDER,Customer has multiple orders for SKU; match is ambiguous,,None,N,ambiguous,,A3010
TK-249893,1,FLAG_AMBIGUOUS_ORDER,Customer has multiple orders for SKU; match is ambiguous,3499.0,RETURN-QC-OK,N,ambiguous,,A3036
TK-249896,1,FLAG_GW_OVER_CAP,"GW-OTHER refund Rs 2,499.00 above stated Rs 500 goodwill threshold (review candidate requiring text/policy validation)",2499.0,GW-OTHER,N,quoted_valid,VR892907,A3036
TK-249911,1,FLAG_AMBIGUOUS_ORDER,Customer has multiple orders for SKU; match is ambiguous,,None,N,ambiguous,,A3017
TK-249912,1,FLAG_GW_OVER_CAP,"GW-OTHER refund Rs 3,149.00 above stated Rs 500 goodwill threshold (review candidate requiring text/policy validation)",3149.0,GW-OTHER,N,quoted_valid,VR892788,A3037
TK-249934,1,FLAG_AMBIGUOUS_ORDER,Customer has multiple orders for SKU; match is ambiguous,,None,N,ambiguous,,A3036
TK-249952,1,FLAG_GW_OVER_CAP,"GW-OTHER refund Rs 2,974.00 above stated Rs 500 goodwill threshold (review candidate requiring text/policy validation)",2974.0,GW-OTHER,N,fallback_single,VR906928,A3038
TK-249979,1,FLAG_AMBIGUOUS_ORDER,Customer has multiple orders for SKU; match is ambiguous,,None,N,ambiguous,,A3018
TK-250170,1,FLAG_AMBIGUOUS_ORDER,Customer has multiple orders for SKU; match is ambiguous,,None,Y,ambiguous,,A3025
TK-250180,1,FLAG_HIGH_REFUND_AMOUNT,"High single refund value of Rs 5,949.00",5949.0,DUP-PAYMENT,N,quoted_valid,VR891876,A3033
TK-250182,1,FLAG_GW_OVER_CAP,GW-OTHER refund Rs 700.00 above stated Rs 500 goodwill threshold (review candidate requiring text/policy validation),700.0,GW-OTHER,N,quoted_valid,VR891962,A3005
TK-250183,1,FLAG_HIGH_REFUND_AMOUNT,"High single refund value of Rs 6,998.00",6998.0,DUP-PAYMENT,N,quoted_valid,VR900949,A3035
TK-250184,1,FLAG_AMBIGUOUS_ORDER,Customer has multiple orders for SKU; match is ambiguous,,None,N,ambiguous,,A3030
TK-250193,1,FLAG_AMBIGUOUS_ORDER,Customer has multiple orders for SKU; match is ambiguous,,None,N,ambiguous,,A3009
TK-250198,1,FLAG_AMBIGUOUS_ORDER,Customer has multiple orders for SKU; match is ambiguous,,None,N,ambiguous,,A3037
TK-250207,1,FLAG_HIGH_REFUND_AMOUNT,"High single refund value of Rs 5,099.00",5099.0,DOA-REPL,N,quoted_valid,VR887285,A3039
TK-250209,1,FLAG_GW_OVER_CAP,"GW-OTHER refund Rs 2,974.00 above stated Rs 500 goodwill threshold (review candidate requiring text/policy validation)",2974.0,GW-OTHER,N,quoted_valid,VR898060,A3007
TK-250210,1,FLAG_HIGH_REFUND_AMOUNT,"High single refund value of Rs 6,999.00",6999.0,DUP-PAYMENT,N,quoted_valid,VR905736,A3033
TK-250215,1,FLAG_GW_OVER_CAP,"GW-OTHER refund Rs 1,799.00 above stated Rs 500 goodwill threshold (review candidate requiring text/policy validation)",1799.0,GW-OTHER,N,quoted_valid,VR893474,A3032
TK-250008,1,FLAG_GW_OVER_CAP,"GW-OTHER refund Rs 3,499.00 above stated Rs 500 goodwill threshold (review candidate requiring text/policy validation)",3499.0,GW-OTHER,N,quoted_valid,VR896388,A3038
TK-250012,1,FLAG_GW_OVER_CAP,"GW-OTHER refund Rs 2,374.00 above stated Rs 500 goodwill threshold (review candidate requiring text/policy validation)",2374.0,GW-OTHER,N,quoted_valid,VR896406,A3018
TK-250016,1,FLAG_AMBIGUOUS_ORDER,Customer has multiple orders for SKU; match is ambiguous,,None,N,ambiguous,,A3018
TK-250027,1,FLAG_AMBIGUOUS_ORDER,Customer has multiple orders for SKU; match is ambiguous,,None,N,ambiguous,,A3019
TK-250034,1,FLAG_AMBIGUOUS_ORDER,Customer has multiple orders for SKU; match is ambiguous,,None,N,ambiguous,,A3026
TK-241229,1,FLAG_GW_OVER_CAP,"GW-OTHER refund Rs 1,799.00 above stated Rs 500 goodwill threshold (review candidate requiring text/policy validation)",1799.0,GW-OTHER,N,quoted_valid,VR903358,A3026
TK-241236,1,FLAG_GW_OVER_CAP,"GW-OTHER refund Rs 3,500.00 above stated Rs 500 goodwill threshold (review candidate requiring text/policy validation)",3500.0,GW-OTHER,N,quoted_valid,VR906071,A3032
TK-241243,1,FLAG_GW_OVER_CAP,"GW-OTHER refund Rs 1,799.00 above stated Rs 500 goodwill threshold (review candidate requiring text/policy validation)",1799.0,GW-OTHER,N,fallback_single,VR893546,A3033
TK-241268,1,FLAG_HIGH_REFUND_AMOUNT,"High single refund value of Rs 6,499.00",6499.0,RETURN-QC-OK,N,quoted_valid,VR898655,A3036
TK-241270,1,FLAG_HIGH_REFUND_AMOUNT,"High single refund value of Rs 6,999.00",6999.0,RETURN-QC-OK,N,quoted_valid,VR903556,A3036
TK-241273,1,FLAG_GW_OVER_CAP,"GW-OTHER refund Rs 2,249.00 above stated Rs 500 goodwill threshold (review candidate requiring text/policy validation)",2249.0,GW-OTHER,N,quoted_valid,VR893760,A3014
TK-241279,1,FLAG_HIGH_REFUND_AMOUNT,"High single refund value of Rs 5,524.00",5524.0,DUP-PAYMENT,N,quoted_valid,VR905737,A3032
TK-241292,1,FLAG_GW_OVER_CAP,"GW-OTHER refund Rs 1,799.00 above stated Rs 500 goodwill threshold (review candidate requiring text/policy validation)",1799.0,GW-OTHER,N,fallback_single,VR885531,A3002
TK-241308,1,FLAG_HIGH_REFUND_AMOUNT,"High single refund value of Rs 5,949.00",5949.0,RETURN-QC-OK,N,fallback_single,VR886258,A3036
TK-241315,1,FLAG_GW_OVER_CAP,"GW-OTHER refund Rs 4,499.00 above stated Rs 500 goodwill threshold (review candidate requiring text/policy validation)",4499.0,GW-OTHER,N,fallback_single,VR896590,A3035
TK-241361,1,FLAG_HIGH_REFUND_AMOUNT,"High single refund value of Rs 5,949.00",5949.0,CANCEL,N,quoted_valid,VR905356,A3020
TK-241364,1,FLAG_AMBIGUOUS_ORDER,Customer has multiple orders for SKU; match is ambiguous,1000.0,DUP-PAYMENT,N,ambiguous,,A3020
TK-241067,1,FLAG_GW_OVER_CAP,"GW-OTHER refund Rs 2,374.00 above stated Rs 500 goodwill threshold (review candidate requiring text/policy validation)",2374.0,GW-OTHER,N,quoted_valid,VR904381,A3017
TK-250140,1,FLAG_GW_OVER_CAP,"GW-OTHER refund Rs 3,499.00 above stated Rs 500 goodwill threshold (review candidate requiring text/policy validation)",3499.0,GW-OTHER,N,fallback_single,VR892485,A3033
TK-250155,1,FLAG_GW_OVER_CAP,"GW-OTHER refund Rs 2,799.00 above stated Rs 500 goodwill threshold (review candidate requiring text/policy validation)",2799.0,GW-OTHER,N,quoted_valid,VR885047,A3036
TK-250162,1,FLAG_AMBIGUOUS_ORDER,Customer has multiple orders for SKU; match is ambiguous,2974.0,DUP-PAYMENT,N,ambiguous,,A3035
TK-250487,1,FLAG_AMBIGUOUS_ORDER,Customer has multiple orders for SKU; match is ambiguous,,None,N,ambiguous,,A3039
TK-250243,1,FLAG_AMBIGUOUS_ORDER,Customer has multiple orders for SKU; match is ambiguous,,None,N,ambiguous,,A3020
TK-250244,1,FLAG_AMBIGUOUS_ORDER,Customer has multiple orders for SKU; match is ambiguous,,None,N,ambiguous,,A3018
TK-250251,1,FLAG_GW_OVER_CAP,"GW-OTHER refund Rs 2,799.00 above stated Rs 500 goodwill threshold (review candidate requiring text/policy validation)",2799.0,GW-OTHER,N,fallback_single,VR908114,A3020
TK-250252,1,FLAG_AMBIGUOUS_ORDER,Customer has multiple orders for SKU; match is ambiguous,,None,N,ambiguous,,A3037
TK-250255,1,FLAG_GW_OVER_CAP,GW-OTHER refund Rs 630.00 above stated Rs 500 goodwill threshold (review candidate requiring text/policy validation),630.0,GW-OTHER,N,quoted_valid,VR893502,A3038
TK-250260,1,FLAG_HIGH_REFUND_AMOUNT,"High single refund value of Rs 6,299.00",6299.0,PRICE-ADJ,N,fallback_single,VR898949,A3018
TK-250314,1,FLAG_HIGH_REFUND_AMOUNT,"High single refund value of Rs 6,499.00",6499.0,RETURN-QC-OK,N,quoted_valid,VR907973,A3036
TK-250323,1,FLAG_AMBIGUOUS_ORDER,Customer has multiple orders for SKU; match is ambiguous,,None,N,ambiguous,,A3035
TK-250340,1,FLAG_AMBIGUOUS_ORDER,Customer has multiple orders for SKU; match is ambiguous,,None,N,ambiguous,,A3007
TK-250344,1,FLAG_AMBIGUOUS_ORDER,Customer has multiple orders for SKU; match is ambiguous,,None,N,ambiguous,,A3028
TK-250345,1,FLAG_GW_OVER_CAP,"GW-OTHER refund Rs 1,899.00 above stated Rs 500 goodwill threshold (review candidate requiring text/policy validation)",1899.0,GW-OTHER,N,quoted_valid,VR886780,A3028
TK-250356,1,FLAG_AMBIGUOUS_ORDER,Customer has multiple orders for SKU; match is ambiguous,,None,N,ambiguous,,A3014
TK-250365,1,FLAG_AMBIGUOUS_ORDER,Customer has multiple orders for SKU; match is ambiguous,,None,N,ambiguous,,A3036
TK-250367,1,FLAG_AMBIGUOUS_ORDER,Customer has multiple orders for SKU; match is ambiguous,,None,N,ambiguous,,A3012
TK-250139,1,FLAG_AMBIGUOUS_ORDER,Customer has multiple orders for SKU; match is ambiguous,356.0,GW-OTHER,N,ambiguous,,A3034
TK-250624,1,FLAG_GW_OVER_CAP,"GW-OTHER refund Rs 1,619.00 above stated Rs 500 goodwill threshold (review candidate requiring text/policy validation)",1619.0,GW-OTHER,N,quoted_valid,VR909946,A3039
TK-250626,1,FLAG_GW_OVER_CAP,"GW-OTHER refund Rs 1,299.00 above stated Rs 500 goodwill threshold (review candidate requiring text/policy validation)",1299.0,GW-OTHER,N,quoted_valid,VR906022,A3033
TK-250643,1,FLAG_AMBIGUOUS_ORDER,Customer has multiple orders for SKU; match is ambiguous,,None,N,ambiguous,,A3039
TK-250665,1,FLAG_AMBIGUOUS_ORDER,Customer has multiple orders for SKU; match is ambiguous,,None,N,ambiguous,,A3012
TK-250666,1,FLAG_GW_OVER_CAP,"GW-OTHER refund Rs 2,499.00 above stated Rs 500 goodwill threshold (review candidate requiring text/policy validation)",2499.0,GW-OTHER,N,fallback_single,VR906190,A3041
TK-250377,1,FLAG_AMBIGUOUS_ORDER,Customer has multiple orders for SKU; match is ambiguous,3149.0,DUP-PAYMENT,N,ambiguous,,A3034
TK-250379,1,FLAG_AMBIGUOUS_ORDER,Customer has multiple orders for SKU; match is ambiguous,,None,N,ambiguous,,A3006
TK-250422,1,FLAG_GW_OVER_CAP,"GW-OTHER refund Rs 4,999.00 above stated Rs 500 goodwill threshold (review candidate requiring text/policy validation)",4999.0,GW-OTHER,N,quoted_valid,VR887607,A3035
TK-250428,1,FLAG_GW_OVER_CAP,"GW-OTHER refund Rs 1,274.00 above stated Rs 500 goodwill threshold (review candidate requiring text/policy validation)",1274.0,GW-OTHER,N,quoted_valid,VR887572,A3030
TK-250440,1,FLAG_AMBIGUOUS_ORDER,Customer has multiple orders for SKU; match is ambiguous,,None,N,ambiguous,,A3003
TK-250446,1,FLAG_GW_OVER_CAP,"GW-OTHER refund Rs 1,750.00 above stated Rs 500 goodwill threshold (review candidate requiring text/policy validation)",1750.0,GW-OTHER,N,quoted_valid,VR907792,A3032
TK-250462,1,FLAG_AMBIGUOUS_ORDER,Customer has multiple orders for SKU; match is ambiguous,,None,N,ambiguous,,A3030
TK-250464,1,FLAG_AMBIGUOUS_ORDER,Customer has multiple orders for SKU; match is ambiguous,,None,N,ambiguous,,A3004
TK-250466,1,FLAG_HIGH_REFUND_AMOUNT,"High single refund value of Rs 8,498.00",8498.0,DUP-PAYMENT,N,quoted_valid,VR903951,A3018
TK-250472,1,FLAG_AMBIGUOUS_ORDER,Customer has multiple orders for SKU; match is ambiguous,,None,N,ambiguous,,A3012
TK-250483,1,FLAG_AMBIGUOUS_ORDER,Customer has multiple orders for SKU; match is ambiguous,,None,N,ambiguous,,A3003
TK-250704,1,FLAG_REFUND_AND_REPLACEMENT,"Both refund Rs 1,999.00 and replacement unit issued",1999.0,WTY-BUYBACK,Y,fallback_single,VR903208,A3030
TK-250722,1,FLAG_GW_OVER_CAP,GW-OTHER refund Rs 560.00 above stated Rs 500 goodwill threshold (review candidate requiring text/policy validation),560.0,GW-OTHER,N,quoted_valid,VR891655,A3030
TK-250723,1,FLAG_AMBIGUOUS_ORDER,Customer has multiple orders for SKU; match is ambiguous,,None,N,ambiguous,,A3030
TK-250731,1,FLAG_HIGH_REFUND_AMOUNT,"High single refund value of Rs 6,174.00",6174.0,RETURN-QC-OK,N,fallback_single,VR882120,A3036
TK-250749,1,FLAG_GW_OVER_CAP,"GW-OTHER refund Rs 1,799.00 above stated Rs 500 goodwill threshold (review candidate requiring text/policy validation)",1799.0,GW-OTHER,N,quoted_valid,VR893423,A3016
TK-250759,1,FLAG_AMBIGUOUS_ORDER,Customer has multiple orders for SKU; match is ambiguous,,None,N,ambiguous,,A3019
TK-250764,1,FLAG_GW_OVER_CAP,"GW-OTHER refund Rs 3,499.00 above stated Rs 500 goodwill threshold (review candidate requiring text/policy validation)",3499.0,GW-OTHER,N,fallback_single,VR897914,A3037
TK-250771,1,FLAG_HIGH_REFUND_AMOUNT,"High single refund value of Rs 5,999.00",5999.0,LOST-TRANSIT,N,fallback_single,VR881666,A3030
TK-250503,1,FLAG_AMBIGUOUS_ORDER,Customer has multiple orders for SKU; match is ambiguous,,None,N,ambiguous,,A3035
TK-250540,1,FLAG_AMBIGUOUS_ORDER,Customer has multiple orders for SKU; match is ambiguous,,None,N,ambiguous,,A3020
TK-250546,1,FLAG_AMBIGUOUS_ORDER,Customer has multiple orders for SKU; match is ambiguous,,None,N,ambiguous,,A3031
TK-250554,1,FLAG_GW_OVER_CAP,"GW-OTHER refund Rs 3,499.00 above stated Rs 500 goodwill threshold (review candidate requiring text/policy validation)",3499.0,GW-OTHER,N,quoted_valid,VR899233,A3026
TK-250569,1,FLAG_AMBIGUOUS_ORDER,Customer has multiple orders for SKU; match is ambiguous,,None,N,ambiguous,,A3001
TK-250576,1,FLAG_REFUND_AND_REPLACEMENT,Both refund Rs 319.00 and replacement unit issued,319.0,DOA-REPL,Y,quoted_valid,VR887988,A3022
TK-250584,1,FLAG_HIGH_REFUND_AMOUNT,"High single refund value of Rs 6,499.00",6499.0,DOA-REPL,N,quoted_valid,VR881994,A3021
TK-250604,1,FLAG_GW_OVER_CAP,"GW-OTHER refund Rs 3,499.00 above stated Rs 500 goodwill threshold (review candidate requiring text/policy validation)",3499.0,GW-OTHER,N,fallback_single,VR885181,A3021
TK-250827,1,FLAG_REFUND_AND_REPLACEMENT,"Both refund Rs 1,999.00 and replacement unit issued",1999.0,DOA-REPL,Y,fallback_single,VR899009,A3016
TK-250833,1,FLAG_REFUND_AND_REPLACEMENT,"Both refund Rs 1,999.00 and replacement unit issued",1999.0,WTY-BUYBACK,Y,quoted_valid,VR891600,A3029
TK-250866,1,FLAG_AMBIGUOUS_ORDER,Customer has multiple orders for SKU; match is ambiguous,2848.0,DUP-PAYMENT,N,ambiguous,,A3002
TK-250877,1,FLAG_GW_OVER_CAP,"GW-OTHER refund Rs 2,878.00 above stated Rs 500 goodwill threshold (review candidate requiring text/policy validation)",2878.0,GW-OTHER,N,fallback_single,VR899771,A3033
TK-250880,1,FLAG_GW_OVER_CAP,GW-OTHER refund Rs 525.00 above stated Rs 500 goodwill threshold (review candidate requiring text/policy validation),525.0,GW-OTHER,N,quoted_valid,VR898548,A3021
TK-250883,1,FLAG_AMBIGUOUS_ORDER,Customer has multiple orders for SKU; match is ambiguous,,None,N,ambiguous,,A3023
TK-250890,1,FLAG_AMBIGUOUS_ORDER,Customer has multiple orders for SKU; match is ambiguous,280.0,RETURN-QC-OK,N,ambiguous,,A3036
TK-250891,1,FLAG_GW_OVER_CAP,"GW-OTHER refund Rs 3,198.00 above stated Rs 500 goodwill threshold (review candidate requiring text/policy validation)",3198.0,GW-OTHER,N,quoted_valid,VR898389,A3035
TK-250905,1,FLAG_AMBIGUOUS_ORDER,Customer has multiple orders for SKU; match is ambiguous,3324.0,DUP-PAYMENT,N,ambiguous,,A3024
TK-250922,1,FLAG_GW_OVER_CAP,"GW-OTHER refund Rs 2,160.00 above stated Rs 500 goodwill threshold (review candidate requiring text/policy validation)",2160.0,GW-OTHER,N,fallback_single,VR904927,A3006
TK-250938,1,FLAG_AMBIGUOUS_ORDER,Customer has multiple orders for SKU; match is ambiguous,,None,N,ambiguous,,A3030
TK-250670,1,FLAG_AMBIGUOUS_ORDER,Customer has multiple orders for SKU; match is ambiguous,,None,N,ambiguous,,A3012
TK-250679,1,FLAG_AMBIGUOUS_ORDER,Customer has multiple orders for SKU; match is ambiguous,,None,N,ambiguous,,A3018
TK-250686,1,FLAG_AMBIGUOUS_ORDER,Customer has multiple orders for SKU; match is ambiguous,,None,N,ambiguous,,A3013
TK-250694,1,FLAG_REFUND_AND_REPLACEMENT,"Both refund Rs 1,799.00 and replacement unit issued",1799.0,DOA-REPL,Y,fallback_single,VR885950,A3003
TK-250703,1,FLAG_GW_OVER_CAP,"GW-OTHER refund Rs 2,374.00 above stated Rs 500 goodwill threshold (review candidate requiring text/policy validation)",2374.0,GW-OTHER,N,quoted_valid,VR909721,A3009
TK-241085,1,FLAG_AMBIGUOUS_ORDER,Customer has multiple orders for SKU; match is ambiguous,,None,N,ambiguous,,A3030
TK-241118,1,FLAG_GW_OVER_CAP,"GW-OTHER refund Rs 1,187.00 above stated Rs 500 goodwill threshold (review candidate requiring text/policy validation)",1187.0,GW-OTHER,N,quoted_valid,VR894843,A3034
TK-241124,1,FLAG_AMBIGUOUS_ORDER,Customer has multiple orders for SKU; match is ambiguous,,None,N,ambiguous,,A3026
TK-241125,1,FLAG_AMBIGUOUS_ORDER,Customer has multiple orders for SKU; match is ambiguous,,None,N,ambiguous,,A3040
TK-241130,1,FLAG_HIGH_REFUND_AMOUNT,"High single refund value of Rs 6,299.00",6299.0,DOA-REPL,N,quoted_valid,VR899637,A3026
TK-241142,1,FLAG_AMBIGUOUS_ORDER,Customer has multiple orders for SKU; match is ambiguous,,None,Y,ambiguous,,A3013
TK-241155,1,FLAG_GW_OVER_CAP,"GW-OTHER refund Rs 1,599.00 above stated Rs 500 goodwill threshold (review candidate requiring text/policy validation)",1599.0,GW-OTHER,N,fallback_single,VR905777,A3014
TK-241156,1,FLAG_GW_OVER_CAP,"GW-OTHER refund Rs 1,799.00 above stated Rs 500 goodwill threshold (review candidate requiring text/policy validation)",1799.0,GW-OTHER,N,fallback_single,VR898251,A3033
TK-241173,1,FLAG_AMBIGUOUS_ORDER,Customer has multiple orders for SKU; match is ambiguous,,None,N,ambiguous,,A3022
TK-241200,1,FLAG_AMBIGUOUS_ORDER,Customer has multiple orders for SKU; match is ambiguous,,None,N,ambiguous,,A3030
TK-241213,1,FLAG_HIGH_REFUND_AMOUNT,"High single refund value of Rs 6,174.00",6174.0,PRICE-ADJ,N,quoted_valid,VR889370,A3034
TK-241217,1,FLAG_AMBIGUOUS_ORDER,Customer has multiple orders for SKU; match is ambiguous,,None,N,ambiguous,,A3027
TK-241219,1,FLAG_AMBIGUOUS_ORDER,Customer has multiple orders for SKU; match is ambiguous,,None,N,ambiguous,,A3010
TK-240951,1,FLAG_GW_OVER_CAP,"GW-OTHER refund Rs 4,499.00 above stated Rs 500 goodwill threshold (review candidate requiring text/policy validation)",4499.0,GW-OTHER,N,quoted_valid,VR891930,A3034
TK-250813,1,FLAG_GW_OVER_CAP,GW-OTHER refund Rs 926.00 above stated Rs 500 goodwill threshold (review candidate requiring text/policy validation),926.0,GW-OTHER,N,fallback_single,VR893148,A3010
TK-250823,1,FLAG_GW_OVER_CAP,"GW-OTHER refund Rs 1,999.00 above stated Rs 500 goodwill threshold (review candidate requiring text/policy validation)",1999.0,GW-OTHER,N,fallback_single,VR886535,A3035
TK-251151,1,FLAG_GW_OVER_CAP,"GW-OTHER refund Rs 3,324.00 above stated Rs 500 goodwill threshold (review candidate requiring text/policy validation)",3324.0,GW-OTHER,N,fallback_single,VR904295,A3032
TK-251155,1,FLAG_AMBIGUOUS_ORDER,Customer has multiple orders for SKU; match is ambiguous,,None,N,ambiguous,,A3020
TK-251181,1,FLAG_AMBIGUOUS_ORDER,Customer has multiple orders for SKU; match is ambiguous,,None,N,ambiguous,,A3022
TK-250948,1,FLAG_GW_OVER_CAP,"GW-OTHER refund Rs 2,499.00 above stated Rs 500 goodwill threshold (review candidate requiring text/policy validation)",2499.0,GW-OTHER,N,fallback_single,VR902088,A3039
TK-250950,1,FLAG_AMBIGUOUS_ORDER,Customer has multiple orders for SKU; match is ambiguous,,None,N,ambiguous,,A3029
TK-250957,1,FLAG_AMBIGUOUS_ORDER,Customer has multiple orders for SKU; match is ambiguous,,None,N,ambiguous,,A3026
TK-250979,1,FLAG_AMBIGUOUS_ORDER,Customer has multiple orders for SKU; match is ambiguous,,None,N,ambiguous,,A3019
TK-251001,1,FLAG_GW_OVER_CAP,"GW-OTHER refund Rs 3,499.00 above stated Rs 500 goodwill threshold (review candidate requiring text/policy validation)",3499.0,GW-OTHER,N,quoted_valid,VR887003,A3035
TK-251007,1,FLAG_AMBIGUOUS_ORDER,Customer has multiple orders for SKU; match is ambiguous,,None,N,ambiguous,,A3029
TK-251017,1,FLAG_GW_OVER_CAP,GW-OTHER refund Rs 520.00 above stated Rs 500 goodwill threshold (review candidate requiring text/policy validation),520.0,GW-OTHER,N,quoted_valid,VR882209,A3032
TK-251028,1,FLAG_AMBIGUOUS_ORDER,Customer has multiple orders for SKU; match is ambiguous,,None,Y,ambiguous,,A3014
TK-251038,1,FLAG_AMBIGUOUS_ORDER,Customer has multiple orders for SKU; match is ambiguous,,None,Y,ambiguous,,A3039
TK-251042,1,FLAG_GW_OVER_CAP,"GW-OTHER refund Rs 2,499.00 above stated Rs 500 goodwill threshold (review candidate requiring text/policy validation)",2499.0,GW-OTHER,N,fallback_single,VR882639,A3028
TK-251051,1,FLAG_AMBIGUOUS_ORDER,Customer has multiple orders for SKU; match is ambiguous,,None,N,ambiguous,,A3018
TK-251052,1,FLAG_AMBIGUOUS_ORDER,Customer has multiple orders for SKU; match is ambiguous,,None,N,ambiguous,,A3011
TK-250809,1,FLAG_AMBIGUOUS_ORDER,Customer has multiple orders for SKU; match is ambiguous,,None,N,ambiguous,,A3002
TK-251308,1,FLAG_HIGH_REFUND_AMOUNT,"High single refund value of Rs 6,499.00",6499.0,LOST-TRANSIT,N,quoted_valid,VR907215,A3031
TK-251319,1,FLAG_REFUND_AND_REPLACEMENT,"Both refund Rs 1,299.00 and replacement unit issued",1299.0,WTY-BUYBACK,Y,quoted_valid,VR883631,A3024
TK-251320,1,FLAG_HIGH_REFUND_AMOUNT,"High single refund value of Rs 6,998.00",6998.0,WTY-BUYBACK,N,fallback_single,VR892051,A3039
TK-251321,1,FLAG_HIGH_REFUND_AMOUNT,"High single refund value of Rs 6,998.00",6998.0,RETURN-QC-OK,N,quoted_valid,VR899294,A3037
TK-251065,1,FLAG_AMBIGUOUS_ORDER,Customer has multiple orders for SKU; match is ambiguous,,None,N,ambiguous,,A3035
TK-251070,1,FLAG_GW_OVER_CAP,"GW-OTHER refund Rs 3,499.00 above stated Rs 500 goodwill threshold (review candidate requiring text/policy validation)",3499.0,GW-OTHER,N,quoted_valid,VR882068,A3018
TK-251072,1,FLAG_AMBIGUOUS_ORDER,Customer has multiple orders for SKU; match is ambiguous,,None,Y,ambiguous,,A3020
TK-251081,1,FLAG_HIGH_REFUND_AMOUNT,"High single refund value of Rs 6,174.00",6174.0,RETURN-QC-OK,N,quoted_valid,VR881697,A3037
TK-251094,1,FLAG_GW_OVER_CAP,"GW-OTHER refund Rs 3,499.00 above stated Rs 500 goodwill threshold (review candidate requiring text/policy validation)",3499.0,GW-OTHER,N,quoted_valid,VR881747,A3033
TK-251101,1,FLAG_AMBIGUOUS_ORDER,Customer has multiple orders for SKU; match is ambiguous,,None,Y,ambiguous,,A3030
TK-251102,1,FLAG_AMBIGUOUS_ORDER,Customer has multiple orders for SKU; match is ambiguous,,None,N,ambiguous,,A3016
TK-251115,1,FLAG_GW_OVER_CAP,GW-OTHER refund Rs 665.00 above stated Rs 500 goodwill threshold (review candidate requiring text/policy validation),665.0,GW-OTHER,N,quoted_valid,VR891153,A3031
TK-251139,1,FLAG_GW_OVER_CAP,"GW-OTHER refund Rs 3,149.00 above stated Rs 500 goodwill threshold (review candidate requiring text/policy validation)",3149.0,GW-OTHER,N,fallback_single,VR908550,A3009
TK-251145,1,FLAG_AMBIGUOUS_ORDER,Customer has multiple orders for SKU; match is ambiguous,,None,N,ambiguous,,A3014
TK-251146,1,FLAG_GW_OVER_CAP,"GW-OTHER refund Rs 3,499.00 above stated Rs 500 goodwill threshold (review candidate requiring text/policy validation)",3499.0,GW-OTHER,N,quoted_valid,VR899541,A3026
TK-251148,1,FLAG_AMBIGUOUS_ORDER,Customer has multiple orders for SKU; match is ambiguous,,None,N,ambiguous,,A3036
TK-251380,1,FLAG_GW_OVER_CAP,"GW-OTHER refund Rs 3,999.00 above stated Rs 500 goodwill threshold (review candidate requiring text/policy validation)",3999.0,GW-OTHER,N,quoted_valid,VR896929,A3037
TK-251387,1,FLAG_GW_OVER_CAP,GW-OTHER refund Rs 638.00 above stated Rs 500 goodwill threshold (review candidate requiring text/policy validation),638.0,GW-OTHER,N,quoted_valid,VR894924,A3033
TK-251390,1,FLAG_AMBIGUOUS_ORDER,Customer has multiple orders for SKU; match is ambiguous,,None,Y,ambiguous,,A3012
TK-251393,1,FLAG_AMBIGUOUS_ORDER,Customer has multiple orders for SKU; match is ambiguous,,None,N,ambiguous,,A3036
TK-251408,1,FLAG_GW_OVER_CAP,"GW-OTHER refund Rs 1,199.00 above stated Rs 500 goodwill threshold (review candidate requiring text/policy validation)",1199.0,GW-OTHER,N,fallback_single,VR892170,A3019
TK-251409,1,FLAG_AMBIGUOUS_ORDER,Customer has multiple orders for SKU; match is ambiguous,,None,N,ambiguous,,A3006
TK-251212,1,FLAG_HIGH_REFUND_AMOUNT,"High single refund value of Rs 6,649.00",6649.0,DUP-PAYMENT,N,quoted_valid,VR898631,A3033
TK-251219,1,FLAG_HIGH_REFUND_AMOUNT,"High single refund value of Rs 8,498.00",8498.0,PRICE-ADJ,N,quoted_valid,VR898071,A3035
TK-251238,1,FLAG_AMBIGUOUS_ORDER,Customer has multiple orders for SKU; match is ambiguous,,None,Y,ambiguous,,A3006
TK-251241,1,FLAG_HIGH_REFUND_AMOUNT,"High single refund value of Rs 6,499.00",6499.0,RETURN-QC-OK,N,fallback_single,VR889941,A3038
TK-251260,1,FLAG_AMBIGUOUS_ORDER,Customer has multiple orders for SKU; match is ambiguous,,None,Y,ambiguous,,A3043
TK-251265,1,FLAG_GW_OVER_CAP,"GW-OTHER refund Rs 3,324.00 above stated Rs 500 goodwill threshold (review candidate requiring text/policy validation)",3324.0,GW-OTHER,N,quoted_valid,VR906965,A3040
TK-251270,1,FLAG_AMBIGUOUS_ORDER,Customer has multiple orders for SKU; match is ambiguous,,None,N,ambiguous,,A3002
TK-251274,1,FLAG_GW_OVER_CAP,"GW-OTHER refund Rs 2,974.00 above stated Rs 500 goodwill threshold (review candidate requiring text/policy validation)",2974.0,GW-OTHER,N,quoted_valid,VR888735,A3037
TK-251302,1,FLAG_AMBIGUOUS_ORDER,Customer has multiple orders for SKU; match is ambiguous,,None,N,ambiguous,,A3020
TK-251307,1,FLAG_GW_OVER_CAP,"GW-OTHER refund Rs 2,499.00 above stated Rs 500 goodwill threshold (review candidate requiring text/policy validation)",2499.0,GW-OTHER,N,quoted_valid,VR895966,A3034
TK-240953,1,FLAG_GW_OVER_CAP,GW-OTHER refund Rs 900.00 above stated Rs 500 goodwill threshold (review candidate requiring text/policy validation),900.0,GW-OTHER,N,fallback_single,VR891289,A3002
TK-240967,1,FLAG_AMBIGUOUS_ORDER,Customer has multiple orders for SKU; match is ambiguous,,None,N,ambiguous,,A3030
TK-240969,1,FLAG_AMBIGUOUS_ORDER,Customer has multiple orders for SKU; match is ambiguous,,None,N,ambiguous,,A3011
TK-240984,1,FLAG_GW_OVER_CAP,"GW-OTHER refund Rs 1,799.00 above stated Rs 500 goodwill threshold (review candidate requiring text/policy validation)",1799.0,GW-OTHER,N,quoted_valid,VR904485,A3019
TK-241002,1,FLAG_AMBIGUOUS_ORDER,Customer has multiple orders for SKU; match is ambiguous,,None,N,ambiguous,,A3035
TK-241015,1,FLAG_AMBIGUOUS_ORDER,Customer has multiple orders for SKU; match is ambiguous,,None,N,ambiguous,,A3030
TK-241020,1,FLAG_AMBIGUOUS_ORDER,Customer has multiple orders for SKU; match is ambiguous,,None,Y,ambiguous,,A3026
TK-241027,1,FLAG_REFUND_AND_REPLACEMENT,"Both refund Rs 2,499.00 and replacement unit issued",2499.0,DOA-REPL,Y,fallback_single,VR887397,A3020
TK-240838,1,FLAG_AMBIGUOUS_ORDER,Customer has multiple orders for SKU; match is ambiguous,,None,N,ambiguous,,A3032
TK-251340,1,FLAG_AMBIGUOUS_ORDER,Customer has multiple orders for SKU; match is ambiguous,,None,N,ambiguous,,A3026
TK-251342,1,FLAG_AMBIGUOUS_ORDER,Customer has multiple orders for SKU; match is ambiguous,,None,N,ambiguous,,A3035
TK-251349,1,FLAG_AMBIGUOUS_ORDER,Customer has multiple orders for SKU; match is ambiguous,,None,N,ambiguous,,A3002
TK-251351,1,FLAG_HIGH_REFUND_AMOUNT,"High single refund value of Rs 6,999.00",6999.0,PRICE-ADJ,N,fallback_single,VR906089,A3001
TK-251354,1,FLAG_AMBIGUOUS_ORDER,Customer has multiple orders for SKU; match is ambiguous,,None,N,ambiguous,,A3027
TK-251374,1,FLAG_HIGH_REFUND_AMOUNT,"High single refund value of Rs 6,999.00",6999.0,RETURN-QC-OK,N,quoted_valid,VR893501,A3029
TK-251379,1,FLAG_AMBIGUOUS_ORDER,Customer has multiple orders for SKU; match is ambiguous,,None,N,ambiguous,,A3041
TK-251633,1,FLAG_GW_OVER_CAP,"GW-OTHER refund Rs 1,999.00 above stated Rs 500 goodwill threshold (review candidate requiring text/policy validation)",1999.0,GW-OTHER,N,quoted_valid,VR891591,A3014
TK-251635,1,FLAG_REFUND_AND_REPLACEMENT,"Both refund Rs 2,499.00 and replacement unit issued",2499.0,DOA-REPL,Y,fallback_single,VR896026,A3016
TK-251413,1,FLAG_HIGH_REFUND_AMOUNT,"High single refund value of Rs 5,524.00",5524.0,DOA-REPL,N,quoted_valid,VR886951,A3030
TK-251438,1,FLAG_GW_OVER_CAP,"GW-OTHER refund Rs 1,199.00 above stated Rs 500 goodwill threshold (review candidate requiring text/policy validation)",1199.0,GW-OTHER,N,fallback_single,VR892170,A3005
TK-251441,1,FLAG_AMBIGUOUS_ORDER,Customer has multiple orders for SKU; match is ambiguous,,None,N,ambiguous,,A3018
TK-251451,1,FLAG_GW_OVER_CAP,GW-OTHER refund Rs 560.00 above stated Rs 500 goodwill threshold (review candidate requiring text/policy validation),560.0,GW-OTHER,N,quoted_valid,VR881672,A3036
TK-251463,1,FLAG_GW_OVER_CAP,"GW-OTHER refund Rs 3,149.00 above stated Rs 500 goodwill threshold (review candidate requiring text/policy validation)",3149.0,GW-OTHER,N,quoted_valid,VR897193,A3035
TK-251470,1,FLAG_HIGH_REFUND_AMOUNT,"High single refund value of Rs 6,174.00",6174.0,RETURN-QC-OK,N,quoted_valid,VR896182,A3038
TK-251476,1,FLAG_REFUND_AND_REPLACEMENT,"Both refund Rs 1,299.00 and replacement unit issued",1299.0,DOA-REPL,Y,fallback_single,VR890468,A3031
TK-251484,1,FLAG_GW_OVER_CAP,"GW-OTHER refund Rs 1,799.00 above stated Rs 500 goodwill threshold (review candidate requiring text/policy validation)",1799.0,GW-OTHER,N,quoted_valid,VR907168,A3033
TK-251489,1,FLAG_AMBIGUOUS_ORDER,Customer has multiple orders for SKU; match is ambiguous,,None,N,ambiguous,,A3012
TK-251494,1,FLAG_GW_OVER_CAP,"GW-OTHER refund Rs 1,170.00 above stated Rs 500 goodwill threshold (review candidate requiring text/policy validation)",1170.0,GW-OTHER,N,quoted_valid,VR908532,A3035
TK-251500,1,FLAG_GW_OVER_CAP,"GW-OTHER refund Rs 2,500.00 above stated Rs 500 goodwill threshold (review candidate requiring text/policy validation)",2500.0,GW-OTHER,N,fallback_single,VR884481,A3036
TK-251514,1,FLAG_AMBIGUOUS_ORDER,Customer has multiple orders for SKU; match is ambiguous,,None,N,ambiguous,,A3039
TK-251518,1,FLAG_AMBIGUOUS_ORDER,Customer has multiple orders for SKU; match is ambiguous,,None,Y,ambiguous,,A3011
TK-251331,1,FLAG_GW_OVER_CAP,"GW-OTHER refund Rs 1,999.00 above stated Rs 500 goodwill threshold (review candidate requiring text/policy validation)",1999.0,GW-OTHER,N,quoted_valid,VR884070,A3030
TK-251757,1,FLAG_AMBIGUOUS_ORDER,Customer has multiple orders for SKU; match is ambiguous,,None,N,ambiguous,,A3038
TK-251759,1,FLAG_AMBIGUOUS_ORDER,Customer has multiple orders for SKU; match is ambiguous,,None,N,ambiguous,,A3035
TK-251777,1,FLAG_GW_OVER_CAP,"GW-OTHER refund Rs 4,799.00 above stated Rs 500 goodwill threshold (review candidate requiring text/policy validation)",4799.0,GW-OTHER,N,quoted_valid,VR899695,A3032
TK-251788,1,FLAG_AMBIGUOUS_ORDER,Customer has multiple orders for SKU; match is ambiguous,,None,N,ambiguous,,A3044
TK-251802,1,FLAG_AMBIGUOUS_ORDER,Customer has multiple orders for SKU; match is ambiguous,475.0,DUP-PAYMENT,N,ambiguous,,A3035
TK-251537,1,FLAG_REFUND_AND_REPLACEMENT,"Both refund Rs 3,149.00 and replacement unit issued",3149.0,WTY-BUYBACK,Y,quoted_valid,VR898989,A3003
TK-251543,1,FLAG_AMBIGUOUS_ORDER,Customer has multiple orders for SKU; match is ambiguous,,None,N,ambiguous,,A3023
TK-251551,1,FLAG_AMBIGUOUS_ORDER,Customer has multiple orders for SKU; match is ambiguous,,None,N,ambiguous,,A3024
TK-251559,1,FLAG_AMBIGUOUS_ORDER,Customer has multiple orders for SKU; match is ambiguous,2249.0,RETURN-QC-OK,N,ambiguous,,A3036
TK-251571,1,FLAG_REFUND_AND_REPLACEMENT,"Both refund Rs 1,299.00 and replacement unit issued",1299.0,WTY-BUYBACK,Y,quoted_valid,VR908339,A3017
TK-251577,1,FLAG_AMBIGUOUS_ORDER,Customer has multiple orders for SKU; match is ambiguous,,None,Y,ambiguous,,A3013
TK-251581,1,FLAG_AMBIGUOUS_ORDER,Customer has multiple orders for SKU; match is ambiguous,,None,N,ambiguous,,A3036
TK-251601,1,FLAG_GW_OVER_CAP,"GW-OTHER refund Rs 1,899.00 above stated Rs 500 goodwill threshold (review candidate requiring text/policy validation)",1899.0,GW-OTHER,N,quoted_valid,VR884846,A3005
TK-251602,1,FLAG_AMBIGUOUS_ORDER,Customer has multiple orders for SKU; match is ambiguous,,None,N,ambiguous,,A3043
TK-251610,1,FLAG_AMBIGUOUS_ORDER,Customer has multiple orders for SKU; match is ambiguous,,None,N,ambiguous,,A3001
TK-251613,1,FLAG_HIGH_REFUND_AMOUNT,"High single refund value of Rs 5,199.00",5199.0,LOST-TRANSIT,N,quoted_valid,VR881414,A3029
TK-251857,1,FLAG_GW_OVER_CAP,"GW-OTHER refund Rs 2,974.00 above stated Rs 500 goodwill threshold (review candidate requiring text/policy validation)",2974.0,GW-OTHER,N,fallback_single,VR887836,A3037
TK-251863,1,FLAG_GW_OVER_CAP,"GW-OTHER refund Rs 4,249.00 above stated Rs 500 goodwill threshold (review candidate requiring text/policy validation)",4249.0,GW-OTHER,N,quoted_valid,VR893200,A3007
TK-251865,1,FLAG_GW_OVER_CAP,"GW-OTHER refund Rs 1,000.00 above stated Rs 500 goodwill threshold (review candidate requiring text/policy validation)",1000.0,GW-OTHER,N,quoted_valid,VR904921,A3041
TK-251868,1,FLAG_AMBIGUOUS_ORDER,Customer has multiple orders for SKU; match is ambiguous,,None,N,ambiguous,,A3030
TK-251880,1,FLAG_REFUND_AND_REPLACEMENT,"Both refund Rs 3,499.00 and replacement unit issued",3499.0,WTY-BUYBACK,Y,quoted_valid,VR882803,A3017
TK-251886,1,FLAG_AMBIGUOUS_ORDER,Customer has multiple orders for SKU; match is ambiguous,,None,N,ambiguous,,A3001
TK-251890,1,FLAG_AMBIGUOUS_ORDER,Customer has multiple orders for SKU; match is ambiguous,,None,N,ambiguous,,A3010
TK-251638,1,FLAG_GW_OVER_CAP,"GW-OTHER refund Rs 2,799.00 above stated Rs 500 goodwill threshold (review candidate requiring text/policy validation)",2799.0,GW-OTHER,N,fallback_single,VR900955,A3034
TK-251642,1,FLAG_AMBIGUOUS_ORDER,Customer has multiple orders for SKU; match is ambiguous,,None,N,ambiguous,,A3013
TK-251655,1,FLAG_REFUND_AND_REPLACEMENT,"Both refund Rs 3,499.00 and replacement unit issued",3499.0,WTY-BUYBACK,Y,quoted_valid,VR893480,A3030
TK-251656,1,FLAG_AMBIGUOUS_ORDER,Customer has multiple orders for SKU; match is ambiguous,,None,N,ambiguous,,A3022
TK-251667,1,FLAG_AMBIGUOUS_ORDER,Customer has multiple orders for SKU; match is ambiguous,,None,N,ambiguous,,A3016
TK-251672,1,FLAG_AMBIGUOUS_ORDER,Customer has multiple orders for SKU; match is ambiguous,,None,N,ambiguous,,A3027
TK-251708,1,FLAG_GW_OVER_CAP,"GW-OTHER refund Rs 2,974.00 above stated Rs 500 goodwill threshold (review candidate requiring text/policy validation)",2974.0,GW-OTHER,N,fallback_single,VR906055,A3030
TK-251720,1,FLAG_GW_OVER_CAP,"GW-OTHER refund Rs 3,324.00 above stated Rs 500 goodwill threshold (review candidate requiring text/policy validation)",3324.0,GW-OTHER,N,fallback_single,VR902387,A3033
TK-251738,1,FLAG_GW_OVER_CAP,"GW-OTHER refund Rs 1,439.00 above stated Rs 500 goodwill threshold (review candidate requiring text/policy validation)",1439.0,GW-OTHER,N,quoted_valid,VR900294,A3026
TK-251933,1,FLAG_AMBIGUOUS_ORDER,Customer has multiple orders for SKU; match is ambiguous,,None,N,ambiguous,,A3006
TK-251952,1,FLAG_HIGH_REFUND_AMOUNT,"High single refund value of Rs 6,174.00",6174.0,WTY-BUYBACK,N,quoted_valid,VR888103,A3036
TK-251955,1,FLAG_GW_OVER_CAP,"GW-OTHER refund Rs 2,499.00 above stated Rs 500 goodwill threshold (review candidate requiring text/policy validation)",2499.0,GW-OTHER,N,fallback_single,VR899680,A3035
TK-251969,1,FLAG_AMBIGUOUS_ORDER,Customer has multiple orders for SKU; match is ambiguous,,None,N,ambiguous,,A3001
TK-251991,1,FLAG_REFUND_AND_REPLACEMENT,"Both refund Rs 1,799.00 and replacement unit issued",1799.0,DOA-REPL,Y,quoted_valid,VR882201,A3030
TK-252004,1,FLAG_GW_OVER_CAP,"GW-OTHER refund Rs 1,487.00 above stated Rs 500 goodwill threshold (review candidate requiring text/policy validation)",1487.0,GW-OTHER,N,fallback_single,VR898379,A3037
TK-252011,1,FLAG_AMBIGUOUS_ORDER,Customer has multiple orders for SKU; match is ambiguous,,None,N,ambiguous,,A3018
TK-252020,1,FLAG_GW_OVER_CAP,"GW-OTHER refund Rs 3,499.00 above stated Rs 500 goodwill threshold (review candidate requiring text/policy validation)",3499.0,GW-OTHER,N,quoted_valid,VR887429,A3036
TK-252029,1,FLAG_HIGH_REFUND_AMOUNT,"High single refund value of Rs 5,599.00",5599.0,DOA-REPL,N,fallback_single,VR898276,A3027
TK-252041,1,FLAG_AMBIGUOUS_ORDER,Customer has multiple orders for SKU; match is ambiguous,,None,N,ambiguous,,A3026
TK-251803,1,FLAG_AMBIGUOUS_ORDER,Customer has multiple orders for SKU; match is ambiguous,,None,N,ambiguous,,A3031
TK-251809,1,FLAG_GW_OVER_CAP,GW-OTHER refund Rs 552.00 above stated Rs 500 goodwill threshold (review candidate requiring text/policy validation),552.0,GW-OTHER,N,quoted_valid,VR886951,A3037
TK-251819,1,FLAG_AMBIGUOUS_ORDER,Customer has multiple orders for SKU; match is ambiguous,,None,N,ambiguous,,A3024
TK-251823,1,FLAG_HIGH_REFUND_AMOUNT,"High single refund value of Rs 6,999.00",6999.0,CANCEL,N,quoted_valid,VR895842,A3011
TK-251828,1,FLAG_HIGH_REFUND_AMOUNT,"High single refund value of Rs 6,999.00",6999.0,RETURN-QC-OK,N,quoted_valid,VR880017,A3037
TK-251849,1,FLAG_GW_OVER_CAP,"GW-OTHER refund Rs 2,124.00 above stated Rs 500 goodwill threshold (review candidate requiring text/policy validation)",2124.0,GW-OTHER,N,quoted_valid,VR894913,A3015
TK-240856,1,FLAG_GW_OVER_CAP,"GW-OTHER refund Rs 1,799.00 above stated Rs 500 goodwill threshold (review candidate requiring text/policy validation)",1799.0,GW-OTHER,N,quoted_valid,VR903415,A3036
TK-240864,1,FLAG_HIGH_REFUND_AMOUNT,"High single refund value of Rs 6,999.00",6999.0,DOA-REPL,N,quoted_valid,VR891299,A3031
TK-240877,1,FLAG_HIGH_REFUND_AMOUNT,"High single refund value of Rs 6,499.00",6499.0,RETURN-QC-OK,N,quoted_valid,VR898972,A3038
TK-240878,1,FLAG_HIGH_REFUND_AMOUNT,"High single refund value of Rs 6,649.00",6649.0,DUP-PAYMENT,N,fallback_single,VR892576,A3001
TK-240879,1,FLAG_GW_OVER_CAP,"GW-OTHER refund Rs 1,799.00 above stated Rs 500 goodwill threshold (review candidate requiring text/policy validation)",1799.0,GW-OTHER,N,fallback_single,VR901220,A3038
TK-240883,1,FLAG_REFUND_AND_REPLACEMENT,"Both refund Rs 1,619.00 and replacement unit issued",1619.0,DOA-REPL,Y,quoted_valid,VR904030,A3027
TK-240889,1,FLAG_HIGH_REFUND_AMOUNT,"High single refund value of Rs 6,174.00",6174.0,RETURN-QC-OK,N,quoted_valid,VR906118,A3036
TK-240895,1,FLAG_AMBIGUOUS_ORDER,Customer has multiple orders for SKU; match is ambiguous,1799.0,PRICE-ADJ,N,ambiguous,,A3034
TK-240907,1,FLAG_AMBIGUOUS_ORDER,Customer has multiple orders for SKU; match is ambiguous,,None,N,ambiguous,,A3001
TK-240909,1,FLAG_AMBIGUOUS_ORDER,Customer has multiple orders for SKU; match is ambiguous,,None,N,ambiguous,,A3031
TK-240910,1,FLAG_AMBIGUOUS_ORDER,Customer has multiple orders for SKU; match is ambiguous,750.0,DUP-PAYMENT,N,ambiguous,,A3019
TK-240920,1,FLAG_HIGH_REFUND_AMOUNT,"High single refund value of Rs 6,499.00",6499.0,DUP-PAYMENT,N,quoted_valid,VR880419,A3034
TK-240940,1,FLAG_AMBIGUOUS_ORDER,Customer has multiple orders for SKU; match is ambiguous,,None,N,ambiguous,,A3018
TK-240702,1,FLAG_GW_OVER_CAP,"GW-OTHER refund Rs 1,699.00 above stated Rs 500 goodwill threshold (review candidate requiring text/policy validation)",1699.0,GW-OTHER,N,quoted_valid,VR902313,A3026
TK-251905,1,FLAG_GW_OVER_CAP,"GW-OTHER refund Rs 1,999.00 above stated Rs 500 goodwill threshold (review candidate requiring text/policy validation)",1999.0,GW-OTHER,N,fallback_single,VR893778,A3032
TK-251928,1,FLAG_GW_OVER_CAP,"GW-OTHER refund Rs 3,324.00 above stated Rs 500 goodwill threshold (review candidate requiring text/policy validation)",3324.0,GW-OTHER,N,quoted_valid,VR890710,A3027
TK-252243,1,FLAG_GW_OVER_CAP,"GW-OTHER refund Rs 2,499.00 above stated Rs 500 goodwill threshold (review candidate requiring text/policy validation)",2499.0,GW-OTHER,N,quoted_valid,VR906412,A3010
TK-252247,1,FLAG_AMBIGUOUS_ORDER,Customer has multiple orders for SKU; match is ambiguous,,None,N,ambiguous,,A3013
TK-252262,1,FLAG_GW_OVER_CAP,"GW-OTHER refund Rs 3,499.00 above stated Rs 500 goodwill threshold (review candidate requiring text/policy validation)",3499.0,GW-OTHER,N,quoted_valid,VR883505,A3034
TK-252069,1,FLAG_AMBIGUOUS_ORDER,Customer has multiple orders for SKU; match is ambiguous,,None,N,ambiguous,,A3010
TK-252087,1,FLAG_GW_OVER_CAP,"GW-OTHER refund Rs 1,250.00 above stated Rs 500 goodwill threshold (review candidate requiring text/policy validation)",1250.0,GW-OTHER,N,quoted_valid,VR908932,A3031
TK-252097,1,FLAG_GW_OVER_CAP,"GW-OTHER refund Rs 3,499.00 above stated Rs 500 goodwill threshold (review candidate requiring text/policy validation)",3499.0,GW-OTHER,N,quoted_valid,VR906621,A3003
TK-252099,1,FLAG_AMBIGUOUS_ORDER,Customer has multiple orders for SKU; match is ambiguous,700.0,DUP-PAYMENT,N,ambiguous,,A3032
TK-252111,1,FLAG_AMBIGUOUS_ORDER,Customer has multiple orders for SKU; match is ambiguous,,None,Y,ambiguous,,A3026
TK-252118,1,FLAG_GW_OVER_CAP,"GW-OTHER refund Rs 2,470.00 above stated Rs 500 goodwill threshold (review candidate requiring text/policy validation)",2470.0,GW-OTHER,N,fallback_single,VR882942,A3036
TK-252121,1,FLAG_AMBIGUOUS_ORDER,Customer has multiple orders for SKU; match is ambiguous,,None,N,ambiguous,,A3040
TK-252125,1,FLAG_GW_OVER_CAP,"GW-OTHER refund Rs 2,974.00 above stated Rs 500 goodwill threshold (review candidate requiring text/policy validation)",2974.0,GW-OTHER,N,quoted_valid,VR899909,A3033
TK-252146,1,FLAG_REFUND_AND_REPLACEMENT,"Both refund Rs 2,374.00 and replacement unit issued",2374.0,DOA-REPL,Y,fallback_single,VR898365,A3032
TK-252151,1,FLAG_AMBIGUOUS_ORDER,Customer has multiple orders for SKU; match is ambiguous,,None,N,ambiguous,,A3006
TK-252162,1,FLAG_AMBIGUOUS_ORDER,Customer has multiple orders for SKU; match is ambiguous,,None,N,ambiguous,,A3016
TK-251900,1,FLAG_GW_OVER_CAP,"GW-OTHER refund Rs 1,999.00 above stated Rs 500 goodwill threshold (review candidate requiring text/policy validation)",1999.0,GW-OTHER,N,fallback_single,VR900041,A3037
TK-240849,1,FLAG_AMBIGUOUS_ORDER,Customer has multiple orders for SKU; match is ambiguous,,None,Y,ambiguous,,A3037
TK-252384,1,FLAG_GW_OVER_CAP,"GW-OTHER refund Rs 2,799.00 above stated Rs 500 goodwill threshold (review candidate requiring text/policy validation)",2799.0,GW-OTHER,N,quoted_valid,VR883502,A3015
TK-252390,1,FLAG_AMBIGUOUS_ORDER,Customer has multiple orders for SKU; match is ambiguous,,None,N,ambiguous,,A3018
TK-252397,1,FLAG_HIGH_REFUND_AMOUNT,"High single refund value of Rs 6,648.00",6648.0,PRICE-ADJ,N,quoted_valid,VR899271,A3018
TK-252177,1,FLAG_AMBIGUOUS_ORDER,Customer has multiple orders for SKU; match is ambiguous,,None,N,ambiguous,,A3015
TK-252181,1,FLAG_GW_OVER_CAP,"GW-OTHER refund Rs 1,750.00 above stated Rs 500 goodwill threshold (review candidate requiring text/policy validation)",1750.0,GW-OTHER,N,quoted_valid,VR894566,A3034
TK-252185,1,FLAG_GW_OVER_CAP,"GW-OTHER refund Rs 2,799.00 above stated Rs 500 goodwill threshold (review candidate requiring text/policy validation)",2799.0,GW-OTHER,N,quoted_valid,VR884926,A3011
TK-252192,1,FLAG_AMBIGUOUS_ORDER,Customer has multiple orders for SKU; match is ambiguous,,None,N,ambiguous,,A3010
TK-252204,1,FLAG_AMBIGUOUS_ORDER,Customer has multiple orders for SKU; match is ambiguous,,None,N,ambiguous,,A3037
TK-252207,1,FLAG_GW_OVER_CAP,"GW-OTHER refund Rs 1,799.00 above stated Rs 500 goodwill threshold (review candidate requiring text/policy validation)",1799.0,GW-OTHER,N,quoted_valid,VR909212,A3038
TK-252212,1,FLAG_GW_OVER_CAP,"GW-OTHER refund Rs 3,149.00 above stated Rs 500 goodwill threshold (review candidate requiring text/policy validation)",3149.0,GW-OTHER,N,quoted_valid,VR902423,A3007
TK-252219,1,FLAG_AMBIGUOUS_ORDER,Customer has multiple orders for SKU; match is ambiguous,,None,Y,ambiguous,,A3028
TK-252229,1,FLAG_AMBIGUOUS_ORDER,Customer has multiple orders for SKU; match is ambiguous,,None,Y,ambiguous,,A3018
TK-252230,1,FLAG_GW_OVER_CAP,"GW-OTHER refund Rs 2,878.00 above stated Rs 500 goodwill threshold (review candidate requiring text/policy validation)",2878.0,GW-OTHER,N,fallback_single,VR897109,A3035
TK-252231,1,FLAG_AMBIGUOUS_ORDER,Customer has multiple orders for SKU; match is ambiguous,,None,N,ambiguous,,A3035
TK-252233,1,FLAG_GW_OVER_CAP,"GW-OTHER refund Rs 3,999.00 above stated Rs 500 goodwill threshold (review candidate requiring text/policy validation)",3999.0,GW-OTHER,N,quoted_valid,VR891209,A3035
TK-252235,1,FLAG_GW_OVER_CAP,"GW-OTHER refund Rs 1,709.00 above stated Rs 500 goodwill threshold (review candidate requiring text/policy validation)",1709.0,GW-OTHER,N,fallback_single,VR909095,A3036
TK-252503,1,FLAG_AMBIGUOUS_ORDER,Customer has multiple orders for SKU; match is ambiguous,,None,N,ambiguous,,A3036
TK-252505,1,FLAG_GW_OVER_CAP,GW-OTHER refund Rs 700.00 above stated Rs 500 goodwill threshold (review candidate requiring text/policy validation),700.0,GW-OTHER,N,quoted_valid,VR901151,A3018
TK-252508,1,FLAG_AMBIGUOUS_ORDER,Customer has multiple orders for SKU; match is ambiguous,,None,N,ambiguous,,A3039
TK-252513,1,FLAG_GW_OVER_CAP,GW-OTHER refund Rs 560.00 above stated Rs 500 goodwill threshold (review candidate requiring text/policy validation),560.0,GW-OTHER,N,fallback_single,VR905470,A3036
TK-252514,1,FLAG_GW_OVER_CAP,"GW-OTHER refund Rs 3,149.00 above stated Rs 500 goodwill threshold (review candidate requiring text/policy validation)",3149.0,GW-OTHER,N,quoted_valid,VR889909,A3003
TK-252517,1,FLAG_GW_OVER_CAP,"GW-OTHER refund Rs 2,499.00 above stated Rs 500 goodwill threshold (review candidate requiring text/policy validation)",2499.0,GW-OTHER,N,quoted_valid,VR882054,A3032
TK-252280,1,FLAG_GW_OVER_CAP,"GW-OTHER refund Rs 3,149.00 above stated Rs 500 goodwill threshold (review candidate requiring text/policy validation)",3149.0,GW-OTHER,N,quoted_valid,VR890213,A3025
TK-252284,1,FLAG_AMBIGUOUS_ORDER,Customer has multiple orders for SKU; match is ambiguous,,None,N,ambiguous,,A3018
TK-252291,1,FLAG_GW_OVER_CAP,"GW-OTHER refund Rs 3,149.00 above stated Rs 500 goodwill threshold (review candidate requiring text/policy validation)",3149.0,GW-OTHER,N,quoted_valid,VR888684,A3008
TK-252312,1,FLAG_AMBIGUOUS_ORDER,Customer has multiple orders for SKU; match is ambiguous,,None,N,ambiguous,,A3027
TK-252319,1,FLAG_AMBIGUOUS_ORDER,Customer has multiple orders for SKU; match is ambiguous,,None,N,ambiguous,,A3005
TK-252328,1,FLAG_GW_OVER_CAP,"GW-OTHER refund Rs 1,260.00 above stated Rs 500 goodwill threshold (review candidate requiring text/policy validation)",1260.0,GW-OTHER,N,quoted_valid,VR892951,A3026
TK-252335,1,FLAG_GW_OVER_CAP,"GW-OTHER refund Rs 1,050.00 above stated Rs 500 goodwill threshold (review candidate requiring text/policy validation)",1050.0,GW-OTHER,N,fallback_single,VR884880,A3037
TK-252346,1,FLAG_GW_OVER_CAP,"GW-OTHER refund Rs 1,487.00 above stated Rs 500 goodwill threshold (review candidate requiring text/policy validation)",1487.0,GW-OTHER,N,fallback_single,VR885623,A3036
TK-252353,1,FLAG_HIGH_REFUND_AMOUNT,"High single refund value of Rs 6,649.00",6649.0,CANCEL,N,quoted_valid,VR888612,A3030
TK-252357,1,FLAG_GW_OVER_CAP,"GW-OTHER refund Rs 1,299.00 above stated Rs 500 goodwill threshold (review candidate requiring text/policy validation)",1299.0,GW-OTHER,N,fallback_single,VR894049,A3035
TK-252601,1,FLAG_GW_OVER_CAP,"GW-OTHER refund Rs 1,499.00 above stated Rs 500 goodwill threshold (review candidate requiring text/policy validation)",1499.0,GW-OTHER,N,quoted_valid,VR908103,A3038
TK-252603,1,FLAG_GW_OVER_CAP,GW-OTHER refund Rs 630.00 above stated Rs 500 goodwill threshold (review candidate requiring text/policy validation),630.0,GW-OTHER,N,quoted_valid,VR907139,A3037
TK-252604,1,FLAG_GW_OVER_CAP,"GW-OTHER refund Rs 3,499.00 above stated Rs 500 goodwill threshold (review candidate requiring text/policy validation)",3499.0,GW-OTHER,N,quoted_valid,VR909911,A3037
TK-252610,1,FLAG_AMBIGUOUS_ORDER,Customer has multiple orders for SKU; match is ambiguous,,None,N,ambiguous,,A3025
TK-252615,1,FLAG_AMBIGUOUS_ORDER,Customer has multiple orders for SKU; match is ambiguous,,None,N,ambiguous,,A3018
TK-252620,1,FLAG_AMBIGUOUS_ORDER,Customer has multiple orders for SKU; match is ambiguous,,None,N,ambiguous,,A3039
TK-252634,1,FLAG_GW_OVER_CAP,"GW-OTHER refund Rs 1,599.00 above stated Rs 500 goodwill threshold (review candidate requiring text/policy validation)",1599.0,GW-OTHER,N,quoted_valid,VR898161,A3006
TK-252636,1,FLAG_GW_OVER_CAP,"GW-OTHER refund Rs 1,574.00 above stated Rs 500 goodwill threshold (review candidate requiring text/policy validation)",1574.0,GW-OTHER,N,quoted_valid,VR894422,A3018
TK-252404,1,FLAG_AMBIGUOUS_ORDER,Customer has multiple orders for SKU; match is ambiguous,630.0,RETURN-QC-OK,N,ambiguous,,A3036
TK-252405,1,FLAG_GW_OVER_CAP,"GW-OTHER refund Rs 3,499.00 above stated Rs 500 goodwill threshold (review candidate requiring text/policy validation)",3499.0,GW-OTHER,N,fallback_single,VR909840,A3030
TK-252408,1,FLAG_GW_OVER_CAP,"GW-OTHER refund Rs 3,499.00 above stated Rs 500 goodwill threshold (review candidate requiring text/policy validation)",3499.0,GW-OTHER,N,quoted_valid,VR887526,A3030
TK-252418,1,FLAG_AMBIGUOUS_ORDER,Customer has multiple orders for SKU; match is ambiguous,,None,Y,ambiguous,,A3010
TK-252428,1,FLAG_HIGH_REFUND_AMOUNT,"High single refund value of Rs 5,999.00",5999.0,RETURN-QC-OK,N,quoted_valid,VR881923,A3037
TK-252444,1,FLAG_AMBIGUOUS_ORDER,Customer has multiple orders for SKU; match is ambiguous,,None,N,ambiguous,,A3007
TK-252456,1,FLAG_AMBIGUOUS_ORDER,Customer has multiple orders for SKU; match is ambiguous,,None,N,ambiguous,,A3018
TK-252466,1,FLAG_REFUND_AND_REPLACEMENT,"Both refund Rs 2,499.00 and replacement unit issued",2499.0,WTY-BUYBACK,Y,quoted_valid,VR898020,A3013
TK-240703,1,FLAG_AMBIGUOUS_ORDER,Customer has multiple orders for SKU; match is ambiguous,,None,N,ambiguous,,A3028
TK-240704,1,FLAG_AMBIGUOUS_ORDER,Customer has multiple orders for SKU; match is ambiguous,,None,N,ambiguous,,A3012
TK-240712,1,FLAG_HIGH_REFUND_AMOUNT,"High single refund value of Rs 5,524.00",5524.0,DUP-PAYMENT,N,quoted_valid,VR885879,A3033
TK-240715,1,FLAG_AMBIGUOUS_ORDER,Customer has multiple orders for SKU; match is ambiguous,,None,N,ambiguous,,A3006
TK-240737,1,FLAG_GW_OVER_CAP,"GW-OTHER refund Rs 1,619.00 above stated Rs 500 goodwill threshold (review candidate requiring text/policy validation)",1619.0,GW-OTHER,N,quoted_valid,VR898774,A3035
TK-240751,1,FLAG_HIGH_REFUND_AMOUNT,"High single refund value of Rs 6,649.00",6649.0,WTY-BUYBACK,N,quoted_valid,VR884454,A3036
TK-240759,1,FLAG_REFUND_AND_REPLACEMENT,"Both refund Rs 1,104.00 and replacement unit issued",1104.0,DOA-REPL,Y,quoted_valid,VR893379,A3030
TK-240764,1,FLAG_HIGH_REFUND_AMOUNT,"High single refund value of Rs 6,499.00",6499.0,RETURN-QC-OK,N,fallback_single,VR893430,A3030
TK-240778,1,FLAG_HIGH_REFUND_AMOUNT,"High single refund value of Rs 5,599.00",5599.0,DOA-REPL,N,quoted_valid,VR904620,A3040
TK-240796,1,FLAG_HIGH_REFUND_AMOUNT,"High single refund value of Rs 6,299.00",6299.0,CANCEL,N,fallback_single,VR906455,A3016
TK-240821,1,FLAG_AMBIGUOUS_ORDER,Customer has multiple orders for SKU; match is ambiguous,,None,N,ambiguous,,A3016
TK-240825,1,FLAG_HIGH_REFUND_AMOUNT,"High single refund value of Rs 6,174.00",6174.0,RETURN-QC-OK,N,quoted_valid,VR904047,A3038
TK-252537,1,FLAG_GW_OVER_CAP,"GW-OTHER refund Rs 1,499.00 above stated Rs 500 goodwill threshold (review candidate requiring text/policy validation)",1499.0,GW-OTHER,N,quoted_valid,VR897981,A3026
TK-252552,1,FLAG_HIGH_REFUND_AMOUNT,"High single refund value of Rs 5,524.00",5524.0,RETURN-QC-OK,N,quoted_valid,VR897472,A3038
TK-252562,1,FLAG_AMBIGUOUS_ORDER,Customer has multiple orders for SKU; match is ambiguous,,None,N,ambiguous,,A3004
TK-252577,1,FLAG_GW_OVER_CAP,"GW-OTHER refund Rs 2,374.00 above stated Rs 500 goodwill threshold (review candidate requiring text/policy validation)",2374.0,GW-OTHER,N,quoted_valid,VR893557,A3035
TK-252934,1,FLAG_GW_OVER_CAP,"GW-OTHER refund Rs 1,187.00 above stated Rs 500 goodwill threshold (review candidate requiring text/policy validation)",1187.0,GW-OTHER,N,quoted_valid,VR896754,A3018
TK-252952,1,FLAG_HIGH_REFUND_AMOUNT,"High single refund value of Rs 5,524.00",5524.0,WTY-BUYBACK,N,quoted_valid,VR894839,A3007
TK-252963,1,FLAG_AMBIGUOUS_ORDER,Customer has multiple orders for SKU; match is ambiguous,,None,N,ambiguous,,A3019
TK-252965,1,FLAG_GW_OVER_CAP,"GW-OTHER refund Rs 2,124.00 above stated Rs 500 goodwill threshold (review candidate requiring text/policy validation)",2124.0,GW-OTHER,N,quoted_valid,VR882222,A3035
TK-252662,1,FLAG_AMBIGUOUS_ORDER,Customer has multiple orders for SKU; match is ambiguous,,None,N,ambiguous,,A3029
TK-252670,1,FLAG_AMBIGUOUS_ORDER,Customer has multiple orders for SKU; match is ambiguous,,None,N,ambiguous,,A3030
TK-252718,1,FLAG_GW_OVER_CAP,"GW-OTHER refund Rs 2,249.00 above stated Rs 500 goodwill threshold (review candidate requiring text/policy validation)",2249.0,GW-OTHER,N,fallback_single,VR900790,A3034
TK-252723,1,FLAG_GW_OVER_CAP,"GW-OTHER refund Rs 3,499.00 above stated Rs 500 goodwill threshold (review candidate requiring text/policy validation)",3499.0,GW-OTHER,N,quoted_valid,VR897956,A3036
TK-252726,1,FLAG_GW_OVER_CAP,"GW-OTHER refund Rs 4,499.00 above stated Rs 500 goodwill threshold (review candidate requiring text/policy validation)",4499.0,GW-OTHER,N,quoted_valid,VR900807,A3013
TK-252727,1,FLAG_GW_OVER_CAP,"GW-OTHER refund Rs 1,169.00 above stated Rs 500 goodwill threshold (review candidate requiring text/policy validation)",1169.0,GW-OTHER,N,quoted_valid,VR893637,A3043
TK-252735,1,FLAG_GW_OVER_CAP,"GW-OTHER refund Rs 2,499.00 above stated Rs 500 goodwill threshold (review candidate requiring text/policy validation)",2499.0,GW-OTHER,N,quoted_valid,VR883334,A3034
TK-252737,1,FLAG_AMBIGUOUS_ORDER,Customer has multiple orders for SKU; match is ambiguous,665.0,RETURN-QC-OK,N,ambiguous,,A3037
TK-252760,1,FLAG_AMBIGUOUS_ORDER,Customer has multiple orders for SKU; match is ambiguous,,None,N,ambiguous,,A3035
TK-252776,1,FLAG_AMBIGUOUS_ORDER,Customer has multiple orders for SKU; match is ambiguous,,None,Y,ambiguous,,A3039
TK-252794,1,FLAG_GW_OVER_CAP,"GW-OTHER refund Rs 1,899.00 above stated Rs 500 goodwill threshold (review candidate requiring text/policy validation)",1899.0,GW-OTHER,N,fallback_single,VR884341,A3036
TK-252532,1,FLAG_GW_OVER_CAP,"GW-OTHER refund Rs 3,149.00 above stated Rs 500 goodwill threshold (review candidate requiring text/policy validation)",3149.0,GW-OTHER,N,quoted_valid,VR894672,A3037
TK-253048,1,FLAG_AMBIGUOUS_ORDER,Customer has multiple orders for SKU; match is ambiguous,,None,N,ambiguous,,A3025
TK-253051,1,FLAG_AMBIGUOUS_ORDER,Customer has multiple orders for SKU; match is ambiguous,,None,N,ambiguous,,A3031
TK-253074,1,FLAG_AMBIGUOUS_ORDER,Customer has multiple orders for SKU; match is ambiguous,,None,N,ambiguous,,A3014
TK-253084,1,FLAG_AMBIGUOUS_ORDER,Customer has multiple orders for SKU; match is ambiguous,,None,N,ambiguous,,A3029
TK-252795,1,FLAG_AMBIGUOUS_ORDER,Customer has multiple orders for SKU; match is ambiguous,,None,N,ambiguous,,A3030
TK-252797,1,FLAG_AMBIGUOUS_ORDER,Customer has multiple orders for SKU; match is ambiguous,,None,N,ambiguous,,A3018
TK-252828,1,FLAG_AMBIGUOUS_ORDER,Customer has multiple orders for SKU; match is ambiguous,,None,N,ambiguous,,A3020
TK-252833,1,FLAG_AMBIGUOUS_ORDER,Customer has multiple orders for SKU; match is ambiguous,,None,N,ambiguous,,A3043
TK-252835,1,FLAG_AMBIGUOUS_ORDER,Customer has multiple orders for SKU; match is ambiguous,,None,Y,ambiguous,,A3001
TK-252840,1,FLAG_AMBIGUOUS_ORDER,Customer has multiple orders for SKU; match is ambiguous,,None,N,ambiguous,,A3022
TK-252853,1,FLAG_AMBIGUOUS_ORDER,Customer has multiple orders for SKU; match is ambiguous,,None,N,ambiguous,,A3018
TK-252858,1,FLAG_AMBIGUOUS_ORDER,Customer has multiple orders for SKU; match is ambiguous,,None,N,ambiguous,,A3030
TK-252869,1,FLAG_GW_OVER_CAP,"GW-OTHER refund Rs 3,499.00 above stated Rs 500 goodwill threshold (review candidate requiring text/policy validation)",3499.0,GW-OTHER,N,quoted_valid,VR907015,A3033
TK-252890,1,FLAG_GW_OVER_CAP,"GW-OTHER refund Rs 2,499.00 above stated Rs 500 goodwill threshold (review candidate requiring text/policy validation)",2499.0,GW-OTHER,N,fallback_single,VR903251,A3035
TK-252906,1,FLAG_AMBIGUOUS_ORDER,Customer has multiple orders for SKU; match is ambiguous,,None,N,ambiguous,,A3021
TK-252929,1,FLAG_GW_OVER_CAP,GW-OTHER refund Rs 560.00 above stated Rs 500 goodwill threshold (review candidate requiring text/policy validation),560.0,GW-OTHER,N,fallback_single,VR894479,A3034
TK-253164,1,FLAG_AMBIGUOUS_ORDER,Customer has multiple orders for SKU; match is ambiguous,,None,N,ambiguous,,A3018
TK-253166,1,FLAG_GW_OVER_CAP,"GW-OTHER refund Rs 3,499.00 above stated Rs 500 goodwill threshold (review candidate requiring text/policy validation)",3499.0,GW-OTHER,N,quoted_valid,VR881626,A3036
TK-253171,1,FLAG_AMBIGUOUS_ORDER,Customer has multiple orders for SKU; match is ambiguous,,None,N,ambiguous,,A3032
TK-253178,1,FLAG_GW_OVER_CAP,"GW-OTHER refund Rs 3,198.00 above stated Rs 500 goodwill threshold (review candidate requiring text/policy validation)",3198.0,GW-OTHER,N,fallback_single,VR899141,A3039
TK-253192,1,FLAG_AMBIGUOUS_ORDER,Customer has multiple orders for SKU; match is ambiguous,,None,N,ambiguous,,A3037
TK-253209,1,FLAG_AMBIGUOUS_ORDER,Customer has multiple orders for SKU; match is ambiguous,,None,N,ambiguous,,A3038
TK-252978,1,FLAG_GW_OVER_CAP,"GW-OTHER refund Rs 3,149.00 above stated Rs 500 goodwill threshold (review candidate requiring text/policy validation)",3149.0,GW-OTHER,N,quoted_valid,VR888096,A3032
TK-252982,1,FLAG_REFUND_AND_REPLACEMENT,"Both refund Rs 3,499.00 and replacement unit issued",3499.0,WTY-BUYBACK,Y,quoted_valid,VR903695,A3030
TK-252991,1,FLAG_AMBIGUOUS_ORDER,Customer has multiple orders for SKU; match is ambiguous,,None,N,ambiguous,,A3018
TK-253004,1,FLAG_AMBIGUOUS_ORDER,Customer has multiple orders for SKU; match is ambiguous,,None,N,ambiguous,,A3033
TK-253016,1,FLAG_AMBIGUOUS_ORDER,Customer has multiple orders for SKU; match is ambiguous,,None,Y,ambiguous,,A3040
TK-253021,1,FLAG_HIGH_REFUND_AMOUNT,"High single refund value of Rs 6,649.00",6649.0,WTY-BUYBACK,N,quoted_valid,VR888612,A3026
TK-253023,1,FLAG_GW_OVER_CAP,"GW-OTHER refund Rs 1,999.00 above stated Rs 500 goodwill threshold (review candidate requiring text/policy validation)",1999.0,GW-OTHER,N,quoted_valid,VR882739,A3030
TK-253031,1,FLAG_AMBIGUOUS_ORDER,Customer has multiple orders for SKU; match is ambiguous,,None,N,ambiguous,,A3026
TK-253035,1,FLAG_GW_OVER_CAP,"GW-OTHER refund Rs 3,499.00 above stated Rs 500 goodwill threshold (review candidate requiring text/policy validation)",3499.0,GW-OTHER,N,quoted_valid,VR896328,A3037
TK-253036,1,FLAG_HIGH_REFUND_AMOUNT,"High single refund value of Rs 5,199.00",5199.0,PRICE-ADJ,N,fallback_single,VR900722,A3033
TK-253303,1,FLAG_AMBIGUOUS_ORDER,Customer has multiple orders for SKU; match is ambiguous,,None,Y,ambiguous,,A3029
TK-253305,1,FLAG_GW_OVER_CAP,"GW-OTHER refund Rs 3,499.00 above stated Rs 500 goodwill threshold (review candidate requiring text/policy validation)",3499.0,GW-OTHER,N,fallback_single,VR886947,A3030
TK-253307,1,FLAG_GW_OVER_CAP,"GW-OTHER refund Rs 2,799.00 above stated Rs 500 goodwill threshold (review candidate requiring text/policy validation)",2799.0,GW-OTHER,N,fallback_single,VR880493,A3039
TK-253309,1,FLAG_GW_OVER_CAP,"GW-OTHER refund Rs 3,499.00 above stated Rs 500 goodwill threshold (review candidate requiring text/policy validation)",3499.0,GW-OTHER,N,quoted_valid,VR903495,A3032
TK-253326,1,FLAG_AMBIGUOUS_ORDER,Customer has multiple orders for SKU; match is ambiguous,,None,N,ambiguous,,A3019
TK-253331,1,FLAG_AMBIGUOUS_ORDER,Customer has multiple orders for SKU; match is ambiguous,,None,N,ambiguous,,A3012
TK-253332,1,FLAG_AMBIGUOUS_ORDER,Customer has multiple orders for SKU; match is ambiguous,,None,Y,ambiguous,,A3026
TK-253335,1,FLAG_GW_OVER_CAP,"GW-OTHER refund Rs 1,104.00 above stated Rs 500 goodwill threshold (review candidate requiring text/policy validation)",1104.0,GW-OTHER,N,fallback_single,VR884096,A3036
TK-253339,1,FLAG_GW_OVER_CAP,"GW-OTHER refund Rs 2,799.00 above stated Rs 500 goodwill threshold (review candidate requiring text/policy validation)",2799.0,GW-OTHER,N,quoted_valid,VR897804,A3035
TK-253091,1,FLAG_AMBIGUOUS_ORDER,Customer has multiple orders for SKU; match is ambiguous,3499.0,RETURN-QC-OK,N,ambiguous,,A3036
TK-253111,1,FLAG_AMBIGUOUS_ORDER,Customer has multiple orders for SKU; match is ambiguous,,None,N,ambiguous,,A3011
TK-253129,1,FLAG_GW_OVER_CAP,"GW-OTHER refund Rs 2,974.00 above stated Rs 500 goodwill threshold (review candidate requiring text/policy validation)",2974.0,GW-OTHER,N,fallback_single,VR898656,A3035
TK-253135,1,FLAG_GW_OVER_CAP,"GW-OTHER refund Rs 3,499.00 above stated Rs 500 goodwill threshold (review candidate requiring text/policy validation)",3499.0,GW-OTHER,N,quoted_valid,VR906267,A3026
TK-253142,1,FLAG_AMBIGUOUS_ORDER,Customer has multiple orders for SKU; match is ambiguous,,None,Y,ambiguous,,A3030
TK-253156,1,FLAG_HIGH_REFUND_AMOUNT,"High single refund value of Rs 6,499.00",6499.0,RETURN-QC-OK,N,fallback_single,VR889078,A3037
TK-253162,1,FLAG_GW_OVER_CAP,"GW-OTHER refund Rs 3,499.00 above stated Rs 500 goodwill threshold (review candidate requiring text/policy validation)",3499.0,GW-OTHER,N,quoted_valid,VR889255,A3030
TK-240557,1,FLAG_HIGH_REFUND_AMOUNT,"High single refund value of Rs 5,849.00",5849.0,RETURN-QC-OK,N,quoted_valid,VR905967,A3002
TK-240560,1,FLAG_AMBIGUOUS_ORDER,Customer has multiple orders for SKU; match is ambiguous,,None,N,ambiguous,,A3039
TK-240564,1,FLAG_GW_OVER_CAP,"GW-OTHER refund Rs 1,299.00 above stated Rs 500 goodwill threshold (review candidate requiring text/policy validation)",1299.0,GW-OTHER,N,quoted_valid,VR894083,A3022
TK-240565,1,FLAG_AMBIGUOUS_ORDER,Customer has multiple orders for SKU; match is ambiguous,,None,N,ambiguous,,A3006
TK-240568,1,FLAG_GW_OVER_CAP,"GW-OTHER refund Rs 1,619.00 above stated Rs 500 goodwill threshold (review candidate requiring text/policy validation)",1619.0,GW-OTHER,N,quoted_valid,VR897241,A3042
TK-240571,1,FLAG_HIGH_REFUND_AMOUNT,"High single refund value of Rs 6,999.00",6999.0,DUP-PAYMENT,N,quoted_valid,VR898077,A3032
TK-240618,1,FLAG_GW_OVER_CAP,"GW-OTHER refund Rs 1,799.00 above stated Rs 500 goodwill threshold (review candidate requiring text/policy validation)",1799.0,GW-OTHER,N,quoted_valid,VR887410,A3036
TK-240642,1,FLAG_HIGH_REFUND_AMOUNT,"High single refund value of Rs 6,649.00",6649.0,RETURN-QC-OK,N,quoted_valid,VR880623,A3038
TK-240691,1,FLAG_GW_OVER_CAP,"GW-OTHER refund Rs 1,424.00 above stated Rs 500 goodwill threshold (review candidate requiring text/policy validation)",1424.0,GW-OTHER,N,quoted_valid,VR881383,A3036
TK-240329,1,FLAG_AMBIGUOUS_ORDER,Customer has multiple orders for SKU; match is ambiguous,,None,N,ambiguous,,A3002
TK-253239,1,FLAG_HIGH_REFUND_AMOUNT,"High single refund value of Rs 5,949.00",5949.0,PRICE-ADJ,N,quoted_valid,VR900997,A3035
TK-253247,1,FLAG_HIGH_REFUND_AMOUNT,"High single refund value of Rs 6,499.00",6499.0,CANCEL,N,quoted_valid,VR886656,A3005
TK-253277,1,FLAG_AMBIGUOUS_ORDER,Customer has multiple orders for SKU; match is ambiguous,,None,N,ambiguous,,A3008
TK-253287,1,FLAG_AMBIGUOUS_ORDER,Customer has multiple orders for SKU; match is ambiguous,,None,Y,ambiguous,,A3037
TK-253295,1,FLAG_AMBIGUOUS_ORDER,Customer has multiple orders for SKU; match is ambiguous,,None,N,ambiguous,,A3019
TK-253297,1,FLAG_HIGH_REFUND_AMOUNT,"High single refund value of Rs 12,598.00",12598.0,LOST-TRANSIT,N,quoted_valid,VR894987,A3030
TK-253341,1,FLAG_AMBIGUOUS_ORDER,Customer has multiple orders for SKU; match is ambiguous,3499.0,DOA-REPL,N,ambiguous,,A3018
TK-253342,1,FLAG_GW_OVER_CAP,"GW-OTHER refund Rs 3,149.00 above stated Rs 500 goodwill threshold (review candidate requiring text/policy validation)",3149.0,GW-OTHER,N,fallback_single,VR899504,A3036
TK-253346,1,FLAG_AMBIGUOUS_ORDER,Customer has multiple orders for SKU; match is ambiguous,,None,N,ambiguous,,A3017
TK-253348,1,FLAG_GW_OVER_CAP,"GW-OTHER refund Rs 1,662.00 above stated Rs 500 goodwill threshold (review candidate requiring text/policy validation)",1662.0,GW-OTHER,N,quoted_valid,VR893549,A3028
TK-253349,1,FLAG_REFUND_AND_REPLACEMENT,"Both refund Rs 2,974.00 and replacement unit issued",2974.0,DOA-REPL,Y,fallback_single,VR881919,A3016
TK-253350,1,FLAG_AMBIGUOUS_ORDER,Customer has multiple orders for SKU; match is ambiguous,,None,N,ambiguous,,A3016
TK-253354,1,FLAG_GW_OVER_CAP,"GW-OTHER refund Rs 3,499.00 above stated Rs 500 goodwill threshold (review candidate requiring text/policy validation)",3499.0,GW-OTHER,N,quoted_valid,VR898330,A3038
TK-253357,1,FLAG_AMBIGUOUS_ORDER,Customer has multiple orders for SKU; match is ambiguous,,None,N,ambiguous,,A3021
TK-253358,1,FLAG_GW_OVER_CAP,GW-OTHER refund Rs 892.00 above stated Rs 500 goodwill threshold (review candidate requiring text/policy validation),892.0,GW-OTHER,N,quoted_valid,VR896349,A3028
TK-253363,1,FLAG_AMBIGUOUS_ORDER,Customer has multiple orders for SKU; match is ambiguous,,None,Y,ambiguous,,A3018
TK-253378,1,FLAG_GW_OVER_CAP,"GW-OTHER refund Rs 2,799.00 above stated Rs 500 goodwill threshold (review candidate requiring text/policy validation)",2799.0,GW-OTHER,N,quoted_valid,VR886174,A3002
TK-253394,1,FLAG_AMBIGUOUS_ORDER,Customer has multiple orders for SKU; match is ambiguous,,None,Y,ambiguous,,A3028
TK-253395,1,FLAG_GW_OVER_CAP,"GW-OTHER refund Rs 2,124.00 above stated Rs 500 goodwill threshold (review candidate requiring text/policy validation)",2124.0,GW-OTHER,N,quoted_valid,VR889345,A3038
TK-253397,1,FLAG_GW_OVER_CAP,"GW-OTHER refund Rs 1,274.00 above stated Rs 500 goodwill threshold (review candidate requiring text/policy validation)",1274.0,GW-OTHER,N,quoted_valid,VR882458,A3037
TK-253223,1,FLAG_HIGH_REFUND_AMOUNT,"High single refund value of Rs 6,999.00",6999.0,CANCEL,N,quoted_valid,VR907093,A3010
TK-240547,1,FLAG_AMBIGUOUS_ORDER,Customer has multiple orders for SKU; match is ambiguous,,None,N,ambiguous,,A3033
TK-253595,1,FLAG_HIGH_REFUND_AMOUNT,"High single refund value of Rs 6,999.00",6999.0,CANCEL,N,quoted_valid,VR899156,A3026
TK-253610,1,FLAG_AMBIGUOUS_ORDER,Customer has multiple orders for SKU; match is ambiguous,,None,N,ambiguous,,A3036
TK-253621,1,FLAG_HIGH_REFUND_AMOUNT,"High single refund value of Rs 6,999.00",6999.0,LOST-TRANSIT,N,quoted_valid,VR899156,A3028
TK-253405,1,FLAG_GW_OVER_CAP,"GW-OTHER refund Rs 2,499.00 above stated Rs 500 goodwill threshold (review candidate requiring text/policy validation)",2499.0,GW-OTHER,N,quoted_valid,VR887118,A3019
TK-253406,1,FLAG_GW_OVER_CAP,"GW-OTHER refund Rs 3,499.00 above stated Rs 500 goodwill threshold (review candidate requiring text/policy validation)",3499.0,GW-OTHER,N,quoted_valid,VR898862,A3010
TK-253419,1,FLAG_GW_OVER_CAP,"GW-OTHER refund Rs 4,499.00 above stated Rs 500 goodwill threshold (review candidate requiring text/policy validation)",4499.0,GW-OTHER,N,quoted_valid,VR881208,A3004
TK-253427,1,FLAG_AMBIGUOUS_ORDER,Customer has multiple orders for SKU; match is ambiguous,,None,N,ambiguous,,A3016
TK-253431,1,FLAG_AMBIGUOUS_ORDER,Customer has multiple orders for SKU; match is ambiguous,,None,N,ambiguous,,A3039
TK-253437,1,FLAG_HIGH_REFUND_AMOUNT,"High single refund value of Rs 5,199.00",5199.0,WTY-BUYBACK,N,fallback_single,VR887510,A3027
TK-253462,1,FLAG_AMBIGUOUS_ORDER,Customer has multiple orders for SKU; match is ambiguous,,None,Y,ambiguous,,A3027
TK-253466,1,FLAG_GW_OVER_CAP,GW-OTHER refund Rs 712.00 above stated Rs 500 goodwill threshold (review candidate requiring text/policy validation),712.0,GW-OTHER,N,fallback_single,VR884008,A3034
TK-253474,1,FLAG_GW_OVER_CAP,"GW-OTHER refund Rs 2,249.00 above stated Rs 500 goodwill threshold (review candidate requiring text/policy validation)",2249.0,GW-OTHER,N,quoted_valid,VR900790,A3038
TK-253487,1,FLAG_AMBIGUOUS_ORDER,Customer has multiple orders for SKU; match is ambiguous,,None,N,ambiguous,,A3018
TK-253498,1,FLAG_GW_OVER_CAP,"GW-OTHER refund Rs 1,529.00 above stated Rs 500 goodwill threshold (review candidate requiring text/policy validation)",1529.0,GW-OTHER,N,quoted_valid,VR893459,A3035
TK-253515,1,FLAG_REFUND_AND_REPLACEMENT,"Both refund Rs 3,499.00 and replacement unit issued",3499.0,WTY-BUYBACK,Y,fallback_single,VR901335,A3014
TK-253520,1,FLAG_AMBIGUOUS_ORDER,Customer has multiple orders for SKU; match is ambiguous,,None,N,ambiguous,,A3027
TK-253666,1,FLAG_HIGH_REFUND_AMOUNT,"High single refund value of Rs 5,399.00",5399.0,RETURN-QC-OK,N,quoted_valid,VR902888,A3036
TK-253667,1,FLAG_AMBIGUOUS_ORDER,Customer has multiple orders for SKU; match is ambiguous,,None,N,ambiguous,,A3030
TK-253668,1,FLAG_GW_OVER_CAP,"GW-OTHER refund Rs 2,974.00 above stated Rs 500 goodwill threshold (review candidate requiring text/policy validation)",2974.0,GW-OTHER,N,quoted_valid,VR892166,A3034
TK-253681,1,FLAG_AMBIGUOUS_ORDER,Customer has multiple orders for SKU; match is ambiguous,,None,N,ambiguous,,A3032
TK-253695,1,FLAG_AMBIGUOUS_ORDER,Customer has multiple orders for SKU; match is ambiguous,,None,N,ambiguous,,A3016
TK-253705,1,FLAG_HIGH_REFUND_AMOUNT,"High single refund value of Rs 6,174.00",6174.0,RETURN-QC-OK,N,quoted_valid,VR901596,A3038
TK-253727,1,FLAG_GW_OVER_CAP,"GW-OTHER refund Rs 1,709.00 above stated Rs 500 goodwill threshold (review candidate requiring text/policy validation)",1709.0,GW-OTHER,N,quoted_valid,VR885553,A3034
TK-253540,1,FLAG_AMBIGUOUS_ORDER,Customer has multiple orders for SKU; match is ambiguous,,None,N,ambiguous,,A3007
TK-253546,1,FLAG_AMBIGUOUS_ORDER,Customer has multiple orders for SKU; match is ambiguous,,None,N,ambiguous,,A3018
TK-253558,1,FLAG_GW_OVER_CAP,"GW-OTHER refund Rs 1,299.00 above stated Rs 500 goodwill threshold (review candidate requiring text/policy validation)",1299.0,GW-OTHER,N,quoted_valid,VR895599,A3036
TK-253559,1,FLAG_GW_OVER_CAP,GW-OTHER refund Rs 552.00 above stated Rs 500 goodwill threshold (review candidate requiring text/policy validation),552.0,GW-OTHER,N,quoted_valid,VR883026,A3036
TK-253561,1,FLAG_GW_OVER_CAP,"GW-OTHER refund Rs 2,124.00 above stated Rs 500 goodwill threshold (review candidate requiring text/policy validation)",2124.0,GW-OTHER,N,quoted_valid,VR894334,A3028
TK-253563,1,FLAG_GW_OVER_CAP,"GW-OTHER refund Rs 1,040.00 above stated Rs 500 goodwill threshold (review candidate requiring text/policy validation)",1040.0,GW-OTHER,N,quoted_valid,VR905875,A3028
TK-253570,1,FLAG_GW_OVER_CAP,GW-OTHER refund Rs 665.00 above stated Rs 500 goodwill threshold (review candidate requiring text/policy validation),665.0,GW-OTHER,N,quoted_valid,VR883280,A3018
TK-253572,1,FLAG_HIGH_REFUND_AMOUNT,"High single refund value of Rs 6,999.00",6999.0,RETURN-QC-OK,N,quoted_valid,VR907093,A3032
TK-253573,1,FLAG_AMBIGUOUS_ORDER,Customer has multiple orders for SKU; match is ambiguous,,None,N,ambiguous,,A3006
TK-253788,1,FLAG_AMBIGUOUS_ORDER,Customer has multiple orders for SKU; match is ambiguous,,None,Y,ambiguous,,A3005
TK-253790,1,FLAG_AMBIGUOUS_ORDER,Customer has multiple orders for SKU; match is ambiguous,,None,N,ambiguous,,A3004
TK-253803,1,FLAG_HIGH_REFUND_AMOUNT,"High single refund value of Rs 6,999.00",6999.0,CANCEL,N,quoted_valid,VR905891,A3021
TK-253804,1,FLAG_GW_OVER_CAP,"GW-OTHER refund Rs 3,324.00 above stated Rs 500 goodwill threshold (review candidate requiring text/policy validation)",3324.0,GW-OTHER,N,quoted_valid,VR901201,A3006
TK-253810,1,FLAG_REFUND_AND_REPLACEMENT,"Both refund Rs 2,499.00 and replacement unit issued",2499.0,DOA-REPL,Y,quoted_valid,VR891747,A3037
TK-253814,1,FLAG_GW_OVER_CAP,"GW-OTHER refund Rs 2,974.00 above stated Rs 500 goodwill threshold (review candidate requiring text/policy validation)",2974.0,GW-OTHER,N,quoted_valid,VR905923,A3009
TK-253817,1,FLAG_AMBIGUOUS_ORDER,Customer has multiple orders for SKU; match is ambiguous,,None,N,ambiguous,,A3026
TK-253819,1,FLAG_GW_OVER_CAP,"GW-OTHER refund Rs 3,499.00 above stated Rs 500 goodwill threshold (review candidate requiring text/policy validation)",3499.0,GW-OTHER,N,fallback_single,VR904392,A3005
TK-253829,1,FLAG_AMBIGUOUS_ORDER,Customer has multiple orders for SKU; match is ambiguous,,None,N,ambiguous,,A3038
TK-253833,1,FLAG_GW_OVER_CAP,GW-OTHER refund Rs 700.00 above stated Rs 500 goodwill threshold (review candidate requiring text/policy validation),700.0,GW-OTHER,N,quoted_valid,VR900043,A3031
TK-253623,1,FLAG_GW_OVER_CAP,"GW-OTHER refund Rs 1,104.00 above stated Rs 500 goodwill threshold (review candidate requiring text/policy validation)",1104.0,GW-OTHER,N,quoted_valid,VR881155,A3036
TK-253632,1,FLAG_GW_OVER_CAP,"GW-OTHER refund Rs 2,499.00 above stated Rs 500 goodwill threshold (review candidate requiring text/policy validation)",2499.0,GW-OTHER,N,quoted_valid,VR908995,A3036
TK-253649,1,FLAG_HIGH_REFUND_AMOUNT,"High single refund value of Rs 5,949.00",5949.0,RETURN-QC-OK,N,fallback_single,VR900997,A3032
TK-253650,1,FLAG_AMBIGUOUS_ORDER,Customer has multiple orders for SKU; match is ambiguous,,None,N,ambiguous,,A3036
TK-253652,1,FLAG_GW_OVER_CAP,"GW-OTHER refund Rs 1,999.00 above stated Rs 500 goodwill threshold (review candidate requiring text/policy validation)",1999.0,GW-OTHER,N,quoted_valid,VR887383,A3009
TK-253662,1,FLAG_AMBIGUOUS_ORDER,Customer has multiple orders for SKU; match is ambiguous,,None,N,ambiguous,,A3030
TK-253870,1,FLAG_AMBIGUOUS_ORDER,Customer has multiple orders for SKU; match is ambiguous,,None,N,ambiguous,,A3030
TK-253889,1,FLAG_AMBIGUOUS_ORDER,Customer has multiple orders for SKU; match is ambiguous,,None,N,ambiguous,,A3006
TK-253890,1,FLAG_GW_OVER_CAP,"GW-OTHER refund Rs 3,149.00 above stated Rs 500 goodwill threshold (review candidate requiring text/policy validation)",3149.0,GW-OTHER,N,fallback_single,VR901668,A3027
TK-253900,1,FLAG_AMBIGUOUS_ORDER,Customer has multiple orders for SKU; match is ambiguous,,None,N,ambiguous,,A3035
TK-253914,1,FLAG_AMBIGUOUS_ORDER,Customer has multiple orders for SKU; match is ambiguous,,None,N,ambiguous,,A3034
TK-253929,1,FLAG_GW_OVER_CAP,"GW-OTHER refund Rs 2,124.00 above stated Rs 500 goodwill threshold (review candidate requiring text/policy validation)",2124.0,GW-OTHER,N,quoted_valid,VR898635,A3018
TK-253940,1,FLAG_AMBIGUOUS_ORDER,Customer has multiple orders for SKU; match is ambiguous,,None,N,ambiguous,,A3030
TK-253941,1,FLAG_GW_OVER_CAP,GW-OTHER refund Rs 900.00 above stated Rs 500 goodwill threshold (review candidate requiring text/policy validation),900.0,GW-OTHER,N,quoted_valid,VR900816,A3030
TK-253952,1,FLAG_AMBIGUOUS_ORDER,Customer has multiple orders for SKU; match is ambiguous,,None,N,ambiguous,,A3017
TK-253953,1,FLAG_AMBIGUOUS_ORDER,Customer has multiple orders for SKU; match is ambiguous,,None,N,ambiguous,,A3030
TK-253739,1,FLAG_GW_OVER_CAP,"GW-OTHER refund Rs 3,499.00 above stated Rs 500 goodwill threshold (review candidate requiring text/policy validation)",3499.0,GW-OTHER,N,quoted_valid,VR880446,A3039
TK-253744,1,FLAG_AMBIGUOUS_ORDER,Customer has multiple orders for SKU; match is ambiguous,,None,N,ambiguous,,A3015
TK-253747,1,FLAG_GW_OVER_CAP,"GW-OTHER refund Rs 2,974.00 above stated Rs 500 goodwill threshold (review candidate requiring text/policy validation)",2974.0,GW-OTHER,N,quoted_valid,VR902472,A3036
TK-253748,1,FLAG_GW_OVER_CAP,"GW-OTHER refund Rs 3,324.00 above stated Rs 500 goodwill threshold (review candidate requiring text/policy validation)",3324.0,GW-OTHER,N,quoted_valid,VR901635,A3035
TK-253750,1,FLAG_AMBIGUOUS_ORDER,Customer has multiple orders for SKU; match is ambiguous,,None,N,ambiguous,,A3012
TK-253767,1,FLAG_GW_OVER_CAP,GW-OTHER refund Rs 900.00 above stated Rs 500 goodwill threshold (review candidate requiring text/policy validation),900.0,GW-OTHER,N,quoted_valid,VR895773,A3033
TK-240353,1,FLAG_HIGH_REFUND_AMOUNT,"High single refund value of Rs 6,174.00",6174.0,CANCEL,N,quoted_valid,VR901128,A3010
TK-240354,1,FLAG_GW_OVER_CAP,"GW-OTHER refund Rs 4,248.00 above stated Rs 500 goodwill threshold (review candidate requiring text/policy validation)",4248.0,GW-OTHER,N,quoted_valid,VR896770,A3019
TK-240360,1,FLAG_HIGH_REFUND_AMOUNT,"High single refund value of Rs 6,649.00",6649.0,CANCEL,N,quoted_valid,VR885685,A3008
TK-240377,1,FLAG_AMBIGUOUS_ORDER,Customer has multiple orders for SKU; match is ambiguous,,None,N,ambiguous,,A3035
TK-240381,1,FLAG_GW_OVER_CAP,"GW-OTHER refund Rs 2,374.00 above stated Rs 500 goodwill threshold (review candidate requiring text/policy validation)",2374.0,GW-OTHER,N,quoted_valid,VR906319,A3035
TK-240416,1,FLAG_GW_OVER_CAP,"GW-OTHER refund Rs 2,660.00 above stated Rs 500 goodwill threshold (review candidate requiring text/policy validation)",2660.0,GW-OTHER,N,quoted_valid,VR894073,A3034
TK-240440,1,FLAG_AMBIGUOUS_ORDER,Customer has multiple orders for SKU; match is ambiguous,,None,N,ambiguous,,A3017
TK-240477,1,FLAG_HIGH_REFUND_AMOUNT,"High single refund value of Rs 13,998.00",13998.0,LOST-TRANSIT,N,fallback_single,VR886031,A3030
TK-240505,1,FLAG_GW_OVER_CAP,"GW-OTHER refund Rs 2,249.00 above stated Rs 500 goodwill threshold (review candidate requiring text/policy validation)",2249.0,GW-OTHER,N,fallback_single,VR884543,A3029
TK-240524,1,FLAG_HIGH_REFUND_AMOUNT,"High single refund value of Rs 6,999.00",6999.0,DUP-PAYMENT,N,fallback_single,VR904614,A3035
TK-240530,1,FLAG_AMBIGUOUS_ORDER,Customer has multiple orders for SKU; match is ambiguous,360.0,GW-OTHER,N,ambiguous,,A3038
TK-240148,1,FLAG_GW_OVER_CAP,"GW-OTHER refund Rs 2,499.00 above stated Rs 500 goodwill threshold (review candidate requiring text/policy validation)",2499.0,GW-OTHER,N,fallback_single,VR885255,A3039
TK-253847,1,FLAG_AMBIGUOUS_ORDER,Customer has multiple orders for SKU; match is ambiguous,,None,N,ambiguous,,A3029
TK-253853,1,FLAG_HIGH_REFUND_AMOUNT,"High single refund value of Rs 6,999.00",6999.0,DOA-REPL,N,fallback_single,VR891667,A3029
TK-253860,1,FLAG_GW_OVER_CAP,"GW-OTHER refund Rs 2,799.00 above stated Rs 500 goodwill threshold (review candidate requiring text/policy validation)",2799.0,GW-OTHER,N,fallback_single,VR885645,A3024
TK-253863,1,FLAG_AMBIGUOUS_ORDER,Customer has multiple orders for SKU; match is ambiguous,,None,N,ambiguous,,A3027
TK-254197,1,FLAG_GW_OVER_CAP,"GW-OTHER refund Rs 3,499.00 above stated Rs 500 goodwill threshold (review candidate requiring text/policy validation)",3499.0,GW-OTHER,N,quoted_valid,VR893107,A3034
TK-254211,1,FLAG_AMBIGUOUS_ORDER,Customer has multiple orders for SKU; match is ambiguous,,None,N,ambiguous,,A3018
TK-254213,1,FLAG_AMBIGUOUS_ORDER,Customer has multiple orders for SKU; match is ambiguous,,None,N,ambiguous,,A3034
TK-254226,1,FLAG_REFUND_AND_REPLACEMENT,"Both refund Rs 3,324.00 and replacement unit issued",3324.0,DOA-REPL,Y,quoted_valid,VR892986,A3013
TK-253966,1,FLAG_GW_OVER_CAP,"GW-OTHER refund Rs 1,299.00 above stated Rs 500 goodwill threshold (review candidate requiring text/policy validation)",1299.0,GW-OTHER,N,quoted_valid,VR908750,A3030
TK-253967,1,FLAG_AMBIGUOUS_ORDER,Customer has multiple orders for SKU; match is ambiguous,,None,N,ambiguous,,A3018
TK-253989,1,FLAG_GW_OVER_CAP,"GW-OTHER refund Rs 3,499.00 above stated Rs 500 goodwill threshold (review candidate requiring text/policy validation)",3499.0,GW-OTHER,N,quoted_valid,VR893047,A3018
TK-254000,1,FLAG_AMBIGUOUS_ORDER,Customer has multiple orders for SKU; match is ambiguous,,None,N,ambiguous,,A3004
TK-254015,1,FLAG_AMBIGUOUS_ORDER,Customer has multiple orders for SKU; match is ambiguous,,None,N,ambiguous,,A3011
TK-254026,1,FLAG_AMBIGUOUS_ORDER,Customer has multiple orders for SKU; match is ambiguous,520.0,DOA-REPL,N,ambiguous,,A3031
TK-254046,1,FLAG_AMBIGUOUS_ORDER,Customer has multiple orders for SKU; match is ambiguous,,None,N,ambiguous,,A3018
TK-254048,1,FLAG_AMBIGUOUS_ORDER,Customer has multiple orders for SKU; match is ambiguous,,None,N,ambiguous,,A3008
TK-254049,1,FLAG_AMBIGUOUS_ORDER,Customer has multiple orders for SKU; match is ambiguous,4999.0,RETURN-QC-OK,N,ambiguous,,A3036
TK-254056,1,FLAG_GW_OVER_CAP,"GW-OTHER refund Rs 1,000.00 above stated Rs 500 goodwill threshold (review candidate requiring text/policy validation)",1000.0,GW-OTHER,N,quoted_valid,VR887232,A3035
TK-254083,1,FLAG_GW_OVER_CAP,"GW-OTHER refund Rs 4,998.00 above stated Rs 500 goodwill threshold (review candidate requiring text/policy validation)",4998.0,GW-OTHER,N,fallback_single,VR896387,A3036
TK-253840,1,FLAG_HIGH_REFUND_AMOUNT,"High single refund value of Rs 5,524.00",5524.0,DOA-REPL,N,fallback_single,VR891349,A3024
TK-254289,1,FLAG_GW_OVER_CAP,"GW-OTHER refund Rs 1,039.00 above stated Rs 500 goodwill threshold (review candidate requiring text/policy validation)",1039.0,GW-OTHER,N,quoted_valid,VR909863,A3028
TK-254296,1,FLAG_GW_OVER_CAP,"GW-OTHER refund Rs 1,299.00 above stated Rs 500 goodwill threshold (review candidate requiring text/policy validation)",1299.0,GW-OTHER,N,fallback_single,VR899332,A3038
TK-254297,1,FLAG_HIGH_REFUND_AMOUNT,"High single refund value of Rs 5,849.00",5849.0,DUP-PAYMENT,N,quoted_valid,VR880244,A3035
TK-254302,1,FLAG_GW_OVER_CAP,"GW-OTHER refund Rs 3,499.00 above stated Rs 500 goodwill threshold (review candidate requiring text/policy validation)",3499.0,GW-OTHER,N,quoted_valid,VR900306,A3035
TK-254305,1,FLAG_AMBIGUOUS_ORDER,Customer has multiple orders for SKU; match is ambiguous,,None,N,ambiguous,,A3019
TK-254316,1,FLAG_AMBIGUOUS_ORDER,Customer has multiple orders for SKU; match is ambiguous,,None,N,ambiguous,,A3035
TK-254317,1,FLAG_GW_OVER_CAP,"GW-OTHER refund Rs 1,799.00 above stated Rs 500 goodwill threshold (review candidate requiring text/policy validation)",1799.0,GW-OTHER,N,quoted_valid,VR892397,A3008
TK-254087,1,FLAG_HIGH_REFUND_AMOUNT,"High single refund value of Rs 6,174.00",6174.0,CANCEL,N,quoted_valid,VR894304,A3001
TK-254090,1,FLAG_HIGH_REFUND_AMOUNT,"High single refund value of Rs 6,999.00",6999.0,DUP-PAYMENT,N,fallback_single,VR891667,A3035
TK-254101,1,FLAG_AMBIGUOUS_ORDER,Customer has multiple orders for SKU; match is ambiguous,,None,N,ambiguous,,A3007
TK-254125,1,FLAG_GW_OVER_CAP,"GW-OTHER refund Rs 3,499.00 above stated Rs 500 goodwill threshold (review candidate requiring text/policy validation)",3499.0,GW-OTHER,N,quoted_valid,VR889056,A3034
TK-254135,1,FLAG_REFUND_AND_REPLACEMENT,"Both refund Rs 2,799.00 and replacement unit issued",2799.0,WTY-BUYBACK,Y,fallback_single,VR885619,A3041
TK-254159,1,FLAG_AMBIGUOUS_ORDER,Customer has multiple orders for SKU; match is ambiguous,,None,N,ambiguous,,A3015
TK-254168,1,FLAG_GW_OVER_CAP,"GW-OTHER refund Rs 1,499.00 above stated Rs 500 goodwill threshold (review candidate requiring text/policy validation)",1499.0,GW-OTHER,N,quoted_valid,VR900496,A3029
TK-254169,1,FLAG_AMBIGUOUS_ORDER,Customer has multiple orders for SKU; match is ambiguous,297.0,CANCEL,N,ambiguous,,A3022
TK-254183,1,FLAG_HIGH_REFUND_AMOUNT,"High single refund value of Rs 6,174.00",6174.0,DOA-REPL,N,quoted_valid,VR885534,A3028
TK-240060,1,FLAG_HIGH_REFUND_AMOUNT,"High single refund value of Rs 5,399.00",5399.0,DUP-PAYMENT,N,quoted_valid,VR902363,A3020
TK-254342,1,FLAG_AMBIGUOUS_ORDER,Customer has multiple orders for SKU; match is ambiguous,,None,N,ambiguous,,A3007
TK-254361,1,FLAG_GW_OVER_CAP,"GW-OTHER refund Rs 2,499.00 above stated Rs 500 goodwill threshold (review candidate requiring text/policy validation)",2499.0,GW-OTHER,N,fallback_single,VR900941,A3036
TK-254364,1,FLAG_GW_OVER_CAP,"GW-OTHER refund Rs 4,999.00 above stated Rs 500 goodwill threshold (review candidate requiring text/policy validation)",4999.0,GW-OTHER,N,quoted_valid,VR883160,A3034
TK-254368,1,FLAG_GW_OVER_CAP,"GW-OTHER refund Rs 1,799.00 above stated Rs 500 goodwill threshold (review candidate requiring text/policy validation)",1799.0,GW-OTHER,N,quoted_valid,VR891238,A3003
TK-254383,1,FLAG_AMBIGUOUS_ORDER,Customer has multiple orders for SKU; match is ambiguous,,None,N,ambiguous,,A3011
TK-254384,1,FLAG_GW_OVER_CAP,"GW-OTHER refund Rs 2,124.00 above stated Rs 500 goodwill threshold (review candidate requiring text/policy validation)",2124.0,GW-OTHER,N,quoted_valid,VR888895,A3030
TK-254396,1,FLAG_AMBIGUOUS_ORDER,Customer has multiple orders for SKU; match is ambiguous,,None,N,ambiguous,,A3014
TK-254410,1,FLAG_GW_OVER_CAP,"GW-OTHER refund Rs 2,499.00 above stated Rs 500 goodwill threshold (review candidate requiring text/policy validation)",2499.0,GW-OTHER,N,quoted_valid,VR899218,A3037
TK-254415,1,FLAG_AMBIGUOUS_ORDER,Customer has multiple orders for SKU; match is ambiguous,,None,N,ambiguous,,A3011
TK-254423,1,FLAG_AMBIGUOUS_ORDER,Customer has multiple orders for SKU; match is ambiguous,,None,N,ambiguous,,A3035
TK-254430,1,FLAG_AMBIGUOUS_ORDER,Customer has multiple orders for SKU; match is ambiguous,,None,N,ambiguous,,A3030
TK-240015,1,FLAG_GW_OVER_CAP,"GW-OTHER refund Rs 1,709.00 above stated Rs 500 goodwill threshold (review candidate requiring text/policy validation)",1709.0,GW-OTHER,N,quoted_valid,VR895522,A3037
TK-254239,1,FLAG_AMBIGUOUS_ORDER,Customer has multiple orders for SKU; match is ambiguous,,None,N,ambiguous,,A3036
TK-240192,1,FLAG_AMBIGUOUS_ORDER,Customer has multiple orders for SKU; match is ambiguous,,None,N,ambiguous,,A3018
TK-240206,1,FLAG_AMBIGUOUS_ORDER,Customer has multiple orders for SKU; match is ambiguous,,None,Y,ambiguous,,A3031
TK-254495,1,FLAG_GW_OVER_CAP,"GW-OTHER refund Rs 1,169.00 above stated Rs 500 goodwill threshold (review candidate requiring text/policy validation)",1169.0,GW-OTHER,N,quoted_valid,VR896324,A3001
TK-254499,1,FLAG_GW_OVER_CAP,"GW-OTHER refund Rs 1,000.00 above stated Rs 500 goodwill threshold (review candidate requiring text/policy validation)",1000.0,GW-OTHER,N,quoted_valid,VR901408,A3016
TK-254501,1,FLAG_AMBIGUOUS_ORDER,Customer has multiple orders for SKU; match is ambiguous,,None,N,ambiguous,,A3035
TK-254508,1,FLAG_AMBIGUOUS_ORDER,Customer has multiple orders for SKU; match is ambiguous,,None,N,ambiguous,,A3032
TK-254511,1,FLAG_GW_OVER_CAP,"GW-OTHER refund Rs 2,499.00 above stated Rs 500 goodwill threshold (review candidate requiring text/policy validation)",2499.0,GW-OTHER,N,fallback_single,VR902030,A3037
TK-254512,1,FLAG_AMBIGUOUS_ORDER,Customer has multiple orders for SKU; match is ambiguous,,None,N,ambiguous,,A3037
TK-254518,1,FLAG_AMBIGUOUS_ORDER,Customer has multiple orders for SKU; match is ambiguous,,None,N,ambiguous,,A3007
TK-240003,1,FLAG_GW_OVER_CAP,GW-OTHER refund Rs 900.00 above stated Rs 500 goodwill threshold (review candidate requiring text/policy validation),900.0,GW-OTHER,N,quoted_valid,VR886967,A3040
TK-254338,1,FLAG_HIGH_REFUND_AMOUNT,"High single refund value of Rs 6,999.00",6999.0,RETURN-QC-OK,N,quoted_valid,VR908361,A3033
TK-240021,1,FLAG_AMBIGUOUS_ORDER,Customer has multiple orders for SKU; match is ambiguous,,None,Y,ambiguous,,A3014
TK-240026,1,FLAG_GW_OVER_CAP,"GW-OTHER refund Rs 3,999.00 above stated Rs 500 goodwill threshold (review candidate requiring text/policy validation)",3999.0,GW-OTHER,N,quoted_valid,VR904622,A3032
TK-240028,1,FLAG_GW_OVER_CAP,"GW-OTHER refund Rs 2,499.00 above stated Rs 500 goodwill threshold (review candidate requiring text/policy validation)",2499.0,GW-OTHER,N,quoted_valid,VR888855,A3037
TK-240031,1,FLAG_HIGH_REFUND_AMOUNT,"High single refund value of Rs 6,999.00",6999.0,DUP-PAYMENT,N,fallback_single,VR908646,A3033
TK-240048,1,FLAG_AMBIGUOUS_ORDER,Customer has multiple orders for SKU; match is ambiguous,,None,N,ambiguous,,A3035
TK-240050,1,FLAG_REFUND_AND_REPLACEMENT,"Both refund Rs 1,799.00 and replacement unit issued",1799.0,DOA-REPL,Y,quoted_valid,VR890106,A3031
TK-240056,1,FLAG_AMBIGUOUS_ORDER,Customer has multiple orders for SKU; match is ambiguous,,None,N,ambiguous,,A3013
